"Cs2","cutoff.step","Power.min","SR.min","Method","Sample.Size","Power","GP","SR","GSR","CSP","NA","Sample.Size","Power","GP","SR","GSR","CSP","NA","Sample.Size","Power","GP","SR","GSR","CSP","NA","Sample.Size","Power","GP","SR","GSR","CSP"
0.95,1,0.8,0.6,"BOP2-OC",128.74,8.89,8.89,4.86,4.86,91.02, ,98.6,8.89,8.89,5.17,5.17,90.72, ,119.94,9.6,9.6,4.78,4.78,91.02, ,94.21,9.83,9.83,5.12,5.12,90.72
0.95,1,0.8,0.6,"Dunnett",137,10.17,10.17,5.11,5.11,100, ,105,10.1,10.1,5.06,5.06,100, ,130,10.03,10.03,5.02,5.02,100, ,102,10,10,5.03,5.03,100
0.95,1,0.8,0.6,"BOP2-OC",127.92,8.37,8.37,4.35,4.35,90.12, ,98.38,8.23,8.23,4.31,4.31,90.4, ,118.94,9.29,9.29,4.35,4.35,90.12, ,93.94,8.84,8.84,4.32,4.32,90.4
0.95,1,0.8,0.6,"Dunnett",137,10.17,10.17,5.11,5.11,100, ,105,10.1,10.1,5.06,5.06,100, ,130,10.03,10.03,5.02,5.02,100, ,102,10,10,5.03,5.03,100
0.95,1,0.8,0.6,"BOP2-OC",127.93,8.21,5.38,4.33,2.84,60.46, ,97.79,8.38,5.3,4.48,2.81,60.7, ,118.96,9,5.96,4.3,2.92,60.46, ,93.22,9.32,5.96,4.78,3.12,60.7
0.95,1,0.8,0.6,"Dunnett",137,10.17,5.3,5.11,2.65,56.38, ,105,10.1,5.06,5.06,2.54,56.28, ,130,10.03,5.18,5.02,2.56,56.28, ,102,10,5.07,5.03,2.51,56.71
0.95,1,0.8,0.6,"BOP2-OC",90.63,2.36, ,2.32, ,0, ,69.98,2.48, ,2.42, ,0, ,73.55,2.44, ,2.37, ,0, ,59.37,2.46, ,2.39, ,0
0.95,1,0.8,0.6,"Dunnett",137,7.14,0,6.92,0,0, ,105,7.39,0,7.07,0,0, ,130,7.58,0,7.36,0,0, ,102,7.13,0,6.83,0,0
0.95,1,0.8,0.6,"BOP2-OC",136.99,91.27,91.27,77.77,77.77,99.99, ,104.99,91.35,91.35,79.29,79.28,99.98, ,129.99,89.33,89.33,79.16,79.16,99.99, ,101.98,89.59,89.58,78.55,78.55,99.98
0.95,1,0.8,0.6,"Dunnett",137,88.78,88.78,77.15,77.15,100, ,105,87.15,87.15,75.32,75.32,100, ,130,88.88,88.88,76.53,76.53,100, ,102,85.32,85.32,70.69,70.69,100
0.95,1,0.8,0.6,"BOP2-OC",136.94,89,88.99,73.94,73.94,99.93, ,104.95,88.96,88.96,75.04,75.04,99.93, ,129.92,87.52,87.52,76.18,76.18,99.93, ,101.94,87.42,87.42,75.04,75.04,99.93
0.95,1,0.8,0.6,"Dunnett",137,88.78,88.78,77.15,77.15,100, ,105,87.15,87.15,75.32,75.32,100, ,130,88.88,88.88,76.53,76.53,100, ,102,85.32,85.32,70.69,70.69,100
0.95,1,0.8,0.6,"BOP2-OC",135.46,75.2,75.04,57.08,57.07,85.95, ,103.88,75.09,74.89,51.66,51.66,85.74, ,128.13,74.22,74.01,59.8,59.8,85.95, ,100.63,73.88,73.69,52.61,52.61,85.74
0.95,1,0.8,0.6,"Dunnett",137,79.78,79.77,60.14,60.14,99.89, ,105,79.46,79.45,49.26,49.26,99.89, ,130,77.25,77.25,55.44,55.44,99.92, ,102,78.11,78.11,50.45,50.45,99.84
0.95,1,0.8,0.6,"BOP2-OC",136.71,80.6,72.36,66.25,63.29,76.64, ,104.76,80.51,72.51,61.08,59.09,76.8, ,129.65,79.64,71.62,67.92,64.85,76.64, ,101.71,79.69,71.83,61.89,59.91,76.8
0.95,1,0.8,0.6,"Dunnett",137,86.46,83.96,72.91,71.52,95.88, ,105,85.06,82.52,63.02,61.89,95.6, ,130,86.42,83.58,71.2,69.58,95.53, ,102,83.29,80.66,58.01,57.02,95.31
0.95,1,0.8,0.6,"BOP2-OC",136.75,87.48,71.52,72.08,58.56,81.7, ,104.81,87.69,71.82,73.41,59.8,81.96, ,129.7,85.95,70.16,74.17,60.34,81.7, ,101.77,86.53,70.91,73.46,60.06,81.96
0.95,1,0.8,0.6,"Dunnett",137,88.78,48.54,77.15,41.79,55.31, ,105,87.15,48.08,75.32,41.1,55.58, ,130,88.88,48.82,76.53,41.5,55.61, ,102,85.32,47.48,70.69,38.97,56.15
0.95,1,0.8,0.6,"BOP2-OC",136.75,87.42,71.31,64.56,52.12,81.72, ,104.81,87.54,71.78,61.57,50,81.94, ,129.7,86.26,70.56,68.08,55.23,81.72, ,101.76,86.28,70.75,62.78,51.16,81.94
0.95,1,0.8,0.6,"Dunnett",137,88.78,48.54,71.23,38.26,55.31, ,105,87.15,48.08,65.49,35.35,55.58, ,130,88.88,48.82,69.84,37.63,55.61, ,102,85.32,47.48,59.46,32.58,56.15
0.95,1,0.8,0.6,"BOP2-OC",136.93,89.3,69.48,75.23,56.94,79.18, ,104.94,89.24,69.31,76.08,57.69,79.09, ,129.91,88.13,68.41,77.37,58.87,79.18, ,101.93,88.09,68.32,76.2,57.76,79.09
0.95,1,0.8,0.6,"Dunnett",137,92.51,36.84,84.52,32.81,40.63, ,105,91.35,36.99,82.47,32.79,41.33, ,130,92.62,37.48,83.62,32.99,41.3, ,102,89.98,36.91,78.31,31.24,42.03
0.95,1,0.8,0.6,"BOP2-OC",134.86,82.92,65.62,69.12,53.39,75.31, ,103.43,83.3,66.46,70.31,55.07,76.2, ,127.39,80.88,64.66,70.7,55.6,75.31, ,100.08,81.2,65.55,69.72,55.34,76.2
0.95,1,0.8,0.6,"Dunnett",137,92.51,36.84,84.52,32.81,40.63, ,105,91.35,36.99,82.47,32.79,41.33, ,130,92.62,37.48,83.62,32.99,41.3, ,102,89.98,36.91,78.31,31.24,42.03
0.9,2,0.8,0.6,"BOP2-OC",117.66,9.54,9.54,5.15,5.15,65.83, ,87.46,9.5,9.5,5.1,5.1,63.52, ,101.18,9.47,9.47,4.8,4.8,73.18, ,82.37,9.4,9.39,4.7,4.7,72.5
0.9,2,0.8,0.6,"Dunnett",145,10.21,10.21,5.14,5.14,100, ,117,10.05,10.05,5.07,5.07,100, ,128,10.05,10.05,5.06,5.06,100, ,103,10.09,10.09,5.04,5.04,100
0.9,2,0.8,0.6,"BOP2-OC",115.86,8.82,8.82,4.6,4.6,63.58, ,83.24,8.46,8.46,4.36,4.37,58.33, ,98,8.77,8.77,4.32,4.32,70, ,80.31,8.3,8.3,4.06,4.06,69.75
0.9,2,0.8,0.6,"Dunnett",145,10.21,10.21,5.14,5.14,100, ,117,10.05,10.05,5.07,5.07,100, ,128,10.05,10.05,5.06,5.06,100, ,103,10.09,10.09,5.04,5.04,100
0.9,2,0.8,0.6,"BOP2-OC",115.84,8.7,5.34,4.52,2.73,39.23, ,83.47,8.82,5.5,4.5,2.74,36.83, ,97.12,8.62,5.53,4.31,2.78,44.56, ,79.79,9.11,5.69,4.4,2.78,44.68
0.9,2,0.8,0.6,"Dunnett",145,10.21,5.39,5.14,2.7,56.24, ,117,10.05,5.24,5.07,2.53,56.18, ,128,10.05,5.14,5.06,2.6,56.59, ,103,10.09,4.74,5.04,2.4,46.63
0.9,2,0.8,0.6,"BOP2-OC",77.12,1.39, ,1.38, ,0, ,46.04,1.14, ,1.12, ,0, ,42.43,1.14, ,1.1, ,0, ,38.6,0.95, ,0.9, ,0
0.9,2,0.8,0.6,"Dunnett",145,7.76,0,7.58,0,0, ,117,7.61,0,7.31,0,0, ,128,7.1,0,6.87,0,0, ,103,7.54,0,7.21,0,0
0.9,2,0.8,0.6,"BOP2-OC",144.97,92.66,92.67,80.84,80.84,99.96, ,116.75,93.96,93.96,78.36,78.36,99.69, ,127.99,90.52,90.52,80.16,80.16,99.99, ,102.98,90.71,90.71,78.28,78.28,99.98
0.9,2,0.8,0.6,"Dunnett",145,90.53,90.53,79.86,79.86,100, ,117,91.26,91.26,75.07,75.07,100, ,128,85.13,85.13,70.89,70.89,100, ,103,87.11,87.11,73.72,73.72,100
0.9,2,0.8,0.6,"BOP2-OC",144.8,90.79,90.79,76.49,76.49,99.74, ,115.56,91.16,91.16,73.86,73.86,98.22, ,127.59,88.4,88.4,76.24,76.24,99.59, ,102.78,88.09,88.09,73.56,73.56,99.7
0.9,2,0.8,0.6,"Dunnett",145,90.53,90.53,79.86,79.86,100, ,117,91.26,91.26,75.07,75.07,100, ,128,85.13,85.13,70.89,70.89,100, ,103,87.11,87.11,73.72,73.72,100
0.9,2,0.8,0.6,"BOP2-OC",141.35,80.53,80.39,61.52,61.52,90.98, ,107.43,75.28,75.06,47.12,47.1,81.92, ,123.16,78.5,78.33,62.34,62.34,90.33, ,99.42,78.44,78.27,53.59,53.58,90.46
0.9,2,0.8,0.6,"Dunnett",145,82.1,82.1,60.52,60.52,99.96, ,117,82.02,82,50.92,50.92,99.95, ,128,77.77,77.77,57.6,57.6,99.91, ,103,78.6,78.6,50.38,50.38,99.91
0.9,2,0.8,0.6,"BOP2-OC",144.06,84.45,77.39,70.23,67.85,81.41, ,113.32,80.77,72.12,57.14,55.57,74.49, ,126.68,82.93,76.1,71.03,68.42,81.28, ,102.11,82.91,75.89,62.62,60.92,81.06
0.9,2,0.8,0.6,"Dunnett",145,89.78,87.63,75.92,74.68,96.62, ,117,89.42,87.16,61.66,60.81,96.57, ,128,82.75,79.92,67.36,65.88,95.06, ,103,83.75,81.55,58.18,57.21,96.67
0.9,2,0.8,0.6,"BOP2-OC",144.3,88.25,76,73.09,62.45,85.71, ,113.99,88.48,72.84,70.88,58.17,79.15, ,126.97,86.32,75.37,73.06,63.52,86.5, ,102.35,86.25,75.31,71.02,61.78,86.7
0.9,2,0.8,0.6,"Dunnett",145,90.53,49.3,79.86,42.82,54.75, ,117,91.26,49.8,75.07,40.66,55.1, ,128,85.13,46.86,70.89,38.55,55.89, ,103,87.11,45.35,73.72,39.26,50.72
0.9,2,0.8,0.6,"BOP2-OC",144.3,88.49,76.2,65.73,56.2,85.69, ,113.98,88.71,73.02,57.62,46.83,79.13, ,126.97,86.48,75.48,66.83,57.81,86.51, ,102.33,86.41,75.59,60.09,52.24,86.75
0.9,2,0.8,0.6,"Dunnett",145,90.53,49.3,73.4,39.16,54.75, ,117,91.26,49.8,62.31,33.52,55.1, ,128,85.13,46.86,64.52,34.82,55.89, ,103,87.11,45.35,62.94,33.86,50.72
0.9,2,0.8,0.6,"BOP2-OC",144.7,90.18,73.94,76.17,61.05,82.86, ,115.66,91.7,71.47,75.18,56.86,77.44, ,127.72,88.35,73,76.3,61.79,83.6, ,102.79,88.1,73.44,74.04,60.47,84.25
0.9,2,0.8,0.6,"Dunnett",145,93.46,36.86,86.11,33.05,40.06, ,117,94.52,37.14,82.78,31.67,39.85, ,128,89.66,36.18,79.3,30.91,41.54, ,103,91.18,33.92,80.66,30.41,36.74
0.9,2,0.8,0.6,"BOP2-OC",140.29,82.04,68.88,68.41,56.4,78.23, ,105.86,76.33,63.39,61.48,50.02,69.07, ,119.7,77.66,66.95,66.36,56.51,77.36, ,96.98,77.34,67.12,63.64,54.36,78.06
0.9,2,0.8,0.6,"Dunnett",145,93.46,36.86,86.11,33.05,40.06, ,117,94.52,37.14,82.78,31.67,39.85, ,128,89.66,36.18,79.3,30.91,41.54, ,103,91.18,33.92,80.66,30.41,36.74
0.8,1,0.8,0.6,"BOP2-OC",125.01,9.89,9.89,4.71,4.71,79.56, ,98.65,9.44,9.43,5.17,5.17,84.42, ,101.18,9.46,9.46,4.8,4.8,73.18, ,82.37,9.37,9.37,4.7,4.7,72.5
0.8,1,0.8,0.6,"Dunnett",143,10.2,10.2,5.16,5.16,100, ,108,10.01,10.01,5.01,5.01,100, ,128,10.05,10.05,5.06,5.06,100, ,103,10.09,10.09,5.04,5.04,100
0.8,1,0.8,0.6,"BOP2-OC",122.05,9.09,9.09,4.29,4.29,76.19, ,98.22,8.46,8.46,4.55,4.55,83.7, ,98,8.76,8.76,4.32,4.32,70, ,80.31,8.29,8.29,4.06,4.06,69.75
0.8,1,0.8,0.6,"Dunnett",143,10.2,10.2,5.16,5.16,100, ,108,10.01,10.01,5.01,5.01,100, ,128,10.05,10.05,5.06,5.06,100, ,103,10.09,10.09,5.04,5.04,100
0.8,1,0.8,0.6,"BOP2-OC",121.41,8.42,5.54,3.98,2.6,49.49, ,97.83,8.03,5.42,4.35,2.9,55.46, ,97.12,8.6,5.5,4.31,2.78,44.56, ,79.79,9.08,5.68,4.4,2.78,44.68
0.8,1,0.8,0.6,"Dunnett",143,10.2,5.32,5.16,2.72,56.49, ,108,10.01,5.09,5.01,2.51,56.12, ,128,10.05,5.14,5.06,2.6,56.59, ,103,10.09,4.74,5.04,2.4,46.63
0.8,1,0.8,0.6,"BOP2-OC",73.42,0.99, ,0.99, ,0, ,67.47,1.38, ,1.33, ,0, ,42.43,0.95, ,0.92, ,0, ,38.6,0.75, ,0.7, ,0
0.8,1,0.8,0.6,"Dunnett",143,7.46,0,7.2,0,0, ,108,7.9,0,7.58,0,0, ,128,7.1,0,6.87,0,0, ,103,7.54,0,7.21,0,0
0.8,1,0.8,0.6,"BOP2-OC",142.98,92.47,92.48,80.16,80.17,99.98, ,107.99,92.02,92.02,80.55,80.55,99.98, ,127.99,90.52,90.52,80.16,80.16,99.99, ,102.98,90.71,90.71,78.28,78.28,99.98
0.8,1,0.8,0.6,"Dunnett",143,90.14,90.14,77.81,77.81,100, ,108,90.42,90.42,78.73,78.73,100, ,128,85.13,85.13,70.89,70.89,100, ,103,87.11,87.11,73.72,73.72,100
0.8,1,0.8,0.6,"BOP2-OC",142.58,89.66,89.66,75.24,75.24,99.52, ,107.94,89.03,89.03,75.5,75.5,99.89, ,127.59,88.4,88.4,76.23,76.23,99.59, ,102.78,88.09,88.09,73.56,73.56,99.7
0.8,1,0.8,0.6,"Dunnett",143,90.14,90.14,77.81,77.81,100, ,108,90.42,90.42,78.73,78.73,100, ,128,85.13,85.13,70.89,70.89,100, ,103,87.11,87.11,73.72,73.72,100
0.8,1,0.8,0.6,"BOP2-OC",138.78,77.29,77.09,59.05,59.05,87.38, ,106.83,78.06,77.92,53.89,53.88,89.86, ,123.16,78.48,78.32,62.34,62.34,90.33, ,99.42,78.42,78.25,53.57,53.57,90.46
0.8,1,0.8,0.6,"Dunnett",143,81.68,81.68,62.72,62.72,99.94, ,108,79.32,79.31,50.37,50.37,99.92, ,128,77.77,77.77,57.6,57.6,99.91, ,103,78.6,78.6,50.38,50.38,99.91
0.8,1,0.8,0.6,"BOP2-OC",141.74,81.74,73.62,67.53,64.56,77.68, ,107.79,82.14,74.83,62.42,60.41,79.35, ,126.68,82.9,76.08,71,68.4,81.28, ,102.11,82.9,75.89,62.61,60.92,81.06
0.8,1,0.8,0.6,"Dunnett",143,87.72,85.47,73.75,72.53,96.21, ,108,88.09,85.52,66.12,64.98,95.96, ,128,82.75,79.92,67.36,65.88,95.06, ,103,83.75,81.55,58.18,57.21,96.67
0.8,1,0.8,0.6,"BOP2-OC",141.97,86.61,74.28,71.62,61.05,83.96, ,107.83,86.61,74.61,72.25,61.86,85.54, ,126.97,86.02,75.37,72.8,63.52,86.5, ,102.35,85.98,75.31,70.79,61.78,86.7
0.8,1,0.8,0.6,"Dunnett",143,90.14,49.24,77.81,41.84,55, ,108,90.42,49.86,78.73,43.1,55.43, ,128,85.13,46.86,70.89,38.55,55.89, ,103,87.11,45.35,73.72,39.26,50.72
0.8,1,0.8,0.6,"BOP2-OC",141.97,86.82,74.54,64.12,54.54,83.97, ,107.83,86.71,74.66,61.24,52.3,85.55, ,126.97,86.17,75.48,66.57,57.81,86.51, ,102.33,86.14,75.59,59.89,52.24,86.75
0.8,1,0.8,0.6,"Dunnett",143,90.14,49.24,71.4,38.21,55, ,108,90.42,49.86,68.41,37.16,55.43, ,128,85.13,46.86,64.52,34.82,55.89, ,103,87.11,45.35,62.94,33.86,50.72
0.8,1,0.8,0.6,"BOP2-OC",142.63,89.74,72.62,75.74,59.87,81.47, ,107.93,88.62,72.14,76.11,60.7,82.49, ,127.72,88.25,73,76.2,61.79,83.6, ,102.79,88.03,73.44,73.98,60.47,84.25
0.8,1,0.8,0.6,"Dunnett",143,93.34,37,84.66,32.68,40.34, ,108,93.64,37.89,85.28,33.84,41.05, ,128,89.66,36.18,79.3,30.91,41.54, ,103,91.18,33.92,80.66,30.41,36.74
0.8,1,0.8,0.6,"BOP2-OC",136.18,75.66,66.45,62.51,54.11,75.7, ,106.3,79.4,68.45,66.86,56.85,79.17, ,119.7,75.87,66.79,64.71,56.38,77.36, ,96.98,75.61,66.97,62.06,54.24,78.06
0.8,1,0.8,0.6,"Dunnett",143,93.34,37,84.66,32.68,40.34, ,108,93.64,37.89,85.28,33.84,41.05, ,128,89.66,36.18,79.3,30.91,41.54, ,103,91.18,33.92,80.66,30.41,36.74
0.8,2,0.8,0.6,"BOP2-OC",111.22,9.96,9.96,5.14,5.14,58.2, ,89.73,9.86,9.86,5.12,5.12,57.96, ,82.6,9.8,9.8,5.04,5.04,48.55, ,70.95,9.95,9.95,4.98,4.98,57.96
0.8,2,0.8,0.6,"Dunnett",148,10.1,10.1,5.07,5.07,100, ,120,10.11,10.11,5.06,5.06,100, ,132,10.01,10.01,5.03,5.03,100, ,105,10.1,10.1,5.06,5.06,100
0.8,2,0.8,0.6,"BOP2-OC",107,8.59,8.59,4.28,4.29,53.41, ,86.53,8.48,8.48,4.08,4.08,53.51, ,79.08,8.81,8.81,4.2,4.2,44.88, ,67.34,8.77,8.77,4.31,4.31,53.51
0.8,2,0.8,0.6,"Dunnett",148,10.1,10.1,5.07,5.07,100, ,120,10.11,10.11,5.06,5.06,100, ,132,10.01,10.01,5.03,5.03,100, ,105,10.1,10.1,5.06,5.06,100
0.8,2,0.8,0.6,"BOP2-OC",106.71,8.48,5.3,4.28,2.68,33.42, ,86.21,8.28,5.19,4.27,2.63,33.54, ,78.27,8.72,5.4,4.21,2.66,27.1, ,66.99,8.71,5.48,4.23,2.57,33.54
0.8,2,0.8,0.6,"Dunnett",148,10.1,5.24,5.07,2.67,56.36, ,120,10.11,5.12,5.06,2.46,55.95, ,132,10.01,5.28,5.03,2.62,56.26, ,105,10.1,5.06,5.06,2.54,56.28
0.8,2,0.8,0.6,"BOP2-OC",67.37,0.8, ,0.8, ,0, ,53.8,0.78, ,0.74, ,0, ,40.31,0.58, ,0.57, ,0, ,30.53,0.74, ,0.7, ,0
0.8,2,0.8,0.6,"Dunnett",148,7.45,0,7.28,0,0, ,120,7.4,0,7.08,0,0, ,132,7,0,6.8,0,0, ,105,7.39,0,7.07,0,0
0.8,2,0.8,0.6,"BOP2-OC",147.91,93.28,93.28,81.46,81.46,99.9, ,119.9,94.69,94.69,79.82,79.82,99.86, ,131.97,92.25,92.25,82.9,82.9,99.97, ,104.88,92.44,92.44,78.54,78.55,99.86
0.8,2,0.8,0.6,"Dunnett",148,91.33,91.33,78.81,78.81,100, ,120,89.09,89.09,74.78,74.78,100, ,132,86.94,86.94,75.96,75.96,100, ,105,87.15,87.15,75.32,75.32,100
0.8,2,0.8,0.6,"BOP2-OC",146.92,90.37,90.37,76.45,76.45,98.77, ,119.08,91.81,91.81,74.74,74.74,98.72, ,131.55,89.74,89.73,78.25,78.25,99.53, ,103.97,89.55,89.55,74.11,74.11,98.72
0.8,2,0.8,0.6,"Dunnett",148,91.33,91.33,78.81,78.81,100, ,120,89.09,89.09,74.78,74.78,100, ,132,86.94,86.94,75.96,75.96,100, ,105,87.15,87.15,75.32,75.32,100
0.8,2,0.8,0.6,"BOP2-OC",139.3,77.85,77.67,60.04,60.03,86.18, ,112.99,79.44,79.29,50.19,50.19,86.4, ,125.7,80.79,80.69,65.29,65.28,91.84, ,97.11,77.33,77.17,51.06,51.05,86.4
0.8,2,0.8,0.6,"Dunnett",148,81.88,81.88,63.3,63.3,99.98, ,120,83.25,83.25,51.65,51.65,99.94, ,132,79.04,79.04,59.25,59.25,99.87, ,105,79.46,79.45,49.26,49.26,99.89
0.8,2,0.8,0.6,"BOP2-OC",144.81,82.5,74.52,68.43,65.56,78.03, ,117.38,83.28,74.96,59.5,58.06,77.55, ,129.75,85.44,79.39,74.22,71.89,84.03, ,102.05,81.97,73.78,59.94,58.26,77.55
0.8,2,0.8,0.6,"Dunnett",148,89.22,87.05,74.54,73.43,96.58, ,120,88.56,86.47,62.29,61.47,96.77, ,132,84.67,82.03,71.98,70.47,95.43, ,105,85.06,82.52,63.02,61.89,95.6
0.8,2,0.8,0.6,"BOP2-OC",145.61,87.37,75.13,72.97,62.39,83.55, ,118.07,89.17,76.84,71.09,60.88,83.6, ,130.7,87.38,78.89,74.92,67.43,88.9, ,102.83,86.89,75,70.66,60.62,83.6
0.8,2,0.8,0.6,"Dunnett",148,91.33,49.61,78.81,42.39,54.92, ,120,89.09,48.94,74.78,40.65,55.42, ,132,86.94,47.58,75.96,41.08,55.44, ,105,87.15,48.08,75.32,41.1,55.58
0.8,2,0.8,0.6,"BOP2-OC",145.61,87.32,75.16,65.58,56.14,83.52, ,118.07,88.94,76.69,57.44,49.34,83.62, ,130.7,87.25,78.63,68.64,61.57,88.9, ,102.83,86.83,74.92,58.53,50.25,83.62
0.8,2,0.8,0.6,"Dunnett",148,91.33,49.61,71.54,38.36,54.92, ,120,89.09,48.94,62.78,34.01,55.42, ,132,86.94,47.58,70.45,37.72,55.44, ,105,87.15,48.08,65.49,35.35,55.58
0.8,2,0.8,0.6,"BOP2-OC",146.92,90.25,73.52,76.98,61.37,81.38, ,119.16,92.25,75.2,75.68,60.1,81.28, ,131.55,89.35,76.57,78.09,65.88,86.19, ,104.06,90.03,73.25,74.86,59.51,81.28
0.8,2,0.8,0.6,"Dunnett",148,94.48,36.86,85.95,32.63,39.75, ,120,93.05,36.05,82.95,31.32,39.48, ,132,91.26,36.9,83.1,32.8,41.42, ,105,91.35,36.99,82.47,32.79,41.33
0.8,2,0.8,0.6,"BOP2-OC",135.73,74.24,64.74,61.87,53.16,72.19, ,110.49,76.53,66.53,61.66,52.69,72.66, ,120.05,75.2,69.1,64,58.35,78.23, ,94.3,73.74,64.72,60.22,52.11,72.66
0.8,2,0.8,0.6,"Dunnett",148,94.48,36.86,85.95,32.63,39.75, ,120,93.05,36.05,82.95,31.32,39.48, ,132,91.26,36.9,83.1,32.8,41.42, ,105,91.35,36.99,82.47,32.79,41.33
0.85,2,0.8,0.6,"BOP2-OC",117.66,9.54,9.54,5.15,5.15,65.83, ,89.73,9.92,9.92,5.12,5.12,57.96, ,74.81,9.72,9.72,5.15,5.15,45.01, ,70.95,9.95,9.95,4.98,4.98,57.96
0.85,2,0.8,0.6,"Dunnett",145,10.21,10.21,5.14,5.14,100, ,120,10.11,10.11,5.06,5.06,100, ,132,10.01,10.01,5.03,5.03,100, ,105,10.1,10.1,5.06,5.06,100
0.85,2,0.8,0.6,"BOP2-OC",115.86,8.82,8.82,4.6,4.6,63.58, ,86.53,8.53,8.53,4.08,4.08,53.51, ,67.05,7.99,7.99,4.1,4.1,37.55, ,67.34,8.77,8.77,4.31,4.31,53.51
0.85,2,0.8,0.6,"Dunnett",145,10.21,10.21,5.14,5.14,100, ,120,10.11,10.11,5.06,5.06,100, ,132,10.01,10.01,5.03,5.03,100, ,105,10.1,10.1,5.06,5.06,100
0.85,2,0.8,0.6,"BOP2-OC",115.84,8.69,5.34,4.52,2.73,39.23, ,86.21,8.3,5.2,4.27,2.63,33.54, ,67.37,7.96,5.32,3.9,2.64,24.66, ,66.99,8.71,5.48,4.23,2.57,33.54
0.85,2,0.8,0.6,"Dunnett",145,10.21,5.39,5.14,2.7,56.24, ,120,10.11,5.12,5.06,2.46,55.95, ,132,10.01,5.28,5.03,2.62,56.26, ,105,10.1,5.06,5.06,2.54,56.28
0.85,2,0.8,0.6,"BOP2-OC",77.12,1.19, ,1.18, ,0, ,53.8,0.79, ,0.75, ,0, ,30.85,0.43, ,0.43, ,0, ,30.53,0.74, ,0.7, ,0
0.85,2,0.8,0.6,"Dunnett",145,7.76,0,7.58,0,0, ,120,7.4,0,7.08,0,0, ,132,7,0,6.8,0,0, ,105,7.39,0,7.07,0,0
0.85,2,0.8,0.6,"BOP2-OC",144.97,92.66,92.67,80.84,80.84,99.96, ,119.9,94.69,94.69,79.82,79.82,99.86, ,131.83,93.22,93.22,81.71,81.7,99.84, ,104.88,92.44,92.44,78.54,78.55,99.86
0.85,2,0.8,0.6,"Dunnett",145,90.53,90.53,79.86,79.86,100, ,120,89.09,89.09,74.78,74.78,100, ,132,86.94,86.94,75.96,75.96,100, ,105,87.15,87.15,75.32,75.32,100
0.85,2,0.8,0.6,"BOP2-OC",144.8,90.79,90.79,76.48,76.48,99.74, ,119.08,91.81,91.81,74.74,74.74,98.72, ,128.72,89.32,89.32,75.83,75.83,96.84, ,103.97,89.55,89.55,74.11,74.11,98.72
0.85,2,0.8,0.6,"Dunnett",145,90.53,90.53,79.86,79.86,100, ,120,89.09,89.09,74.78,74.78,100, ,132,86.94,86.94,75.96,75.96,100, ,105,87.15,87.15,75.32,75.32,100
0.85,2,0.8,0.6,"BOP2-OC",141.35,80.52,80.38,61.51,61.51,90.98, ,112.99,79.45,79.29,50.19,50.19,86.4, ,114.76,74.02,73.86,57.91,57.9,81.29, ,97.11,77.33,77.17,51.06,51.05,86.4
0.85,2,0.8,0.6,"Dunnett",145,82.1,82.1,60.52,60.52,99.96, ,120,83.25,83.25,51.65,51.65,99.94, ,132,79.04,79.04,59.25,59.25,99.87, ,105,79.46,79.45,49.26,49.26,99.89
0.85,2,0.8,0.6,"BOP2-OC",144.06,84.44,77.38,70.22,67.84,81.41, ,117.38,83.28,74.96,59.5,58.06,77.55, ,124.32,81.31,73.41,68.58,65.85,76.59, ,102.05,81.97,73.78,59.94,58.26,77.55
0.85,2,0.8,0.6,"Dunnett",145,89.78,87.63,75.92,74.68,96.62, ,120,88.56,86.47,62.29,61.47,96.77, ,132,84.67,82.03,71.98,70.47,95.43, ,105,85.06,82.52,63.02,61.89,95.6
0.85,2,0.8,0.6,"BOP2-OC",144.3,88.02,76,72.88,62.45,85.71, ,118.07,89.17,76.84,71.09,60.88,83.6, ,126.1,85.92,75.66,71.75,62.92,83, ,102.83,86.89,75,70.66,60.62,83.6
0.85,2,0.8,0.6,"Dunnett",145,90.53,49.3,79.86,42.82,54.75, ,120,89.09,48.94,74.78,40.65,55.42, ,132,86.94,47.58,75.96,41.08,55.44, ,105,87.15,48.08,75.32,41.1,55.58
0.85,2,0.8,0.6,"BOP2-OC",144.3,88.2,76.2,65.5,56.2,85.69, ,118.07,88.94,76.69,57.44,49.34,83.62, ,126.1,86.02,75.75,64.78,56.63,83, ,102.83,86.83,74.92,58.53,50.25,83.62
0.85,2,0.8,0.6,"Dunnett",145,90.53,49.3,73.4,39.16,54.75, ,120,89.09,48.94,62.78,34.01,55.42, ,132,86.94,47.58,70.45,37.72,55.44, ,105,87.15,48.08,65.49,35.35,55.58
0.85,2,0.8,0.6,"BOP2-OC",144.7,90.09,73.94,76.08,61.05,82.86, ,119.16,92.25,75.2,75.68,60.1,81.28, ,129.56,89.83,74.94,76.55,62.66,82.16, ,104.06,90.03,73.25,74.86,59.51,81.28
0.85,2,0.8,0.6,"Dunnett",145,93.46,36.86,86.11,33.05,40.06, ,120,93.05,36.05,82.95,31.32,39.48, ,132,91.26,36.9,83.1,32.8,41.42, ,105,91.35,36.99,82.47,32.79,41.33
0.85,2,0.8,0.6,"BOP2-OC",140.29,80.27,68.75,66.77,56.3,78.23, ,110.49,76.53,66.53,61.66,52.69,72.66, ,106.24,66.97,59.97,55.83,49.44,66.13, ,94.3,73.74,64.72,60.22,52.11,72.66
0.85,2,0.8,0.6,"Dunnett",145,93.46,36.86,86.11,33.05,40.06, ,120,93.05,36.05,82.95,31.32,39.48, ,132,91.26,36.9,83.1,32.8,41.42, ,105,91.35,36.99,82.47,32.79,41.33
0.8,1,0.8,0.65,"BOP2-OC",131.38,10.16,10.16,5.02,5.02,79.56, ,102.62,9.98,9.97,5.34,5.34,71.97, ,107.92,9.44,9.44,4.74,4.73,79.56, ,84.78,9.44,9.43,5.06,5.06,71.97
0.8,1,0.8,0.65,"Dunnett",151,10.03,10.03,5.05,5.05,100, ,127,10.06,10.06,5.05,5.05,100, ,130,10.03,10.03,5.02,5.02,100, ,110,10.04,10.04,5.03,5.03,100
0.8,1,0.8,0.65,"BOP2-OC",128.14,9.12,9.12,4.42,4.42,76.19, ,100.95,8.71,8.71,4.4,4.4,70.06, ,104.29,8.57,8.57,4.39,4.39,76.19, ,83.05,8.46,8.46,4.38,4.38,70.06
0.8,1,0.8,0.65,"Dunnett",151,10.03,10.03,5.05,5.05,100, ,127,10.06,10.06,5.05,5.05,100, ,130,10.03,10.03,5.02,5.02,100, ,110,10.04,10.04,5.03,5.03,100
0.8,1,0.8,0.65,"BOP2-OC",127.45,8.65,5.7,4.19,2.71,49.49, ,100.83,8.63,5.38,4.29,2.77,44.2, ,103.5,8.06,5.3,4.16,2.73,49.49, ,82.93,8.31,5.29,4.32,2.71,44.2
0.8,1,0.8,0.65,"Dunnett",151,10.03,5.36,5.05,2.64,56.05, ,127,10.06,4.96,5.05,2.38,47.48, ,130,10.03,5.18,5.02,2.56,56.28, ,110,10.04,5.16,5.03,2.52,55.81
0.8,1,0.8,0.65,"BOP2-OC",75.09,0.98, ,0.98, ,0, ,59.55,1.32, ,1.29, ,0, ,44.6,0.9, ,0.88, ,0, ,40.23,1.2, ,1.16, ,0
0.8,1,0.8,0.65,"Dunnett",151,7.5,0,7.33,0,0, ,127,7.64,0,7.33,0,0, ,130,7.58,0,7.36,0,0, ,110,7.23,0,7,0,0
0.8,1,0.8,0.65,"BOP2-OC",150.98,94.02,94.02,82.36,82.36,99.98, ,126.94,94.49,94.49,81.03,81.03,99.94, ,129.97,90.53,90.53,80.68,80.68,99.98, ,109.94,91.57,91.57,81.1,81.1,99.94
0.8,1,0.8,0.65,"Dunnett",151,92.4,92.4,82.52,82.52,100, ,127,92.51,92.51,80.55,80.55,100, ,130,88.88,88.88,76.53,76.53,100, ,110,88.48,88.48,74.72,74.72,100
0.8,1,0.8,0.65,"BOP2-OC",150.54,91.44,91.44,77.71,77.71,99.52, ,126.66,92.55,92.55,77.17,77.17,99.61, ,129.48,88.04,88.04,76.54,76.54,99.52, ,109.64,89.39,89.39,77.21,77.21,99.61
0.8,1,0.8,0.65,"Dunnett",151,92.4,92.4,82.52,82.52,100, ,127,92.51,92.51,80.55,80.55,100, ,130,88.88,88.88,76.53,76.53,100, ,110,88.48,88.48,74.72,74.72,100
0.8,1,0.8,0.65,"BOP2-OC",146.4,79.22,79.08,61.53,61.53,87.38, ,122.65,81.36,81.22,53.61,53.61,88.11, ,124.82,75.94,75.77,61.59,61.58,87.38, ,105.5,78.1,77.92,56.21,56.21,88.11
0.8,1,0.8,0.65,"Dunnett",151,82.93,82.92,61.82,61.82,99.96, ,127,83.62,83.62,53.7,53.7,99.99, ,130,77.25,77.25,55.44,55.44,99.92, ,110,79.9,79.88,48.2,48.2,99.9
0.8,1,0.8,0.65,"BOP2-OC",149.63,83.1,74.65,69.31,66.29,77.68, ,125.79,83.98,74.75,61.08,59.41,77.11, ,128.46,80.42,72.8,68.94,65.81,77.68, ,108.74,81.47,73.34,63.34,61.14,77.11
0.8,1,0.8,0.65,"Dunnett",151,90.42,88.28,77.53,76.25,96.71, ,127,91.79,90.24,69.8,69.16,97.82, ,130,86.42,83.58,71.2,69.58,95.53, ,110,86.48,84.07,61.67,60.73,96.08
0.8,1,0.8,0.65,"BOP2-OC",149.88,88.75,76.06,74.48,63.47,83.96, ,126.13,90.74,76.16,74.49,62.2,82.16, ,128.74,85.28,73.15,73.04,62.49,83.96, ,109.1,87.16,73.36,74.57,62.65,82.16
0.8,1,0.8,0.65,"Dunnett",151,92.4,50.21,82.52,44.44,54.61, ,127,92.51,46.38,80.55,39.96,50.64, ,130,88.88,48.82,76.53,41.5,55.61, ,110,88.48,48.19,74.72,40.3,55.02
0.8,1,0.8,0.65,"BOP2-OC",149.88,88.91,76.28,66.94,56.98,83.97, ,126.13,90.29,75.7,61.5,51.26,82.19, ,128.74,85.28,73.19,66.8,57.02,83.97, ,109.1,86.86,72.97,63.74,53.18,82.19
0.8,1,0.8,0.65,"Dunnett",151,92.4,50.21,76.05,40.8,54.61, ,127,92.51,46.38,68.96,33.81,50.64, ,130,88.88,48.82,69.84,37.63,55.61, ,110,88.48,48.19,63.65,34.24,55.02
0.8,1,0.8,0.65,"BOP2-OC",150.6,91.67,74.34,78.52,62.29,81.47, ,126.61,92.94,74.16,78.21,60.87,79.86, ,129.55,88.38,71.41,77.3,61.33,81.47, ,109.6,89.86,71.47,78.22,60.97,79.86
0.8,1,0.8,0.65,"Dunnett",151,95.3,37.06,88.53,33.72,39.46, ,127,95.68,32.55,87.5,29.05,34.56, ,130,92.62,37.48,83.62,32.99,41.3, ,110,92.32,37.13,82.16,32.14,41.01
0.8,1,0.8,0.65,"BOP2-OC",143.56,77.75,68.22,65.16,56.36,75.7, ,122.55,80.18,69.52,66.53,56.79,75.56, ,121.63,74.08,65.53,63.7,55.73,75.7, ,105.4,76.24,66.83,65.38,56.66,75.56
0.8,1,0.8,0.65,"Dunnett",151,95.3,37.06,88.53,33.72,39.46, ,127,95.68,32.55,87.5,29.05,34.56, ,130,92.62,37.48,83.62,32.99,41.3, ,110,92.32,37.13,82.16,32.14,41.01
0.95,2,0.8,0.6,"BOP2-OC",125.01,9.92,9.92,4.71,4.71,79.56, ,93.98,9.62,9.62,5.24,5.24,71.97, ,101.18,9.49,9.49,4.8,4.8,73.18, ,82.37,9.4,9.4,4.7,4.7,72.5
0.95,2,0.8,0.6,"Dunnett",143,10.2,10.2,5.16,5.16,100, ,115,10.03,10.03,5.02,5.02,100, ,128,10.05,10.05,5.06,5.06,100, ,103,10.09,10.09,5.04,5.04,100
0.95,2,0.8,0.6,"BOP2-OC",122.05,9.13,9.13,4.29,4.29,76.19, ,92.54,8.47,8.47,4.32,4.32,70.06, ,98,8.77,8.77,4.32,4.32,70, ,80.31,8.3,8.3,4.06,4.06,69.75
0.95,2,0.8,0.6,"Dunnett",143,10.2,10.2,5.16,5.16,100, ,115,10.03,10.03,5.02,5.02,100, ,128,10.05,10.05,5.06,5.06,100, ,103,10.09,10.09,5.04,5.04,100
0.95,2,0.8,0.6,"BOP2-OC",121.41,8.46,5.57,3.98,2.6,49.49, ,92.44,8.39,5.34,4.4,2.82,44.2, ,97.12,8.63,5.54,4.31,2.78,44.56, ,79.79,9.12,5.7,4.4,2.78,44.68
0.95,2,0.8,0.6,"Dunnett",143,10.2,5.32,5.16,2.72,56.49, ,115,10.03,4.86,5.02,2.45,46.76, ,128,10.05,5.14,5.06,2.6,56.59, ,103,10.09,4.74,5.04,2.4,46.63
0.95,2,0.8,0.6,"BOP2-OC",73.42,1.66, ,1.64, ,0, ,56.86,2.05, ,1.96, ,0, ,42.43,1.32, ,1.28, ,0, ,38.6,1.1, ,1.05, ,0
0.95,2,0.8,0.6,"Dunnett",143,7.46,0,7.2,0,0, ,115,7.58,0,7.25,0,0, ,128,7.1,0,6.87,0,0, ,103,7.54,0,7.21,0,0
0.95,2,0.8,0.6,"BOP2-OC",142.98,92.47,92.48,80.16,80.17,99.98, ,114.95,93.73,93.73,77.65,77.65,99.94, ,127.99,90.52,90.52,80.16,80.16,99.99, ,102.98,90.71,90.71,78.28,78.28,99.98
0.95,2,0.8,0.6,"Dunnett",143,90.14,90.14,77.81,77.81,100, ,115,89.65,89.65,75.39,75.39,100, ,128,85.13,85.13,70.89,70.89,100, ,103,87.11,87.11,73.72,73.72,100
0.95,2,0.8,0.6,"BOP2-OC",142.58,89.72,89.72,75.3,75.3,99.52, ,114.7,91.36,91.36,73.34,73.34,99.61, ,127.59,88.41,88.41,76.24,76.24,99.59, ,102.78,88.1,88.1,73.56,73.56,99.7
0.95,2,0.8,0.6,"Dunnett",143,90.14,90.14,77.81,77.81,100, ,115,89.65,89.65,75.39,75.39,100, ,128,85.13,85.13,70.89,70.89,100, ,103,87.11,87.11,73.72,73.72,100
0.95,2,0.8,0.6,"BOP2-OC",138.78,77.4,77.2,59.13,59.13,87.38, ,111.25,80.05,79.86,49.66,49.66,88.11, ,123.16,78.5,78.33,62.35,62.35,90.33, ,99.42,78.45,78.27,53.59,53.58,90.46
0.95,2,0.8,0.6,"Dunnett",143,81.68,81.68,62.72,62.72,99.94, ,115,81.56,81.55,49,49,99.98, ,128,77.77,77.77,57.6,57.6,99.91, ,103,78.6,78.6,50.38,50.38,99.91
0.95,2,0.8,0.6,"BOP2-OC",141.74,81.8,73.68,67.59,64.61,77.68, ,113.95,82.86,74.39,57.91,56.24,77.11, ,126.68,82.93,76.1,71.03,68.42,81.28, ,102.11,82.91,75.89,62.62,60.92,81.06
0.95,2,0.8,0.6,"Dunnett",143,87.72,85.47,73.75,72.53,96.21, ,115,88,86.24,63.91,63.23,97.44, ,128,82.75,79.92,67.36,65.88,95.06, ,103,83.75,81.55,58.18,57.21,96.67
0.95,2,0.8,0.6,"BOP2-OC",141.97,87.76,74.28,72.59,61.05,83.96, ,114.25,90.48,75.14,71.23,58.69,82.16, ,126.97,86.46,75.37,73.18,63.52,86.5, ,102.35,86.37,75.31,71.11,61.78,86.7
0.95,2,0.8,0.6,"Dunnett",143,90.14,49.24,77.81,41.84,55, ,115,89.65,45.27,75.39,37.38,50.61, ,128,85.13,46.86,70.89,38.55,55.89, ,103,87.11,45.35,73.72,39.26,50.72
0.95,2,0.8,0.6,"BOP2-OC",141.97,87.91,74.54,64.98,54.54,83.97, ,114.25,90.03,74.55,58.03,47.75,82.19, ,126.97,86.6,75.48,66.92,57.81,86.51, ,102.33,86.53,75.59,60.18,52.24,86.75
0.95,2,0.8,0.6,"Dunnett",143,90.14,49.24,71.4,38.21,55, ,115,89.65,45.27,63.51,31.16,50.61, ,128,85.13,46.86,64.52,34.82,55.89, ,103,87.11,45.35,62.94,33.86,50.72
0.95,2,0.8,0.6,"BOP2-OC",142.63,90.16,72.62,76.12,59.87,81.47, ,114.66,92.12,73.1,74.68,57.52,79.86, ,127.72,88.4,73,76.35,61.79,83.6, ,102.79,88.13,73.44,74.07,60.47,84.25
0.95,2,0.8,0.6,"Dunnett",143,93.34,37,84.66,32.68,40.34, ,115,93.14,32.88,82.8,28.4,35.79, ,128,89.66,36.18,79.3,30.91,41.54, ,103,91.18,33.92,80.66,30.41,36.74
0.95,2,0.8,0.6,"BOP2-OC",136.18,81.67,67.11,68.02,54.65,75.7, ,111.17,85.34,68.7,68.5,53.8,75.56, ,119.7,78.91,66.98,67.51,56.54,77.36, ,96.98,78.68,67.18,64.83,54.42,78.06
0.95,2,0.8,0.6,"Dunnett",143,93.34,37,84.66,32.68,40.34, ,115,93.14,32.88,82.8,28.4,35.79, ,128,89.66,36.18,79.3,30.91,41.54, ,103,91.18,33.92,80.66,30.41,36.74
0.9,1,0.8,0.6,"BOP2-OC",128.74,8.89,8.89,4.86,4.86,91.02, ,98.6,8.89,8.89,5.17,5.17,90.72, ,107.92,9.46,9.46,4.74,4.73,79.56, ,94.21,9.8,9.8,5.12,5.12,90.72
0.9,1,0.8,0.6,"Dunnett",137,10.17,10.17,5.11,5.11,100, ,105,10.1,10.1,5.06,5.06,100, ,130,10.03,10.03,5.02,5.02,100, ,102,10,10,5.03,5.03,100
0.9,1,0.8,0.6,"BOP2-OC",127.92,8.37,8.37,4.35,4.35,90.12, ,98.38,8.22,8.22,4.3,4.31,90.4, ,104.29,8.59,8.59,4.39,4.39,76.19, ,93.94,8.83,8.83,4.32,4.32,90.4
0.9,1,0.8,0.6,"Dunnett",137,10.17,10.17,5.11,5.11,100, ,105,10.1,10.1,5.06,5.06,100, ,130,10.03,10.03,5.02,5.02,100, ,102,10,10,5.03,5.03,100
0.9,1,0.8,0.6,"BOP2-OC",127.93,8.2,5.37,4.33,2.84,60.46, ,97.79,8.37,5.3,4.47,2.81,60.7, ,103.5,8.11,5.34,4.18,2.74,49.49, ,93.22,9.3,5.96,4.78,3.12,60.7
0.9,1,0.8,0.6,"Dunnett",137,10.17,5.3,5.11,2.65,56.38, ,105,10.1,5.06,5.06,2.54,56.28, ,130,10.03,5.18,5.02,2.56,56.28, ,102,10,5.07,5.03,2.51,56.71
0.9,1,0.8,0.6,"BOP2-OC",90.63,1.93, ,1.9, ,0, ,69.98,2.02, ,1.98, ,0, ,44.6,1.36, ,1.32, ,0, ,59.37,1.98, ,1.93, ,0
0.9,1,0.8,0.6,"Dunnett",137,7.14,0,6.92,0,0, ,105,7.39,0,7.07,0,0, ,130,7.58,0,7.36,0,0, ,102,7.13,0,6.83,0,0
0.9,1,0.8,0.6,"BOP2-OC",136.99,91.27,91.27,77.77,77.77,99.99, ,104.99,91.35,91.35,79.29,79.28,99.98, ,129.97,90.53,90.53,80.68,80.68,99.98, ,101.98,89.59,89.58,78.55,78.55,99.98
0.9,1,0.8,0.6,"Dunnett",137,88.78,88.78,77.15,77.15,100, ,105,87.15,87.15,75.32,75.32,100, ,130,88.88,88.88,76.53,76.53,100, ,102,85.32,85.32,70.69,70.69,100
0.9,1,0.8,0.6,"BOP2-OC",136.94,88.99,88.99,73.94,73.94,99.93, ,104.95,88.94,88.94,75.03,75.03,99.93, ,129.48,88.07,88.07,76.58,76.57,99.52, ,101.94,87.42,87.42,75.03,75.03,99.93
0.9,1,0.8,0.6,"Dunnett",137,88.78,88.78,77.15,77.15,100, ,105,87.15,87.15,75.32,75.32,100, ,130,88.88,88.88,76.53,76.53,100, ,102,85.32,85.32,70.69,70.69,100
0.9,1,0.8,0.6,"BOP2-OC",135.46,75.18,75.03,57.06,57.06,85.95, ,103.88,75.06,74.87,51.63,51.64,85.74, ,124.82,76.02,75.84,61.64,61.63,87.38, ,100.63,73.87,73.67,52.6,52.59,85.74
0.9,1,0.8,0.6,"Dunnett",137,79.78,79.77,60.14,60.14,99.89, ,105,79.46,79.45,49.26,49.26,99.89, ,130,77.25,77.25,55.44,55.44,99.92, ,102,78.11,78.11,50.45,50.45,99.84
0.9,1,0.8,0.6,"BOP2-OC",136.71,80.58,72.34,66.23,63.28,76.64, ,104.76,80.5,72.5,61.07,59.08,76.8, ,128.46,80.46,72.84,68.97,65.85,77.68, ,101.71,79.68,71.82,61.88,59.9,76.8
0.9,1,0.8,0.6,"Dunnett",137,86.46,83.96,72.91,71.52,95.88, ,105,85.06,82.52,63.02,61.89,95.6, ,130,86.42,83.58,71.2,69.58,95.53, ,102,83.29,80.66,58.01,57.02,95.31
0.9,1,0.8,0.6,"BOP2-OC",136.75,87.09,71.52,71.73,58.56,81.7, ,104.81,87.3,71.82,73.06,59.8,81.96, ,128.74,86.24,73.15,73.87,62.49,83.96, ,101.77,86.13,70.91,73.11,60.06,81.96
0.9,1,0.8,0.6,"Dunnett",137,88.78,48.54,77.15,41.79,55.31, ,105,87.15,48.08,75.32,41.1,55.58, ,130,88.88,48.82,76.53,41.5,55.61, ,102,85.32,47.48,70.69,38.97,56.15
0.9,1,0.8,0.6,"BOP2-OC",136.75,86.98,71.31,64.22,52.12,81.72, ,104.81,87.2,71.78,61.3,50,81.94, ,128.74,86.2,73.19,67.59,57.02,83.97, ,101.76,85.89,70.75,62.49,51.16,81.94
0.9,1,0.8,0.6,"Dunnett",137,88.78,48.54,71.23,38.26,55.31, ,105,87.15,48.08,65.49,35.35,55.58, ,130,88.88,48.82,69.84,37.63,55.61, ,102,85.32,47.48,59.46,32.58,56.15
0.9,1,0.8,0.6,"BOP2-OC",136.93,89.15,69.48,75.09,56.94,79.18, ,104.94,89.1,69.31,75.94,57.69,79.09, ,129.55,88.76,71.41,77.64,61.33,81.47, ,101.93,87.93,68.32,76.08,57.76,79.09
0.9,1,0.8,0.6,"Dunnett",137,92.51,36.84,84.52,32.81,40.63, ,105,91.35,36.99,82.47,32.79,41.33, ,130,92.62,37.48,83.62,32.99,41.3, ,102,89.98,36.91,78.31,31.24,42.03
0.9,1,0.8,0.6,"BOP2-OC",134.86,80.4,65.46,66.83,53.25,75.31, ,103.43,80.79,66.31,68.02,54.94,76.2, ,121.63,78.51,66,67.87,56.15,75.7, ,100.08,78.72,65.41,67.4,55.23,76.2
0.9,1,0.8,0.6,"Dunnett",137,92.51,36.84,84.52,32.81,40.63, ,105,91.35,36.99,82.47,32.79,41.33, ,130,92.62,37.48,83.62,32.99,41.3, ,102,89.98,36.91,78.31,31.24,42.03
0.85,1,0.8,0.6,"BOP2-OC",125.01,9.92,9.92,4.71,4.71,79.56, ,98.65,9.46,9.46,5.17,5.17,84.42, ,101.18,9.46,9.46,4.8,4.8,73.18, ,82.37,9.37,9.37,4.7,4.7,72.5
0.85,1,0.8,0.6,"Dunnett",143,10.2,10.2,5.16,5.16,100, ,108,10.01,10.01,5.01,5.01,100, ,128,10.05,10.05,5.06,5.06,100, ,103,10.09,10.09,5.04,5.04,100
0.85,1,0.8,0.6,"BOP2-OC",122.05,9.12,9.13,4.29,4.29,76.19, ,98.22,8.51,8.51,4.56,4.56,83.7, ,98,8.76,8.76,4.32,4.32,70, ,80.31,8.29,8.29,4.06,4.06,69.75
0.85,1,0.8,0.6,"Dunnett",143,10.2,10.2,5.16,5.16,100, ,108,10.01,10.01,5.01,5.01,100, ,128,10.05,10.05,5.06,5.06,100, ,103,10.09,10.09,5.04,5.04,100
0.85,1,0.8,0.6,"BOP2-OC",121.41,8.46,5.57,3.98,2.6,49.49, ,97.83,8.1,5.46,4.36,2.9,55.46, ,97.12,8.6,5.5,4.31,2.78,44.56, ,79.79,9.08,5.68,4.4,2.78,44.68
0.85,1,0.8,0.6,"Dunnett",143,10.2,5.32,5.16,2.72,56.49, ,108,10.01,5.09,5.01,2.51,56.12, ,128,10.05,5.14,5.06,2.6,56.59, ,103,10.09,4.74,5.04,2.4,46.63
0.85,1,0.8,0.6,"BOP2-OC",73.42,1.23, ,1.23, ,0, ,67.47,1.8, ,1.74, ,0, ,42.43,0.95, ,0.92, ,0, ,38.6,0.75, ,0.7, ,0
0.85,1,0.8,0.6,"Dunnett",143,7.46,0,7.2,0,0, ,108,7.9,0,7.58,0,0, ,128,7.1,0,6.87,0,0, ,103,7.54,0,7.21,0,0
0.85,1,0.8,0.6,"BOP2-OC",142.98,92.47,92.48,80.16,80.17,99.98, ,107.99,92.02,92.02,80.55,80.55,99.98, ,127.99,90.52,90.52,80.16,80.16,99.99, ,102.98,90.71,90.71,78.28,78.28,99.98
0.85,1,0.8,0.6,"Dunnett",143,90.14,90.14,77.81,77.81,100, ,108,90.42,90.42,78.73,78.73,100, ,128,85.13,85.13,70.89,70.89,100, ,103,87.11,87.11,73.72,73.72,100
0.85,1,0.8,0.6,"BOP2-OC",142.58,89.7,89.7,75.28,75.28,99.52, ,107.94,89.08,89.08,75.54,75.54,99.89, ,127.59,88.4,88.4,76.23,76.23,99.59, ,102.78,88.09,88.09,73.56,73.56,99.7
0.85,1,0.8,0.6,"Dunnett",143,90.14,90.14,77.81,77.81,100, ,108,90.42,90.42,78.73,78.73,100, ,128,85.13,85.13,70.89,70.89,100, ,103,87.11,87.11,73.72,73.72,100
0.85,1,0.8,0.6,"BOP2-OC",138.78,77.38,77.17,59.11,59.11,87.38, ,106.83,78.11,77.96,53.92,53.92,89.86, ,123.16,78.48,78.32,62.34,62.34,90.33, ,99.42,78.42,78.25,53.57,53.57,90.46
0.85,1,0.8,0.6,"Dunnett",143,81.68,81.68,62.72,62.72,99.94, ,108,79.32,79.31,50.37,50.37,99.92, ,128,77.77,77.77,57.6,57.6,99.91, ,103,78.6,78.6,50.38,50.38,99.91
0.85,1,0.8,0.6,"BOP2-OC",141.74,81.77,73.66,67.57,64.59,77.68, ,107.79,82.19,74.88,62.46,60.45,79.35, ,126.68,82.9,76.08,71,68.4,81.28, ,102.11,82.9,75.89,62.61,60.92,81.06
0.85,1,0.8,0.6,"Dunnett",143,87.72,85.47,73.75,72.53,96.21, ,108,88.09,85.52,66.12,64.98,95.96, ,128,82.75,79.92,67.36,65.88,95.06, ,103,83.75,81.55,58.18,57.21,96.67
0.85,1,0.8,0.6,"BOP2-OC",141.97,87.21,74.28,72.11,61.05,83.96, ,107.83,87.16,74.61,72.74,61.86,85.54, ,126.97,86.02,75.37,72.8,63.52,86.5, ,102.35,85.98,75.31,70.79,61.78,86.7
0.85,1,0.8,0.6,"Dunnett",143,90.14,49.24,77.81,41.84,55, ,108,90.42,49.86,78.73,43.1,55.43, ,128,85.13,46.86,70.89,38.55,55.89, ,103,87.11,45.35,73.72,39.26,50.72
0.85,1,0.8,0.6,"BOP2-OC",141.97,87.45,74.54,64.61,54.54,83.97, ,107.83,87.27,74.67,61.69,52.3,85.55, ,126.97,86.17,75.48,66.57,57.81,86.51, ,102.33,86.14,75.59,59.89,52.24,86.75
0.85,1,0.8,0.6,"Dunnett",143,90.14,49.24,71.4,38.21,55, ,108,90.42,49.86,68.41,37.16,55.43, ,128,85.13,46.86,64.52,34.82,55.89, ,103,87.11,45.35,62.94,33.86,50.72
0.85,1,0.8,0.6,"BOP2-OC",142.63,90.01,72.62,76,59.87,81.47, ,107.93,88.82,72.14,76.3,60.7,82.49, ,127.72,88.25,73,76.2,61.79,83.6, ,102.79,88.03,73.44,73.98,60.47,84.25
0.85,1,0.8,0.6,"Dunnett",143,93.34,37,84.66,32.68,40.34, ,108,93.64,37.89,85.28,33.84,41.05, ,128,89.66,36.18,79.3,30.91,41.54, ,103,91.18,33.92,80.66,30.41,36.74
0.85,1,0.8,0.6,"BOP2-OC",136.18,78.33,66.92,64.96,54.48,75.7, ,106.3,82.06,68.86,69.3,57.2,79.17, ,119.7,75.87,66.79,64.71,56.38,77.36, ,96.98,75.61,66.97,62.06,54.24,78.06
0.85,1,0.8,0.6,"Dunnett",143,93.34,37,84.66,32.68,40.34, ,108,93.64,37.89,85.28,33.84,41.05, ,128,89.66,36.18,79.3,30.91,41.54, ,103,91.18,33.92,80.66,30.41,36.74
0.95,1,0.85,0.65,"BOP2-OC",137.23,10.04,10.04,5.08,5.08,86.82, ,117.65,9.79,9.79,5.17,5.17,90.72, ,143.32,10.03,10.03,5.08,5.08,94.44, ,107.82,9.84,9.84,4.95,4.95,90.72
0.95,1,0.85,0.65,"Dunnett",152,10.01,10.01,5.02,5.02,100, ,126,10.07,10.07,5.04,5.04,100, ,150,10,10,5.02,5.02,100, ,117,10.05,10.05,5.07,5.07,100
0.95,1,0.85,0.65,"BOP2-OC",136.47,9.37,9.37,4.51,4.51,86.13, ,117.36,9.12,9.12,4.38,4.38,90.4, ,143.14,9.01,9,4.42,4.42,94.28, ,107.5,8.84,8.84,4.06,4.07,90.4
0.95,1,0.85,0.65,"Dunnett",152,10.01,10.01,5.02,5.02,100, ,126,10.07,10.07,5.04,5.04,100, ,150,10,10,5.02,5.02,100, ,117,10.05,10.05,5.07,5.07,100
0.95,1,0.85,0.65,"BOP2-OC",135.99,9.24,6.12,4.56,3,55.73, ,116.6,9.35,5.91,4.61,2.92,60.7, ,142.63,8.65,6.14,4.13,2.86,67.97, ,106.65,9.52,6.15,4.61,3,60.7
0.95,1,0.85,0.65,"Dunnett",152,10.01,5.29,5.02,2.62,56.09, ,126,10.07,5.13,5.04,2.48,55.99, ,150,10,5.28,5.02,2.66,56.41, ,117,10.05,5.24,5.07,2.53,56.18
0.95,1,0.85,0.65,"BOP2-OC",98.28,3.18, ,3.16, ,0, ,80.33,2.52, ,2.49, ,0, ,95.6,2.96, ,2.89, ,0, ,66.76,2.42, ,2.36, ,0
0.95,1,0.85,0.65,"Dunnett",152,7.65,0,7.44,0,0, ,126,8.08,0,7.8,0,0, ,150,7.09,0,6.78,0,0, ,117,7.61,0,7.31,0,0
0.95,1,0.85,0.65,"BOP2-OC",151.97,93.84,93.84,81.87,81.87,99.97, ,125.98,93.57,93.57,80.58,80.59,99.98, ,150,92.82,92.82,83.76,83.76,100, ,116.98,92.93,92.93,81.3,81.3,99.98
0.95,1,0.85,0.65,"Dunnett",152,92.34,92.34,81.44,81.44,100, ,126,93.39,93.39,77.96,77.96,100, ,150,89.42,89.42,74.02,74.02,100, ,117,91.26,91.26,75.07,75.07,100
0.95,1,0.85,0.65,"BOP2-OC",151.89,92.62,92.62,78.98,78.98,99.9, ,125.94,91.75,91.75,76.67,76.67,99.93, ,150,90.88,90.88,80.38,80.38,100, ,116.93,91.47,91.47,78.33,78.33,99.93
0.95,1,0.85,0.65,"Dunnett",152,92.34,92.34,81.44,81.44,100, ,126,93.39,93.39,77.96,77.96,100, ,150,89.42,89.42,74.02,74.02,100, ,117,91.26,91.26,75.07,75.07,100
0.95,1,0.85,0.65,"BOP2-OC",149.97,78.46,78.22,61.08,61.08,85.54, ,124.53,77.8,77.66,51.76,51.76,85.74, ,149.55,81.23,81.07,66.75,66.75,90.59, ,115.39,77.59,77.42,54.34,54.34,85.74
0.95,1,0.85,0.65,"Dunnett",152,82.88,82.88,63.1,63.1,99.96, ,126,84.3,84.3,53.79,53.79,99.97, ,150,83.24,83.23,60.97,60.97,99.97, ,117,82.02,82,50.92,50.92,99.95
0.95,1,0.85,0.65,"BOP2-OC",151.53,82.04,72.54,67.9,64.77,74.95, ,125.68,82.94,74.06,61.74,60.3,76.8, ,149.98,85.8,79.2,75.26,72.74,82.86, ,116.65,82.29,73.74,63.46,61.66,76.8
0.95,1,0.85,0.65,"Dunnett",152,90.56,88.42,75.49,74.36,96.75, ,126,91.83,89.61,67.8,67.08,96.89, ,150,88.52,86.58,70.25,69.36,96.84, ,117,89.42,87.16,61.66,60.81,96.57
0.95,1,0.85,0.65,"BOP2-OC",151.68,91.44,74.09,77.11,62.17,80.84, ,125.76,90.72,74.46,75.37,61.51,81.96, ,149.97,89.73,78.61,78.15,68.19,87.94, ,116.73,90.42,74.28,77,63.16,81.96
0.95,1,0.85,0.65,"Dunnett",152,92.34,50.22,81.44,43.9,54.73, ,126,93.39,51.27,77.96,42.41,55.32, ,150,89.42,48.56,74.02,39.57,54.87, ,117,91.26,49.8,75.07,40.66,55.1
0.95,1,0.85,0.65,"BOP2-OC",151.68,91.53,74.26,70.12,56.3,80.79, ,125.75,90.59,74.41,61.91,50.41,81.94, ,149.97,89.62,78.6,71.78,62.67,87.94, ,116.72,90.46,74.37,64.84,53.01,81.94
0.95,1,0.85,0.65,"Dunnett",152,92.34,50.22,73.67,39.56,54.73, ,126,93.39,51.27,65.79,35.44,55.32, ,150,89.42,48.56,65.96,35.12,54.87, ,117,91.26,49.8,62.31,33.52,55.1
0.95,1,0.85,0.65,"BOP2-OC",151.94,93.06,72.2,80.2,60.7,78.54, ,125.93,91.97,71.78,77.99,59.3,79.09, ,149.98,90.9,76.4,80.14,66.25,85.04, ,116.92,91.74,71.61,79.51,60.59,79.09
0.95,1,0.85,0.65,"Dunnett",152,95.32,37.19,87.9,33.44,39.58, ,126,96.04,37.05,85.57,32.1,39.05, ,150,92.92,35.86,82.08,30.62,39.57, ,117,94.52,37.14,82.78,31.67,39.85
0.95,1,0.85,0.65,"BOP2-OC",150.7,87.16,68.69,74.89,57.77,75.09, ,123.95,85.22,69.03,71.51,56.71,76.2, ,149.12,87.03,73.05,76.6,63.46,81.85, ,114.74,84.37,69.2,72.25,58.28,76.2
0.95,1,0.85,0.65,"Dunnett",152,95.32,37.19,87.9,33.44,39.58, ,126,96.04,37.05,85.57,32.1,39.05, ,150,92.92,35.86,82.08,30.62,39.57, ,117,94.52,37.14,82.78,31.67,39.85
0.95,2,0.85,0.6,"BOP2-OC",130.83,9.8,9.8,5.1,5.1,65.83, ,99.05,9.78,9.78,4.88,4.88,65.35, ,132.51,9.75,9.76,4.9,4.9,83.75, ,95.42,9.46,9.46,4.95,4.95,72.5
0.95,2,0.85,0.6,"Dunnett",165,10.05,10.05,5.06,5.06,100, ,124,10.08,10.08,5.04,5.04,100, ,152,10.01,10.01,5.02,5.02,100, ,121,10.04,10.04,5.04,5.04,100
0.95,2,0.85,0.6,"BOP2-OC",128.58,9.16,9.16,4.74,4.74,63.58, ,97.51,8.38,8.38,4.12,4.12,63.21, ,131.7,8.87,8.86,4.42,4.41,83.08, ,92.87,8.48,8.48,4.23,4.23,69.75
0.95,2,0.85,0.6,"Dunnett",165,10.05,10.05,5.06,5.06,100, ,124,10.08,10.08,5.04,5.04,100, ,152,10.01,10.01,5.02,5.02,100, ,121,10.04,10.04,5.04,5.04,100
0.95,2,0.85,0.6,"BOP2-OC",128.55,8.93,5.47,4.62,2.88,39.23, ,97.28,8.39,5.1,4.1,2.49,39, ,131.22,8.88,5.88,4.41,2.92,55.06, ,92.22,9,5.65,4.48,2.82,44.68
0.95,2,0.85,0.6,"Dunnett",165,10.05,5.25,5.06,2.58,55.55, ,124,10.08,5.02,5.04,2.4,55.98, ,152,10.01,5.29,5.02,2.62,56.09, ,121,10.04,5.12,5.04,2.46,56.02
0.95,2,0.85,0.6,"BOP2-OC",80.15,1.54, ,1.53, ,0, ,62.81,1.42, ,1.39, ,0, ,72.02,2.38, ,2.35, ,0, ,41.15,1.14, ,1.08, ,0
0.95,2,0.85,0.6,"Dunnett",165,7.52,0,7.27,0,0, ,124,7.69,0,7.35,0,0, ,152,7.65,0,7.44,0,0, ,121,7.85,0,7.51,0,0
0.95,2,0.85,0.6,"BOP2-OC",164.96,94.82,94.82,79.7,79.7,99.96, ,123.98,95.17,95.17,80.94,80.94,99.97, ,151.99,93.09,93.09,84.32,84.32,100, ,120.98,93.45,93.45,83.58,83.58,99.98
0.95,2,0.85,0.6,"Dunnett",165,92.8,92.8,79.56,79.56,100, ,124,90.34,90.34,76.77,76.77,100, ,152,92.34,92.34,81.44,81.44,100, ,121,92.54,92.54,77.24,77.24,100
0.95,2,0.85,0.6,"BOP2-OC",164.74,93.62,93.61,75.64,75.64,99.74, ,123.76,93.14,93.14,76.12,76.12,99.67, ,151.99,91.64,91.64,81.34,81.34,100, ,120.72,91.39,91.39,79.55,79.55,99.7
0.95,2,0.85,0.6,"Dunnett",165,92.8,92.8,79.56,79.56,100, ,124,90.34,90.34,76.77,76.77,100, ,152,92.34,92.34,81.44,81.44,100, ,121,92.54,92.54,77.24,77.24,100
0.95,2,0.85,0.6,"BOP2-OC",160.44,84.02,83.93,59.77,59.77,90.98, ,120.84,84.26,84.11,53.8,53.8,91.42, ,151.03,84,83.88,69.08,69.08,93.25, ,116.55,81.87,81.72,59.23,59.23,90.46
0.95,2,0.85,0.6,"Dunnett",165,86.5,86.5,65.41,65.41,99.98, ,124,84.72,84.72,51.49,51.49,99.98, ,152,82.88,82.88,63.1,63.1,99.96, ,121,83.04,83.04,53.31,53.31,99.96
0.95,2,0.85,0.6,"BOP2-OC",163.82,86.75,78.79,69.25,67.31,81.41, ,123.22,86.26,78.43,63.05,61.53,81.14, ,151.87,86.7,80.49,76.09,73.84,83.91, ,119.89,85.04,77.88,67.47,65.8,81.06
0.95,2,0.85,0.6,"Dunnett",165,91.3,89.49,75.13,74.17,97.34, ,124,89.42,87.32,64.2,63.4,96.9, ,152,90.56,88.42,75.49,74.36,96.75, ,121,90.8,88.5,63.59,62.78,96.75
0.95,2,0.85,0.6,"BOP2-OC",164.12,91.83,79.15,72.63,62.02,85.71, ,123.4,91.83,79.24,74.03,63.42,85.68, ,151.92,90.29,79.71,79.04,69.34,88.5, ,120.19,90.02,78.54,77.4,67.29,86.7
0.95,2,0.85,0.6,"Dunnett",165,92.8,50.52,79.56,42.74,54.93, ,124,90.34,49.59,76.77,41.75,55.32, ,152,92.34,50.22,81.44,43.9,54.73, ,121,92.54,50.68,77.24,42.02,55.05
0.95,2,0.85,0.6,"BOP2-OC",164.12,91.79,79.14,63.46,54.29,85.69, ,123.34,91.85,79.21,60.16,51.45,85.53, ,151.92,90.52,79.89,72.02,63.08,88.5, ,120.17,90.43,79.06,66.42,57.81,86.75
0.95,2,0.85,0.6,"Dunnett",165,92.8,50.52,71.82,38.51,54.93, ,124,90.34,49.59,64.54,34.84,55.32, ,152,92.34,50.22,73.67,39.56,54.73, ,121,92.54,50.68,64.18,34.67,55.05
0.95,2,0.85,0.6,"BOP2-OC",164.63,93.18,76.83,75.61,60.56,82.86, ,123.74,93.28,77.03,76.74,61.72,83.01, ,151.96,91.29,77.7,80.76,67.75,85.94, ,120.74,91.5,76.45,80.25,65.95,84.25
0.95,2,0.85,0.6,"Dunnett",165,95.69,36.75,86.72,32.36,38.9, ,124,94.06,36.04,84.58,31.53,39.09, ,152,95.32,37.19,87.9,33.44,39.58, ,121,95.5,37.23,84.58,32.09,39.47
0.95,2,0.85,0.6,"BOP2-OC",159.11,85.99,72.01,68.62,56.06,78.23, ,119.96,85.66,72.3,70.08,58.08,78.46, ,150.28,87,74.54,76.88,64.96,82.76, ,113.54,82.14,70.35,71.1,59.96,78.06
0.95,2,0.85,0.6,"Dunnett",165,95.69,36.75,86.72,32.36,38.9, ,124,94.06,36.04,84.58,31.53,39.09, ,152,95.32,37.19,87.9,33.44,39.58, ,121,95.5,37.23,84.58,32.09,39.47
0.8,1,0.8,0.7,"BOP2-OC",155.14,9.39,9.39,4.76,4.76,84.95, ,123.98,9.88,9.87,5.17,5.17,84.42, ,120.65,9.86,9.86,4.72,4.72,79.56, ,102.69,9.76,9.76,4.9,4.9,79.11
0.8,1,0.8,0.7,"Dunnett",172,10.02,10.02,5.03,5.03,100, ,138,10.05,10.05,5.07,5.07,100, ,146,10.17,10.17,5.12,5.12,100, ,124,10.08,10.08,5.04,5.04,100
0.8,1,0.8,0.7,"BOP2-OC",153.59,8.77,8.78,4.44,4.44,83.56, ,123.33,8.88,8.88,4.66,4.66,83.7, ,116.48,9.07,9.08,4.45,4.45,76.19, ,99.65,8.89,8.89,4.16,4.16,76.13
0.8,1,0.8,0.7,"Dunnett",172,10.02,10.02,5.03,5.03,100, ,138,10.05,10.05,5.07,5.07,100, ,146,10.17,10.17,5.12,5.12,100, ,124,10.08,10.08,5.04,5.04,100
0.8,1,0.8,0.7,"BOP2-OC",153.1,8.65,5.64,4.39,2.87,54.93, ,122.74,8.49,5.66,4.57,3.02,55.46, ,115.58,8.55,5.64,4.25,2.76,49.49, ,99.12,9.29,6.18,4.41,2.96,49.79
0.8,1,0.8,0.7,"Dunnett",172,10.02,5.22,5.03,2.61,55.94, ,138,10.05,5,5.07,2.45,55.94, ,146,10.17,5.25,5.12,2.71,56.36, ,124,10.08,5.02,5.04,2.4,55.98
0.8,1,0.8,0.7,"BOP2-OC",96.65,1.27, ,1.27, ,0, ,77.21,1.25, ,1.24, ,0, ,47.95,1, ,0.98, ,0, ,42.97,0.82, ,0.78, ,0
0.8,1,0.8,0.7,"Dunnett",172,7.34,0,7.14,0,0, ,138,7.34,0,7.06,0,0, ,146,7.49,0,7.32,0,0, ,124,7.69,0,7.35,0,0
0.8,1,0.8,0.7,"BOP2-OC",171.99,94.27,94.27,85.39,85.39,100, ,137.98,95.39,95.39,84.5,84.51,99.98, ,145.97,92.42,92.42,84.22,84.22,99.98, ,123.97,94.47,94.48,84.21,84.21,99.98
0.8,1,0.8,0.7,"Dunnett",172,92.94,92.94,82.16,82.16,100, ,138,92.56,92.56,79.05,79.05,100, ,146,91.5,91.5,81.05,81.05,100, ,124,90.34,90.34,76.77,76.77,100
0.8,1,0.8,0.7,"BOP2-OC",171.93,92.22,92.22,81.56,81.56,99.94, ,137.91,93.72,93.72,80.56,80.56,99.89, ,145.4,90.35,90.35,80.65,80.65,99.52, ,123.59,92.78,92.78,80.68,80.68,99.6
0.8,1,0.8,0.7,"Dunnett",172,92.94,92.94,82.16,82.16,100, ,138,92.56,92.56,79.05,79.05,100, ,146,91.5,91.5,81.05,81.05,100, ,124,90.34,90.34,76.77,76.77,100
0.8,1,0.8,0.7,"BOP2-OC",169.73,81.44,81.34,66.35,66.35,89.44, ,136.24,83.19,83.1,57.77,57.77,89.86, ,140.05,78.31,78.14,65.34,65.33,87.38, ,118.72,80.23,80.07,57.6,57.6,87.14
0.8,1,0.8,0.7,"Dunnett",172,87.5,87.5,64.7,64.7,99.98, ,138,87.35,87.35,57.38,57.38,99.98, ,146,82.26,82.26,60.65,60.65,99.96, ,124,84.72,84.72,51.49,51.49,99.98
0.8,1,0.8,0.7,"BOP2-OC",171.56,85.03,76.97,73.52,70.62,79.7, ,137.68,85.36,77.32,65.79,64.17,79.35, ,144.23,82.08,74.21,71.41,68.36,77.68, ,122.65,83.56,75.07,65.31,63.62,77.43
0.8,1,0.8,0.7,"Dunnett",172,92.08,90.46,78.89,77.9,97.61, ,138,91.92,90.31,66.74,66.16,97.52, ,146,89.11,86.9,75.75,74.48,96.58, ,124,89.42,87.32,64.2,63.4,96.9
0.8,1,0.8,0.7,"BOP2-OC",171.65,90.42,78.32,78.92,68.04,85.63, ,137.74,91.78,79.29,77.92,67.1,85.54, ,144.56,87.91,75.28,77.58,66.32,83.96, ,122.89,90.26,77.61,77.4,66.36,84.28
0.8,1,0.8,0.7,"Dunnett",172,92.94,50.93,82.16,44.67,54.9, ,138,92.56,50.2,79.05,42.55,54.66, ,146,91.5,49.96,81.05,43.86,55.13, ,124,90.34,49.59,76.77,41.75,55.32
0.8,1,0.8,0.7,"BOP2-OC",171.62,90.05,77.89,71.56,61.5,85.54, ,137.74,91.83,79.31,64.95,55.69,85.55, ,144.56,87.89,75.3,71.47,60.99,83.97, ,122.88,90.36,77.74,65.94,56.38,84.28
0.8,1,0.8,0.7,"Dunnett",172,92.94,50.93,75.72,40.92,54.9, ,138,92.56,50.2,66.25,35.47,54.66, ,146,91.5,49.96,74.64,40.24,55.13, ,124,90.34,49.59,64.54,34.84,55.32
0.8,1,0.8,0.7,"BOP2-OC",171.85,92.38,75.87,82.04,66.14,82.8, ,137.9,93.25,76.42,81.28,65.3,82.49, ,145.48,90.61,73.3,81.46,64.9,81.47, ,123.64,92.62,75.22,81,64.54,81.55
0.8,1,0.8,0.7,"Dunnett",172,95.9,36.45,88.9,33.05,38.48, ,138,95.53,35.94,86.1,31.57,38.24, ,146,94.46,36.87,87.22,33.3,39.75, ,124,94.06,36.04,84.58,31.53,39.09
0.8,1,0.8,0.7,"BOP2-OC",168.54,81.28,72.17,71.32,62.64,79.25, ,135.45,83.06,73.16,71.23,62.02,79.17, ,136.39,76.65,67.62,67.77,59.22,75.7, ,115.94,77.45,69.32,66.86,59.32,75.85
0.8,1,0.8,0.7,"Dunnett",172,95.9,36.45,88.9,33.05,38.48, ,138,95.53,35.94,86.1,31.57,38.24, ,146,94.46,36.87,87.22,33.3,39.75, ,124,94.06,36.04,84.58,31.53,39.09
0.8,1,0.85,0.6,"BOP2-OC",130.83,9.78,9.77,5.1,5.1,65.83, ,99.05,9.74,9.74,4.88,4.88,65.35, ,132.51,9.65,9.65,4.9,4.9,83.75, ,105.04,9.77,9.77,5.11,5.11,84.42
0.8,1,0.85,0.6,"Dunnett",165,10.05,10.05,5.06,5.06,100, ,124,10.08,10.08,5.04,5.04,100, ,152,10.01,10.01,5.02,5.02,100, ,120,10.11,10.11,5.06,5.06,100
0.8,1,0.85,0.6,"BOP2-OC",128.58,9.13,9.13,4.73,4.73,63.58, ,97.51,8.33,8.33,4.12,4.12,63.21, ,131.7,8.75,8.75,4.41,4.41,83.08, ,104.36,8.62,8.61,4.36,4.36,83.7
0.8,1,0.85,0.6,"Dunnett",165,10.05,10.05,5.06,5.06,100, ,124,10.08,10.08,5.04,5.04,100, ,152,10.01,10.01,5.02,5.02,100, ,120,10.11,10.11,5.06,5.06,100
0.8,1,0.85,0.6,"BOP2-OC",128.55,8.89,5.47,4.61,2.88,39.23, ,97.28,8.33,5.08,4.08,2.49,39, ,131.22,8.75,5.81,4.4,2.92,55.06, ,103.72,8.49,5.59,4.36,2.84,55.46
0.8,1,0.85,0.6,"Dunnett",165,10.05,5.25,5.06,2.58,55.55, ,124,10.08,5.02,5.04,2.4,55.98, ,152,10.01,5.29,5.02,2.62,56.09, ,120,10.11,5.12,5.06,2.46,55.95
0.8,1,0.85,0.6,"BOP2-OC",80.15,0.83, ,0.81, ,0, ,62.81,0.9, ,0.88, ,0, ,72.02,1.09, ,1.08, ,0, ,55.16,1.33, ,1.29, ,0
0.8,1,0.85,0.6,"Dunnett",165,7.52,0,7.27,0,0, ,124,7.69,0,7.35,0,0, ,152,7.65,0,7.44,0,0, ,120,7.4,0,7.08,0,0
0.8,1,0.85,0.6,"BOP2-OC",164.96,94.82,94.82,79.7,79.7,99.96, ,123.98,95.17,95.17,80.94,80.94,99.97, ,151.99,93.09,93.09,84.32,84.32,100, ,119.98,93.31,93.31,82.12,82.12,99.98
0.8,1,0.85,0.6,"Dunnett",165,92.8,92.8,79.56,79.56,100, ,124,90.34,90.34,76.77,76.77,100, ,152,92.34,92.34,81.44,81.44,100, ,120,89.09,89.09,74.78,74.78,100
0.8,1,0.85,0.6,"BOP2-OC",164.74,93.6,93.6,75.63,75.63,99.74, ,123.76,93.11,93.11,76.11,76.11,99.67, ,151.99,91.61,91.61,81.31,81.31,100, ,119.9,91.87,91.87,78.86,78.86,99.89
0.8,1,0.85,0.6,"Dunnett",165,92.8,92.8,79.56,79.56,100, ,124,90.34,90.34,76.77,76.77,100, ,152,92.34,92.34,81.44,81.44,100, ,120,89.09,89.09,74.78,74.78,100
0.8,1,0.85,0.6,"BOP2-OC",160.44,83.98,83.9,59.75,59.75,90.98, ,120.84,84.22,84.09,53.78,53.78,91.42, ,151.03,83.94,83.84,69.03,69.03,93.25, ,118.13,81.29,81.17,56.97,56.97,89.86
0.8,1,0.85,0.6,"Dunnett",165,86.5,86.5,65.41,65.41,99.98, ,124,84.72,84.72,51.49,51.49,99.98, ,152,82.88,82.88,63.1,63.1,99.96, ,120,83.25,83.25,51.65,51.65,99.94
0.8,1,0.85,0.6,"BOP2-OC",163.82,86.69,78.74,69.21,67.26,81.41, ,123.22,86.23,78.4,63.02,61.5,81.14, ,151.87,86.67,80.47,76.06,73.82,83.91, ,119.66,84.23,76.3,65.04,63.25,79.35
0.8,1,0.85,0.6,"Dunnett",165,91.3,89.49,75.13,74.17,97.34, ,124,89.42,87.32,64.2,63.4,96.9, ,152,90.56,88.42,75.49,74.36,96.75, ,120,88.56,86.47,62.29,61.47,96.77
0.8,1,0.85,0.6,"BOP2-OC",164.12,90.94,79.15,71.86,62.02,85.71, ,123.4,91.14,79.24,73.43,63.42,85.68, ,151.92,89.61,79.71,78.4,69.34,88.5, ,119.72,90.08,77.7,76.37,65.68,85.54
0.8,1,0.85,0.6,"Dunnett",165,92.8,50.52,79.56,42.74,54.93, ,124,90.34,49.59,76.77,41.75,55.32, ,152,92.34,50.22,81.44,43.9,54.73, ,120,89.09,48.94,74.78,40.65,55.42
0.8,1,0.85,0.6,"BOP2-OC",164.12,90.89,79.14,62.78,54.29,85.69, ,123.34,91.22,79.21,59.66,51.45,85.53, ,151.92,89.66,79.89,71.3,63.08,88.5, ,119.72,90.08,77.71,64.17,55.01,85.55
0.8,1,0.85,0.6,"Dunnett",165,92.8,50.52,71.82,38.51,54.93, ,124,90.34,49.59,64.54,34.84,55.32, ,152,92.34,50.22,73.67,39.56,54.73, ,120,89.09,48.94,62.78,34.01,55.42
0.8,1,0.85,0.6,"BOP2-OC",164.63,92.88,76.83,75.33,60.56,82.86, ,123.74,93.12,77.03,76.58,61.72,83.01, ,151.96,91.03,77.7,80.51,67.75,85.94, ,119.89,91.51,74.81,79.03,63.26,82.49
0.8,1,0.85,0.6,"Dunnett",165,95.69,36.75,86.72,32.36,38.9, ,124,94.06,36.04,84.58,31.53,39.09, ,152,95.32,37.19,87.9,33.44,39.58, ,120,93.05,36.05,82.95,31.32,39.48
0.8,1,0.85,0.6,"BOP2-OC",159.11,80.32,71.56,63.45,55.7,78.23, ,119.96,81.75,72.05,66.61,57.86,78.46, ,150.28,81.11,74.02,71.21,64.49,82.76, ,117.28,81.43,71.47,69.66,60.48,79.17
0.8,1,0.85,0.6,"Dunnett",165,95.69,36.75,86.72,32.36,38.9, ,124,94.06,36.04,84.58,31.53,39.09, ,152,95.32,37.19,87.9,33.44,39.58, ,120,93.05,36.05,82.95,31.32,39.48
0.85,1,0.85,0.6,"BOP2-OC",151.74,9.95,9.95,5.03,5.03,84.95, ,116.38,10.32,10.32,5.04,5.04,84.42, ,136.58,9.81,9.81,4.78,4.78,89.18, ,108.52,9.85,9.85,4.98,4.98,88.73
0.85,1,0.85,0.6,"Dunnett",168,10.06,10.06,5.04,5.04,100, ,129,10.11,10.11,5.08,5.08,100, ,150,10,10,5.02,5.02,100, ,119,10.04,10.04,5.06,5.06,100
0.85,1,0.85,0.6,"BOP2-OC",150.24,9.11,9.1,4.42,4.42,83.56, ,115.8,9.31,9.31,4.48,4.48,83.7, ,135.37,9.09,9.09,4.3,4.3,88.2, ,108.1,8.83,8.83,4.27,4.27,88.28
0.85,1,0.85,0.6,"Dunnett",168,10.06,10.06,5.04,5.04,100, ,129,10.11,10.11,5.08,5.08,100, ,150,10,10,5.02,5.02,100, ,119,10.04,10.04,5.06,5.06,100
0.85,1,0.85,0.6,"BOP2-OC",149.78,9.06,5.97,4.45,2.94,54.93, ,115.27,8.8,5.85,4.31,2.85,55.46, ,135.5,9.03,6.08,4.24,2.84,59.92, ,107.6,8.77,6.05,4.23,2.87,60.27
0.85,1,0.85,0.6,"Dunnett",168,10.06,5.22,5.04,2.5,55.61, ,129,10.11,5.08,5.08,2.45,56.22, ,150,10,5.28,5.02,2.66,56.41, ,119,10.04,4.97,5.06,2.46,47.15
0.85,1,0.85,0.6,"BOP2-OC",95.34,1.58, ,1.58, ,0, ,74.29,1.41, ,1.38, ,0, ,81.86,1.65, ,1.62, ,0, ,67.88,1.53, ,1.49, ,0
0.85,1,0.85,0.6,"Dunnett",168,7.76,0,7.68,0,0, ,129,8.05,0,7.8,0,0, ,150,7.09,0,6.78,0,0, ,119,7.82,0,7.52,0,0
0.85,1,0.85,0.6,"BOP2-OC",167.99,93.86,93.86,79.64,79.64,100, ,128.98,93.96,93.96,81.61,81.6,99.98, ,149.99,93.06,93.06,83.56,83.56,100, ,119,93.36,93.36,82.14,82.14,100
0.85,1,0.85,0.6,"Dunnett",168,93.62,93.62,83.58,83.58,100, ,129,94.12,94.12,80.34,80.34,100, ,150,89.42,89.42,74.02,74.02,100, ,119,90.28,90.28,77.09,77.09,100
0.85,1,0.85,0.6,"BOP2-OC",167.94,91.68,91.68,75.12,75.12,99.94, ,128.91,91.87,91.87,77.5,77.5,99.89, ,149.98,91.76,91.76,80.57,80.57,99.98, ,118.99,91.94,91.94,78.79,78.79,99.99
0.85,1,0.85,0.6,"Dunnett",168,93.62,93.62,83.58,83.58,100, ,129,94.12,94.12,80.34,80.34,100, ,150,89.42,89.42,74.02,74.02,100, ,119,90.28,90.28,77.09,77.09,100
0.85,1,0.85,0.6,"BOP2-OC",165.81,80.83,80.73,59.11,59.11,89.44, ,127.42,81.12,80.99,54.34,54.34,89.86, ,149.01,81.76,81.64,66.26,66.26,90.48, ,118.28,81.73,81.62,57.51,57.51,90.44
0.85,1,0.85,0.6,"Dunnett",168,86.37,86.36,66.88,66.88,99.98, ,129,85.44,85.44,54.75,54.75,99.98, ,150,83.24,83.23,60.97,60.97,99.97, ,119,82,82,50.22,50.22,99.98
0.85,1,0.85,0.6,"BOP2-OC",167.58,84.96,76.57,68.53,66.26,79.7, ,128.71,84.45,76.36,63.07,61.54,79.35, ,149.87,85.42,78.05,73.73,71.17,81.31, ,118.91,84.89,77.65,65.97,64.41,80.91
0.85,1,0.85,0.6,"Dunnett",168,93.52,91.62,79.32,78.24,97.3, ,129,92.68,90.54,67.17,66.42,97.09, ,150,88.52,86.58,70.25,69.36,96.84, ,119,89.25,87.61,66.16,65.5,97.54
0.85,1,0.85,0.6,"BOP2-OC",167.66,90.1,77.72,72.54,62.19,85.63, ,128.77,89.9,77.5,74.52,63.9,85.54, ,149.94,90.13,78.59,77.92,67.59,86.79, ,118.94,89.94,78.32,76.11,66.06,86.68
0.85,1,0.85,0.6,"Dunnett",168,93.62,51.36,83.58,45.42,55.1, ,129,94.12,51.58,80.34,43.66,55.14, ,150,89.42,48.56,74.02,39.57,54.87, ,119,90.28,45.52,77.09,38.25,50.82
0.85,1,0.85,0.6,"BOP2-OC",167.64,89.68,77.37,63.28,54.11,85.54, ,128.77,89.92,77.52,61.35,52.47,85.55, ,149.94,90.24,78.74,71.47,61.94,86.78, ,118.92,90,78.33,64.28,55.61,86.48
0.85,1,0.85,0.6,"Dunnett",168,93.62,51.36,76.78,41.44,55.1, ,129,94.12,51.58,67.73,36.59,55.14, ,150,89.42,48.56,65.96,35.12,54.87, ,119,90.28,45.52,65.19,32.17,50.82
0.85,1,0.85,0.6,"BOP2-OC",167.86,91.94,75.35,75.98,60.51,82.8, ,128.91,91.39,74.67,77.86,62.2,82.49, ,149.96,91.86,76.15,80.72,65.69,83.61, ,118.98,91.39,75.89,78.55,63.97,83.78
0.85,1,0.85,0.6,"Dunnett",168,96.19,36.88,89.7,33.77,38.71, ,129,96.56,37,86.94,32.49,38.81, ,150,92.92,35.86,82.08,30.62,39.57, ,119,93.99,32.65,85.04,28.7,35.41
0.85,1,0.85,0.6,"BOP2-OC",164.66,81.91,71.64,66.64,57.11,79.25, ,126.71,81.96,71.34,68.6,58.85,79.17, ,148.72,82.93,73.1,72.57,63.32,81.03, ,118.15,82.42,72.97,70.01,61.2,81.07
0.85,1,0.85,0.6,"Dunnett",168,96.19,36.88,89.7,33.77,38.71, ,129,96.56,37,86.94,32.49,38.81, ,150,92.92,35.86,82.08,30.62,39.57, ,119,93.99,32.65,85.04,28.7,35.41
0.85,1,0.9,0.65,"BOP2-OC",175.58,9.98,9.99,5.14,5.14,89.18, ,134.52,10.05,10.05,5.08,5.08,88.73, ,148.02,10.12,10.12,5.02,5.02,78.59, ,122.77,10.13,10.13,5.1,5.1,84.42
0.85,1,0.9,0.65,"Dunnett",189,10.01,10.01,5.01,5.01,100, ,145,10.04,10.04,5.06,5.06,100, ,178,10.02,10.02,5.02,5.02,100, ,141,10,10,5.03,5.03,100
0.85,1,0.9,0.65,"BOP2-OC",174.37,9.01,9.01,4.55,4.55,88.2, ,134.1,8.64,8.64,4.26,4.26,88.28, ,146.78,9.61,9.61,4.69,4.69,77.7, ,121.93,9.18,9.18,4.43,4.43,83.7
0.85,1,0.9,0.65,"Dunnett",189,10.01,10.01,5.01,5.01,100, ,145,10.04,10.04,5.06,5.06,100, ,178,10.02,10.02,5.02,5.02,100, ,141,10,10,5.03,5.03,100
0.85,1,0.9,0.65,"BOP2-OC",174.5,8.97,5.98,4.46,2.9,59.92, ,133.6,8.71,5.98,4.11,2.82,60.27, ,145.58,8.84,5.84,4.45,2.88,50.02, ,121.16,9.04,5.93,4.42,2.92,55.46
0.85,1,0.9,0.65,"Dunnett",189,10.01,4.96,5.01,2.46,47.29, ,145,10.04,5.2,5.06,2.7,55.9, ,178,10.02,5.36,5.02,2.58,56.04, ,141,10,5.14,5.03,2.58,55.67
0.85,1,0.9,0.65,"BOP2-OC",120.86,1.61, ,1.6, ,0, ,93.88,1.5, ,1.48, ,0, ,72.15,1.18, ,1.17, ,0, ,61.97,1.39, ,1.35, ,0
0.85,1,0.9,0.65,"Dunnett",189,6.9,0,6.82,0,0, ,145,7.11,0,6.9,0,0, ,178,6.94,0,6.84,0,0, ,141,7.03,0,6.8,0,0
0.85,1,0.9,0.65,"BOP2-OC",188.99,96.46,96.46,84.82,84.82,100, ,145,96.33,96.33,86.34,86.34,100, ,177.99,95.95,95.95,88.97,88.97,100, ,140.98,96.05,96.05,86.51,86.51,99.98
0.85,1,0.9,0.65,"Dunnett",189,95.54,95.54,88.85,88.85,100, ,145,94.21,94.21,83.91,83.91,100, ,178,93.48,93.48,84.9,84.9,100, ,141,93.38,93.38,82.45,82.45,100
0.85,1,0.9,0.65,"BOP2-OC",188.98,94.94,94.94,81.19,81.19,99.98, ,144.99,95.22,95.21,82.78,82.78,99.99, ,177.99,94.85,94.85,86.38,86.38,99.99, ,140.88,94.89,94.89,83.34,83.34,99.89
0.85,1,0.9,0.65,"Dunnett",189,95.54,95.54,88.85,88.85,100, ,145,94.21,94.21,83.91,83.91,100, ,178,93.48,93.48,84.9,84.9,100, ,141,93.38,93.38,82.45,82.45,100
0.85,1,0.9,0.65,"BOP2-OC",188.01,85.06,84.96,65.03,65.03,90.48, ,144.28,84.91,84.82,59.95,59.94,90.44, ,176.91,89.43,89.37,75.3,75.3,95.54, ,138.72,84.69,84.55,61.42,61.42,89.86
0.85,1,0.9,0.65,"Dunnett",189,89.92,89.92,73.78,73.78,100, ,145,88.5,88.5,57.09,57.09,99.99, ,178,88.2,88.2,71.29,71.29,99.98, ,141,87.92,87.92,55.71,55.71,99.99
0.85,1,0.9,0.65,"BOP2-OC",188.87,87.41,79.76,73.37,71.29,81.31, ,144.91,87.32,79.38,68.76,67.24,80.91, ,177.8,90.7,84.11,80.97,78.61,85.95, ,140.58,86.45,77.88,68.72,67.03,79.35
0.85,1,0.9,0.65,"Dunnett",189,94.16,93.17,83.3,82.67,98.78, ,145,92.96,91.44,71.83,71.19,97.84, ,178,92.53,91.04,80.97,80.05,97.89, ,141,92.25,90.7,70.23,69.54,97.68
0.85,1,0.9,0.65,"BOP2-OC",188.94,93.52,81.62,78.46,67.92,86.79, ,144.94,93.44,81.47,80.78,70.14,86.68, ,177.94,93.61,84.68,84.29,76.06,90.33, ,140.66,93.42,80.62,81.2,69.86,85.54
0.85,1,0.9,0.65,"Dunnett",189,95.54,48.72,88.85,45.71,50.79, ,145,94.21,51.18,83.91,45.27,54.76, ,178,93.48,51.4,84.9,46.39,55.23, ,141,93.38,50.54,82.45,44.3,54.5
0.85,1,0.9,0.65,"BOP2-OC",188.94,93.64,81.81,70,60.61,86.78, ,144.92,93.58,81.47,67.23,58.25,86.48, ,177.94,93.56,84.66,77,69.33,90.33, ,140.66,93.43,80.63,68.7,58.91,85.55
0.85,1,0.9,0.65,"Dunnett",189,95.54,48.72,83.11,42.93,50.79, ,145,94.21,51.18,72.28,38.67,54.76, ,178,93.48,51.4,78.61,42.74,55.23, ,141,93.38,50.54,70.88,37.81,54.5
0.85,1,0.9,0.65,"BOP2-OC",188.96,95.02,79.03,81.67,66.49,83.61, ,144.98,94.97,79.17,83.11,68.08,83.78, ,177.98,94.54,82.17,85.74,73.66,87.36, ,140.87,94.86,77.9,83.91,67.64,82.49
0.85,1,0.9,0.65,"Dunnett",189,97.48,32.62,93.34,31.32,33.52, ,145,96.73,36.05,89.96,32.9,37.74, ,178,96.31,36.34,91.01,33.71,38.15, ,141,96.12,35.88,88.77,32.44,37.8
0.85,1,0.9,0.65,"BOP2-OC",187.72,85.93,75.9,72.97,63.61,81.03, ,144.15,85.52,75.89,74.05,64.96,81.07, ,175.7,87.52,79.89,78.59,71.24,85.06, ,137.69,84.19,74.47,73.83,64.61,79.17
0.85,1,0.9,0.65,"Dunnett",189,97.48,32.62,93.34,31.32,33.52, ,145,96.73,36.05,89.96,32.9,37.74, ,178,96.31,36.34,91.01,33.71,38.15, ,141,96.12,35.88,88.77,32.44,37.8
0.8,1,0.9,0.65,"BOP2-OC",173.81,9.11,9.11,4.82,4.82,83.75, ,131.58,10.01,10.01,5.12,5.12,84.42, ,148.02,10.05,10.06,5.02,5.02,78.59, ,122.77,10.12,10.12,5.1,5.1,84.42
0.8,1,0.9,0.65,"Dunnett",192,10.07,10.07,5.04,5.04,100, ,147,10,10,5,5,100, ,178,10.02,10.02,5.02,5.02,100, ,141,10,10,5.03,5.03,100
0.8,1,0.9,0.65,"BOP2-OC",173.06,8.25,8.25,4.41,4.41,83.08, ,130.87,8.9,8.9,4.4,4.39,83.7, ,146.78,9.53,9.53,4.68,4.68,77.7, ,121.93,9.16,9.16,4.43,4.43,83.7
0.8,1,0.9,0.65,"Dunnett",192,10.07,10.07,5.04,5.04,100, ,147,10,10,5,5,100, ,178,10.02,10.02,5.02,5.02,100, ,141,10,10,5.03,5.03,100
0.8,1,0.9,0.65,"BOP2-OC",172.6,8.36,5.52,4.45,3.1,55.06, ,130.21,8.48,5.66,4.4,2.92,55.46, ,145.58,8.77,5.78,4.45,2.88,50.02, ,121.16,9.01,5.9,4.42,2.92,55.46
0.8,1,0.9,0.65,"Dunnett",192,10.07,5.24,5.04,2.66,55.52, ,147,10,4.82,5,2.37,47.59, ,178,10.02,5.36,5.02,2.58,56.04, ,141,10,5.14,5.03,2.58,55.67
0.8,1,0.9,0.65,"BOP2-OC",117.35,1.41, ,1.41, ,0, ,80.13,1.14, ,1.12, ,0, ,72.15,0.84, ,0.84, ,0, ,61.97,0.99, ,0.98, ,0
0.8,1,0.9,0.65,"Dunnett",192,6.88,0,6.7,0,0, ,147,7.07,0,6.86,0,0, ,178,6.94,0,6.84,0,0, ,141,7.03,0,6.8,0,0
0.8,1,0.9,0.65,"BOP2-OC",191.99,96.77,96.77,89.66,89.66,100, ,146.98,96.56,96.56,86.89,86.89,99.98, ,177.99,95.95,95.95,88.97,88.97,100, ,140.98,96.05,96.05,86.51,86.51,99.98
0.8,1,0.9,0.65,"Dunnett",192,95.84,95.84,87.2,87.2,100, ,147,94.85,94.85,83.88,83.88,100, ,178,93.48,93.48,84.9,84.9,100, ,141,93.38,93.38,82.45,82.45,100
0.8,1,0.9,0.65,"BOP2-OC",191.99,95.36,95.36,86.4,86.4,100, ,146.9,95.47,95.47,83.58,83.58,99.89, ,177.99,94.85,94.85,86.38,86.38,99.99, ,140.88,94.88,94.88,83.33,83.33,99.89
0.8,1,0.9,0.65,"Dunnett",192,95.84,95.84,87.2,87.2,100, ,147,94.85,94.85,83.88,83.88,100, ,178,93.48,93.48,84.9,84.9,100, ,141,93.38,93.38,82.45,82.45,100
0.8,1,0.9,0.65,"BOP2-OC",191.1,87.47,87.37,72.68,72.68,93.25, ,145.07,84.98,84.87,60.76,60.76,89.86, ,176.91,89.4,89.35,75.28,75.28,95.54, ,138.72,84.67,84.53,61.41,61.41,89.86
0.8,1,0.9,0.65,"Dunnett",192,90.33,90.33,69.22,69.22,100, ,147,88.67,88.67,59.55,59.55,100, ,178,88.2,88.2,71.29,71.29,99.98, ,141,87.92,87.92,55.71,55.71,99.99
0.8,1,0.9,0.65,"BOP2-OC",191.88,88.95,82.39,78.72,76.33,83.91, ,146.65,86.52,78.04,68.12,66.38,79.35, ,177.8,90.69,84.1,80.97,78.6,85.95, ,140.58,86.44,77.87,68.71,67.02,79.35
0.8,1,0.9,0.65,"Dunnett",192,94.76,93.46,83.37,82.6,98.31, ,147,92.96,91.84,69.23,68.76,98.57, ,178,92.53,91.04,80.97,80.05,97.89, ,141,92.25,90.7,70.23,69.54,97.68
0.8,1,0.9,0.65,"BOP2-OC",191.93,93.92,83.31,83.91,74.14,88.5, ,146.71,93.57,81.03,81.01,69.87,85.54, ,177.94,93.28,84.68,83.99,76.06,90.33, ,140.66,92.9,80.62,80.72,69.86,85.54
0.8,1,0.9,0.65,"Dunnett",192,95.84,52.22,87.2,47.03,54.61, ,147,94.85,48.42,83.88,43.44,50.72, ,178,93.48,51.4,84.9,46.39,55.23, ,141,93.38,50.54,82.45,44.3,54.5
0.8,1,0.9,0.65,"BOP2-OC",191.93,93.75,83.36,76.61,67.61,88.5, ,146.71,93.44,80.9,67.99,58.43,85.55, ,177.94,93.22,84.66,76.73,69.33,90.33, ,140.66,92.9,80.63,68.29,58.91,85.55
0.8,1,0.9,0.65,"Dunnett",192,95.84,52.22,80.97,43.35,54.61, ,147,94.85,48.42,71.59,37.56,50.72, ,178,93.48,51.4,78.61,42.74,55.23, ,141,93.38,50.54,70.88,37.81,54.5
0.8,1,0.9,0.65,"BOP2-OC",191.97,94.68,80.96,85.96,72.63,85.94, ,146.89,94.96,78.05,84.06,67.88,82.49, ,177.98,94.44,82.17,85.63,73.66,87.36, ,140.87,94.68,77.9,83.75,67.64,82.49
0.8,1,0.9,0.65,"Dunnett",192,97.82,36.02,92.38,33.37,36.96, ,147,97.05,32.73,89.5,30.24,33.64, ,178,96.31,36.34,91.01,33.71,38.15, ,141,96.12,35.88,88.77,32.44,37.8
0.8,1,0.9,0.65,"BOP2-OC",190.39,87.09,77.76,78.29,69.36,82.76, ,144.2,83.6,74.5,72.97,64.35,79.17, ,175.7,85.7,79.69,76.84,71.06,85.06, ,137.69,81.8,74.24,71.56,64.4,79.17
0.8,1,0.9,0.65,"Dunnett",192,97.82,36.02,92.38,33.37,36.96, ,147,97.05,32.73,89.5,30.24,33.64, ,178,96.31,36.34,91.01,33.71,38.15, ,141,96.12,35.88,88.77,32.44,37.8
0.9,1,0.8,0.65,"BOP2-OC",133.76,10.04,10.04,5.08,5.08,86.82, ,95.24,9.64,9.64,5.27,5.28,80.04, ,107.92,9.46,9.46,4.74,4.73,79.56, ,91.08,9.37,9.37,5.06,5.06,86.3
0.9,1,0.8,0.65,"Dunnett",148,10.1,10.1,5.07,5.07,100, ,112,10.04,10.04,5.05,5.05,100, ,130,10.03,10.03,5.02,5.02,100, ,103,10.09,10.09,5.04,5.04,100
0.9,1,0.8,0.65,"BOP2-OC",133.03,9.4,9.4,4.54,4.54,86.13, ,93.48,8.28,8.28,4.3,4.3,77.96, ,104.29,8.59,8.59,4.39,4.39,76.19, ,90.52,8.63,8.64,4.41,4.41,85.66
0.9,1,0.8,0.65,"Dunnett",148,10.1,10.1,5.07,5.07,100, ,112,10.04,10.04,5.05,5.05,100, ,130,10.03,10.03,5.02,5.02,100, ,103,10.09,10.09,5.04,5.04,100
0.9,1,0.8,0.65,"BOP2-OC",132.56,9.11,5.92,4.52,2.96,55.73, ,93.32,8.2,5.18,4.35,2.8,48.63, ,103.5,8.11,5.34,4.18,2.74,49.49, ,90.42,9.22,6.04,4.76,3.12,55.63
0.9,1,0.8,0.65,"Dunnett",148,10.1,5.24,5.07,2.67,56.36, ,112,10.04,5.12,5.05,2.58,55.57, ,130,10.03,5.18,5.02,2.56,56.28, ,103,10.09,4.74,5.04,2.4,46.63
0.9,1,0.8,0.65,"BOP2-OC",96.2,2.35, ,2.31, ,0, ,58.26,1.65, ,1.59, ,0, ,44.6,1.36, ,1.32, ,0, ,61.27,2.24, ,2.17, ,0
0.9,1,0.8,0.65,"Dunnett",148,7.45,0,7.28,0,0, ,112,7.89,0,7.56,0,0, ,130,7.58,0,7.36,0,0, ,103,7.54,0,7.21,0,0
0.9,1,0.8,0.65,"BOP2-OC",147.97,93.12,93.12,80.94,80.94,99.97, ,111.88,92.94,92.94,81.76,81.76,99.86, ,129.97,90.53,90.53,80.68,80.68,99.98, ,102.98,90.53,90.53,79.36,79.36,99.98
0.9,1,0.8,0.65,"Dunnett",148,91.33,91.33,78.81,78.81,100, ,112,91.51,91.51,73.65,73.65,100, ,130,88.88,88.88,76.53,76.53,100, ,103,87.11,87.11,73.72,73.72,100
0.9,1,0.8,0.65,"BOP2-OC",147.89,91.64,91.64,77.84,77.84,99.9, ,111.64,91.35,91.35,78.62,78.63,99.57, ,129.48,88.07,88.07,76.58,76.57,99.52, ,102.91,88.81,88.81,76.15,76.15,99.9
0.9,1,0.8,0.65,"Dunnett",148,91.33,91.33,78.81,78.81,100, ,112,91.51,91.51,73.65,73.65,100, ,130,88.88,88.88,76.53,76.53,100, ,103,87.11,87.11,73.72,73.72,100
0.9,1,0.8,0.65,"BOP2-OC",146.05,77.66,77.38,60.15,60.15,85.54, ,107.71,75.84,75.61,54.48,54.48,83.61, ,124.82,76.02,75.84,61.64,61.63,87.38, ,101.27,74.48,74.24,53.62,53.62,85.46
0.9,1,0.8,0.65,"Dunnett",148,81.88,81.88,63.3,63.3,99.98, ,112,80.78,80.77,50.36,50.36,99.93, ,130,77.25,77.25,55.44,55.44,99.92, ,103,78.6,78.6,50.38,50.38,99.91
0.9,1,0.8,0.65,"BOP2-OC",147.55,81.42,72.1,67.18,64.15,74.95, ,110.86,80.75,71.1,61.67,59.32,73.76, ,128.46,80.46,72.84,68.97,65.85,77.68, ,102.72,78.94,70.38,60.5,58.43,74.76
0.9,1,0.8,0.65,"Dunnett",148,89.22,87.05,74.54,73.43,96.58, ,112,89.66,87.33,59.91,59.17,96.46, ,130,86.42,83.58,71.2,69.58,95.53, ,103,83.75,81.55,58.18,57.21,96.67
0.9,1,0.8,0.65,"BOP2-OC",147.69,89.84,73.33,75.2,61.04,80.84, ,111.03,89.11,70.98,75.95,60.36,77.89, ,128.74,86.24,73.15,73.87,62.49,83.96, ,102.79,87.06,71.06,74.38,60.4,81.05
0.9,1,0.8,0.65,"Dunnett",148,91.33,49.61,78.81,42.39,54.92, ,112,91.51,50.3,73.65,40.12,55.28, ,130,88.88,48.82,76.53,41.5,55.61, ,103,87.11,45.35,73.72,39.26,50.72
0.9,1,0.8,0.65,"BOP2-OC",147.69,89.92,73.54,68.08,55.09,80.79, ,111.05,89,70.78,64.83,50.97,77.88, ,128.74,86.2,73.19,67.59,57.02,83.97, ,102.79,87.02,70.98,63.35,51.31,81.01
0.9,1,0.8,0.65,"Dunnett",148,91.33,49.61,71.54,38.36,54.92, ,112,91.51,50.3,60.92,33.1,55.28, ,130,88.88,48.82,69.84,37.63,55.61, ,103,87.11,45.35,62.94,33.86,50.72
0.9,1,0.8,0.65,"BOP2-OC",147.94,91.9,71.39,78.75,59.75,78.54, ,111.56,91.75,69.51,80.33,59.54,76.14, ,129.55,88.76,71.41,77.64,61.33,81.47, ,102.87,89.17,68.7,77.72,58.52,78.24
0.9,1,0.8,0.65,"Dunnett",148,94.48,36.86,85.95,32.63,39.75, ,112,94.57,37.84,81.39,31.52,40.63, ,130,92.62,37.48,83.62,32.99,41.3, ,103,91.18,33.92,80.66,30.41,36.74
0.9,1,0.8,0.65,"BOP2-OC",146.74,82.11,67.7,69.68,56.45,75.09, ,108.5,80.25,65.61,69.4,55.9,72.17, ,121.63,78.51,66,67.87,56.15,75.7, ,102.02,80.22,65.8,69.31,56.04,75.09
0.9,1,0.8,0.65,"Dunnett",148,94.48,36.86,85.95,32.63,39.75, ,112,94.57,37.84,81.39,31.52,40.63, ,130,92.62,37.48,83.62,32.99,41.3, ,103,91.18,33.92,80.66,30.41,36.74
0.95,1,0.8,0.65,"BOP2-OC",133.76,10.04,10.04,5.08,5.08,86.82, ,95.24,9.64,9.64,5.27,5.28,80.04, ,125.35,9.99,10,4.81,4.81,94.06, ,91.08,9.38,9.38,5.06,5.06,86.3
0.95,1,0.8,0.65,"Dunnett",148,10.1,10.1,5.07,5.07,100, ,112,10.04,10.04,5.05,5.05,100, ,132,10.01,10.01,5.03,5.03,100, ,103,10.09,10.09,5.04,5.04,100
0.95,1,0.8,0.65,"BOP2-OC",133.03,9.4,9.4,4.54,4.54,86.13, ,93.48,8.29,8.29,4.3,4.3,77.96, ,125.1,9.1,9.1,4.19,4.19,93.84, ,90.52,8.63,8.64,4.41,4.41,85.66
0.95,1,0.8,0.65,"Dunnett",148,10.1,10.1,5.07,5.07,100, ,112,10.04,10.04,5.05,5.05,100, ,132,10.01,10.01,5.03,5.03,100, ,103,10.09,10.09,5.04,5.04,100
0.95,1,0.8,0.65,"BOP2-OC",132.56,9.11,5.92,4.52,2.96,55.73, ,93.32,8.22,5.18,4.36,2.8,48.63, ,124.94,8.67,5.85,4.03,2.68,65.58, ,90.42,9.24,6.04,4.76,3.12,55.63
0.95,1,0.8,0.65,"Dunnett",148,10.1,5.24,5.07,2.67,56.36, ,112,10.04,5.12,5.05,2.58,55.57, ,132,10.01,5.28,5.03,2.62,56.26, ,103,10.09,4.74,5.04,2.4,46.63
0.95,1,0.8,0.65,"BOP2-OC",96.2,3.35, ,3.3, ,0, ,58.26,2.49, ,2.42, ,0, ,91.42,3.42, ,3.24, ,0, ,61.27,2.69, ,2.59, ,0
0.95,1,0.8,0.65,"Dunnett",148,7.45,0,7.28,0,0, ,112,7.89,0,7.56,0,0, ,132,7,0,6.8,0,0, ,103,7.54,0,7.21,0,0
0.95,1,0.8,0.65,"BOP2-OC",147.97,93.12,93.12,80.94,80.94,99.97, ,111.88,92.94,92.94,81.76,81.76,99.86, ,131.99,90.31,90.31,79.26,79.27,100, ,102.98,90.53,90.53,79.36,79.36,99.98
0.95,1,0.8,0.65,"Dunnett",148,91.33,91.33,78.81,78.81,100, ,112,91.51,91.51,73.65,73.65,100, ,132,86.94,86.94,75.96,75.96,100, ,103,87.11,87.11,73.72,73.72,100
0.95,1,0.8,0.65,"BOP2-OC",147.89,91.65,91.65,77.85,77.85,99.9, ,111.64,91.36,91.36,78.64,78.64,99.57, ,131.99,89.02,89.02,76.52,76.52,100, ,102.91,88.82,88.82,76.16,76.16,99.9
0.95,1,0.8,0.65,"Dunnett",148,91.33,91.33,78.81,78.81,100, ,112,91.51,91.51,73.65,73.65,100, ,132,86.94,86.94,75.96,75.96,100, ,103,87.11,87.11,73.72,73.72,100
0.95,1,0.8,0.65,"BOP2-OC",146.05,77.68,77.39,60.15,60.15,85.54, ,107.71,75.86,75.62,54.5,54.49,83.61, ,131.32,75.61,75.46,60.3,60.3,86.22, ,101.27,74.51,74.26,53.63,53.63,85.46
0.95,1,0.8,0.65,"Dunnett",148,81.88,81.88,63.3,63.3,99.98, ,112,80.78,80.77,50.36,50.36,99.93, ,132,79.04,79.04,59.25,59.25,99.87, ,103,78.6,78.6,50.38,50.38,99.91
0.95,1,0.8,0.65,"BOP2-OC",147.55,81.44,72.11,67.2,64.16,74.95, ,110.86,80.76,71.11,61.68,59.33,73.76, ,131.88,81.34,73.07,68.51,65.63,77.61, ,102.72,78.94,70.39,60.5,58.44,74.76
0.95,1,0.8,0.65,"Dunnett",148,89.22,87.05,74.54,73.43,96.58, ,112,89.66,87.33,59.91,59.17,96.46, ,132,84.67,82.03,71.98,70.47,95.43, ,103,83.75,81.55,58.18,57.21,96.67
0.95,1,0.8,0.65,"BOP2-OC",147.69,90.61,73.33,75.85,61.04,80.84, ,111.03,90.14,70.98,76.9,60.36,77.89, ,131.92,87.6,72.91,73.98,61.3,83.24, ,102.79,87.46,71.06,74.73,60.4,81.05
0.95,1,0.8,0.65,"Dunnett",148,91.33,49.61,78.81,42.39,54.92, ,112,91.51,50.3,73.65,40.12,55.28, ,132,86.94,47.58,75.96,41.08,55.44, ,103,87.11,45.35,73.72,39.26,50.72
0.95,1,0.8,0.65,"BOP2-OC",147.69,90.72,73.54,68.73,55.09,80.79, ,111.05,89.88,70.78,65.51,50.97,77.88, ,131.92,87.72,72.85,67.1,55.23,83.22, ,102.79,87.4,70.98,63.64,51.31,81.01
0.95,1,0.8,0.65,"Dunnett",148,91.33,49.61,71.54,38.36,54.92, ,112,91.51,50.3,60.92,33.1,55.28, ,132,86.94,47.58,70.45,37.72,55.44, ,103,87.11,45.35,62.94,33.86,50.72
0.95,1,0.8,0.65,"BOP2-OC",147.94,92.18,71.39,79.02,59.75,78.54, ,111.56,92.06,69.51,80.62,59.54,76.14, ,131.97,88.94,70.58,76.72,59.41,80.69, ,102.87,89.27,68.7,77.81,58.52,78.24
0.95,1,0.8,0.65,"Dunnett",148,94.48,36.86,85.95,32.63,39.75, ,112,94.57,37.84,81.39,31.52,40.63, ,132,91.26,36.9,83.1,32.8,41.42, ,103,91.18,33.92,80.66,30.41,36.74
0.95,1,0.8,0.65,"BOP2-OC",146.74,87.39,67.93,74.51,56.66,75.09, ,108.5,85.31,65.76,74.16,56.05,72.17, ,131.33,84.66,67.76,72.75,56.99,77.81, ,102.02,82.97,65.9,71.82,56.13,75.09
0.95,1,0.8,0.65,"Dunnett",148,94.48,36.86,85.95,32.63,39.75, ,112,94.57,37.84,81.39,31.52,40.63, ,132,91.26,36.9,83.1,32.8,41.42, ,103,91.18,33.92,80.66,30.41,36.74
0.85,1,0.8,0.65,"BOP2-OC",131.38,10.16,10.16,5.02,5.02,79.56, ,95.24,9.62,9.62,5.27,5.28,80.04, ,107.92,9.46,9.46,4.74,4.73,79.56, ,84.78,9.44,9.43,5.06,5.06,71.97
0.85,1,0.8,0.65,"Dunnett",151,10.03,10.03,5.05,5.05,100, ,112,10.04,10.04,5.05,5.05,100, ,130,10.03,10.03,5.02,5.02,100, ,110,10.04,10.04,5.03,5.03,100
0.85,1,0.8,0.65,"BOP2-OC",128.14,9.12,9.13,4.42,4.42,76.19, ,93.48,8.27,8.27,4.3,4.3,77.96, ,104.29,8.59,8.59,4.39,4.39,76.19, ,83.05,8.46,8.46,4.38,4.38,70.06
0.85,1,0.8,0.65,"Dunnett",151,10.03,10.03,5.05,5.05,100, ,112,10.04,10.04,5.05,5.05,100, ,130,10.03,10.03,5.02,5.02,100, ,110,10.04,10.04,5.03,5.03,100
0.85,1,0.8,0.65,"BOP2-OC",127.45,8.66,5.7,4.2,2.71,49.49, ,93.32,8.2,5.18,4.35,2.8,48.63, ,103.5,8.11,5.34,4.18,2.74,49.49, ,82.93,8.33,5.29,4.32,2.71,44.2
0.85,1,0.8,0.65,"Dunnett",151,10.03,5.36,5.05,2.64,56.05, ,112,10.04,5.12,5.05,2.58,55.57, ,130,10.03,5.18,5.02,2.56,56.28, ,110,10.04,5.16,5.03,2.52,55.81
0.85,1,0.8,0.65,"BOP2-OC",75.09,1.24, ,1.23, ,0, ,58.26,1.64, ,1.58, ,0, ,44.6,1.14, ,1.11, ,0, ,40.23,1.53, ,1.47, ,0
0.85,1,0.8,0.65,"Dunnett",151,7.5,0,7.33,0,0, ,112,7.89,0,7.56,0,0, ,130,7.58,0,7.36,0,0, ,110,7.23,0,7,0,0
0.85,1,0.8,0.65,"BOP2-OC",150.98,94.02,94.02,82.36,82.36,99.98, ,111.88,92.94,92.94,81.76,81.76,99.86, ,129.97,90.53,90.53,80.68,80.68,99.98, ,109.94,91.57,91.57,81.1,81.1,99.94
0.85,1,0.8,0.65,"Dunnett",151,92.4,92.4,82.52,82.52,100, ,112,91.51,91.51,73.65,73.65,100, ,130,88.88,88.88,76.53,76.53,100, ,110,88.48,88.48,74.72,74.72,100
0.85,1,0.8,0.65,"BOP2-OC",150.54,91.45,91.45,77.72,77.72,99.52, ,111.64,91.35,91.35,78.62,78.63,99.57, ,129.48,88.05,88.05,76.55,76.56,99.52, ,109.64,89.39,89.39,77.22,77.22,99.61
0.85,1,0.8,0.65,"Dunnett",151,92.4,92.4,82.52,82.52,100, ,112,91.51,91.51,73.65,73.65,100, ,130,88.88,88.88,76.53,76.53,100, ,110,88.48,88.48,74.72,74.72,100
0.85,1,0.8,0.65,"BOP2-OC",146.4,79.29,79.14,61.58,61.58,87.38, ,107.71,75.83,75.61,54.48,54.48,83.61, ,124.82,75.99,75.82,61.62,61.61,87.38, ,105.5,78.12,77.94,56.23,56.22,88.11
0.85,1,0.8,0.65,"Dunnett",151,82.93,82.92,61.82,61.82,99.96, ,112,80.78,80.77,50.36,50.36,99.93, ,130,77.25,77.25,55.44,55.44,99.92, ,110,79.9,79.88,48.2,48.2,99.9
0.85,1,0.8,0.65,"BOP2-OC",149.63,83.13,74.67,69.34,66.32,77.68, ,110.86,80.75,71.1,61.67,59.32,73.76, ,128.46,80.45,72.83,68.96,65.84,77.68, ,108.74,81.49,73.37,63.37,61.17,77.11
0.85,1,0.8,0.65,"Dunnett",151,90.42,88.28,77.53,76.25,96.71, ,112,89.66,87.33,59.91,59.17,96.46, ,130,86.42,83.58,71.2,69.58,95.53, ,110,86.48,84.07,61.67,60.73,96.08
0.85,1,0.8,0.65,"BOP2-OC",149.88,89.32,76.06,74.97,63.47,83.96, ,111.03,89.11,70.98,75.95,60.36,77.89, ,128.74,85.84,73.15,73.52,62.49,83.96, ,109.1,87.85,73.36,75.19,62.65,82.16
0.85,1,0.8,0.65,"Dunnett",151,92.4,50.21,82.52,44.44,54.61, ,112,91.51,50.3,73.65,40.12,55.28, ,130,88.88,48.82,76.53,41.5,55.61, ,110,88.48,48.19,74.72,40.3,55.02
0.85,1,0.8,0.65,"BOP2-OC",149.88,89.53,76.28,67.43,56.98,83.97, ,111.05,89,70.78,64.83,50.97,77.88, ,128.74,85.9,73.19,67.33,57.02,83.97, ,109.1,87.53,72.97,64.22,53.18,82.19
0.85,1,0.8,0.65,"Dunnett",151,92.4,50.21,76.05,40.8,54.61, ,112,91.51,50.3,60.92,33.1,55.28, ,130,88.88,48.82,69.84,37.63,55.61, ,110,88.48,48.19,63.65,34.24,55.02
0.85,1,0.8,0.65,"BOP2-OC",150.6,91.87,74.34,78.7,62.29,81.47, ,111.56,91.75,69.51,80.33,59.54,76.14, ,129.55,88.65,71.41,77.54,61.33,81.47, ,109.6,90.06,71.47,78.42,60.97,79.86
0.85,1,0.8,0.65,"Dunnett",151,95.3,37.06,88.53,33.72,39.46, ,112,94.57,37.84,81.39,31.52,40.63, ,130,92.62,37.48,83.62,32.99,41.3, ,110,92.32,37.13,82.16,32.14,41.01
0.85,1,0.8,0.65,"BOP2-OC",143.56,80.32,68.58,67.58,56.67,75.7, ,108.5,80.25,65.61,69.4,55.9,72.17, ,121.63,76.37,65.88,65.82,56.03,75.7, ,105.4,78.92,67.08,67.84,56.84,75.56
0.85,1,0.8,0.65,"Dunnett",151,95.3,37.06,88.53,33.72,39.46, ,112,94.57,37.84,81.39,31.52,40.63, ,130,92.62,37.48,83.62,32.99,41.3, ,110,92.32,37.13,82.16,32.14,41.01
0.8,2,0.85,0.65,"BOP2-OC",122.86,9.79,9.79,5.07,5.06,58.2, ,94.95,9.89,9.89,5.04,5.04,57.96, ,88.43,9.65,9.65,5.03,5.03,48.55, ,75.4,9.63,9.63,4.81,4.81,48.64
0.8,2,0.85,0.65,"Dunnett",168,10.06,10.06,5.04,5.04,100, ,129,10.11,10.11,5.08,5.08,100, ,144,10.02,10.02,5.02,5.02,100, ,117,10.05,10.05,5.07,5.07,100
0.8,2,0.85,0.65,"BOP2-OC",117.68,8.43,8.43,4.3,4.3,53.41, ,91.34,8.57,8.57,4.16,4.16,53.51, ,84.47,8.62,8.62,4.18,4.18,44.88, ,72.68,8.92,8.92,4.44,4.43,45.28
0.8,2,0.85,0.65,"Dunnett",168,10.06,10.06,5.04,5.04,100, ,129,10.11,10.11,5.08,5.08,100, ,144,10.02,10.02,5.02,5.02,100, ,117,10.05,10.05,5.07,5.07,100
0.8,2,0.85,0.65,"BOP2-OC",117.33,8.51,5.33,4.28,2.65,33.42, ,90.99,8.39,5.3,4.28,2.64,33.54, ,83.55,8.62,5.24,4.07,2.47,27.1, ,71.99,8.51,5.04,4.16,2.51,27.19
0.8,2,0.85,0.65,"Dunnett",168,10.06,5.22,5.04,2.5,55.61, ,129,10.11,5.08,5.08,2.45,56.22, ,144,10.02,4.88,5.02,2.48,47.13, ,117,10.05,5.24,5.07,2.53,56.18
0.8,2,0.85,0.65,"BOP2-OC",69.04,0.72, ,0.71, ,0, ,54.53,0.72, ,0.7, ,0, ,40.85,0.52, ,0.52, ,0, ,39.61,0.46, ,0.44, ,0
0.8,2,0.85,0.65,"Dunnett",168,7.76,0,7.68,0,0, ,129,8.05,0,7.8,0,0, ,144,7.68,0,7.44,0,0, ,117,7.61,0,7.31,0,0
0.8,2,0.85,0.65,"BOP2-OC",167.89,95.99,95.99,86.11,86.11,99.9, ,128.88,96.06,96.06,82.87,82.87,99.86, ,143.97,94.51,94.51,85.11,85.11,99.97, ,116.98,94.66,94.66,82.88,82.89,99.98
0.8,2,0.85,0.65,"Dunnett",168,93.62,93.62,83.58,83.58,100, ,129,94.12,94.12,80.34,80.34,100, ,144,89.94,89.94,78.59,78.59,100, ,117,91.26,91.26,75.07,75.07,100
0.8,2,0.85,0.65,"BOP2-OC",166.67,93.69,93.69,81.79,81.79,98.77, ,127.97,93.67,93.67,78.5,78.5,98.72, ,143.49,92.6,92.6,80.91,80.91,99.53, ,116.61,92.79,92.79,78.66,78.66,99.52
0.8,2,0.85,0.65,"Dunnett",168,93.62,93.62,83.58,83.58,100, ,129,94.12,94.12,80.34,80.34,100, ,144,89.94,89.94,78.59,78.59,100, ,117,91.26,91.26,75.07,75.07,100
0.8,2,0.85,0.65,"BOP2-OC",157.32,81.34,81.2,65.02,65.02,86.18, ,121.11,81.12,81.01,53.43,53.43,86.4, ,136.92,83.98,83.89,67.74,67.74,91.84, ,111.56,84.31,84.24,58.21,58.21,91.88
0.8,2,0.85,0.65,"Dunnett",168,86.37,86.36,66.88,66.88,99.98, ,129,85.44,85.44,54.75,54.75,99.98, ,144,81.81,81.8,62.83,62.83,99.98, ,117,82.02,82,50.92,50.92,99.95
0.8,2,0.85,0.65,"BOP2-OC",164.08,85,76.22,71.91,68.76,78.03, ,126.05,84.65,75.86,62.51,60.99,77.55, ,141.47,87.46,80.89,75.8,73.44,84.03, ,115.06,87.63,81.32,67.71,66.38,84.25
0.8,2,0.85,0.65,"Dunnett",168,93.52,91.62,79.32,78.24,97.3, ,129,92.68,90.54,67.17,66.42,97.09, ,144,87.78,86.14,74.39,73.38,97.36, ,117,89.42,87.16,61.66,60.81,96.57
0.8,2,0.85,0.65,"BOP2-OC",165.06,90.98,78.48,78.61,67.55,83.55, ,126.83,91.08,78.66,74.61,64.14,83.6, ,142.54,90.33,81.66,77.75,70.11,88.9, ,115.81,90.61,81.9,75.61,68.07,88.8
0.8,2,0.85,0.65,"Dunnett",168,93.62,51.36,83.58,45.42,55.1, ,129,94.12,51.58,80.34,43.66,55.14, ,144,89.94,45.07,78.59,39.7,50.23, ,117,91.26,49.8,75.07,40.66,55.1
0.8,2,0.85,0.65,"BOP2-OC",165.06,90.94,78.48,70.95,60.94,83.52, ,126.83,91.03,78.64,61.13,52.62,83.62, ,142.54,90.34,81.58,71.13,63.92,88.9, ,115.81,90.61,81.9,63.53,57.09,88.8
0.8,2,0.85,0.65,"Dunnett",168,93.62,51.36,76.78,41.44,55.1, ,129,94.12,51.58,67.73,36.59,55.14, ,144,89.94,45.07,72.31,36.48,50.23, ,117,91.26,49.8,62.31,33.52,55.1
0.8,2,0.85,0.65,"BOP2-OC",166.68,93.59,76.56,82.42,66.23,81.38, ,128.06,93.96,76.81,79.22,63.27,81.28, ,143.5,92.4,79.47,80.86,68.44,86.19, ,116.51,92.28,79.64,78.42,66.67,86.44
0.8,2,0.85,0.65,"Dunnett",168,96.19,36.88,89.7,33.77,38.71, ,129,96.56,37,86.94,32.49,38.81, ,144,93.14,32.81,85.21,29.8,35.84, ,117,94.52,37.14,82.78,31.67,39.85
0.8,2,0.85,0.65,"BOP2-OC",152.94,76.8,67.77,66.51,58.01,72.19, ,118.3,77.59,68.22,64.09,55.61,72.66, ,130.55,77.42,71.58,66.21,60.78,78.23, ,107.33,78.09,71.75,65.2,59.38,78.47
0.8,2,0.85,0.65,"Dunnett",168,96.19,36.88,89.7,33.77,38.71, ,129,96.56,37,86.94,32.49,38.81, ,144,93.14,32.81,85.21,29.8,35.84, ,117,94.52,37.14,82.78,31.67,39.85
0.85,2,0.8,0.65,"BOP2-OC",125.56,9.8,9.8,5.18,5.18,65.83, ,94.95,9.89,9.89,5.04,5.04,57.96, ,91.48,9.85,9.85,5,5,55.71, ,83.87,9.17,9.17,4.92,4.92,66.49
0.85,2,0.8,0.65,"Dunnett",157,10.13,10.13,5.08,5.08,100, ,129,10.11,10.11,5.08,5.08,100, ,134,10.03,10.03,5.02,5.02,100, ,109,10.01,10.01,5.01,5.01,100
0.85,2,0.8,0.65,"BOP2-OC",123.49,8.96,8.96,4.71,4.71,63.58, ,91.34,8.57,8.57,4.16,4.16,53.51, ,89.19,9.01,9.01,4.52,4.52,53.32, ,83.75,8.6,8.6,4.65,4.65,66.34
0.85,2,0.8,0.65,"Dunnett",157,10.13,10.13,5.08,5.08,100, ,129,10.11,10.11,5.08,5.08,100, ,134,10.03,10.03,5.02,5.02,100, ,109,10.01,10.01,5.01,5.01,100
0.85,2,0.8,0.65,"BOP2-OC",123.46,8.8,5.47,4.52,2.8,39.23, ,90.99,8.39,5.3,4.28,2.64,33.54, ,88.29,9.25,5.44,4.41,2.64,31.84, ,82.99,8.46,5.11,4.33,2.63,40.61
0.85,2,0.8,0.65,"Dunnett",157,10.13,5.28,5.08,2.56,55.52, ,129,10.11,5.08,5.08,2.45,56.22, ,134,10.03,4.86,5.02,2.28,46.9, ,109,10.01,5.18,5.01,2.51,56.15
0.85,2,0.8,0.65,"BOP2-OC",78.94,1.1, ,1.1, ,0, ,54.53,0.72, ,0.7, ,0, ,45.71,0.95, ,0.93, ,0, ,46.86,1.1, ,1.06, ,0
0.85,2,0.8,0.65,"Dunnett",157,7.7,0,7.55,0,0, ,129,8.05,0,7.8,0,0, ,134,7.3,0,7.08,0,0, ,109,7.26,0,6.93,0,0
0.85,2,0.8,0.65,"BOP2-OC",156.96,94.62,94.62,83.75,83.75,99.96, ,128.88,96.06,96.06,82.87,82.87,99.86, ,133.99,91.76,91.76,82.17,82.17,99.99, ,108.98,91.25,91.26,81.78,81.79,99.98
0.85,2,0.8,0.65,"Dunnett",157,93.6,93.6,83.39,83.39,100, ,129,94.12,94.12,80.34,80.34,100, ,134,88.8,88.8,78,78,100, ,109,88.64,88.64,70.56,70.56,100
0.85,2,0.8,0.65,"BOP2-OC",156.77,93.23,93.23,80.42,80.42,99.74, ,127.97,93.67,93.67,78.5,78.5,98.72, ,133.9,89.52,89.52,77.75,77.75,99.89, ,108.96,89.24,89.24,77.5,77.5,99.94
0.85,2,0.8,0.65,"Dunnett",157,93.6,93.6,83.39,83.39,100, ,129,94.12,94.12,80.34,80.34,100, ,134,88.8,88.8,78,78,100, ,109,88.64,88.64,70.56,70.56,100
0.85,2,0.8,0.65,"BOP2-OC",152.8,83.48,83.38,65.11,65.11,90.98, ,121.11,81.12,81.01,53.43,53.43,86.4, ,130.94,83.75,83.64,67.78,67.78,95.03, ,107.68,82.58,82.52,60.31,60.31,95.25
0.85,2,0.8,0.65,"Dunnett",157,84.36,84.36,66.55,66.55,99.96, ,129,85.44,85.44,54.75,54.75,99.98, ,134,79.86,79.85,60.7,60.7,99.96, ,109,79.96,79.95,48.76,48.76,99.9
0.85,2,0.8,0.65,"BOP2-OC",155.91,86.41,78.74,72.66,70.21,81.41, ,126.05,84.65,75.86,62.51,60.99,77.55, ,133.16,86.53,80.7,75.11,72.93,85.91, ,108.72,85.52,79.88,68.9,67.19,85.23
0.85,2,0.8,0.65,"Dunnett",157,91.76,89.65,78.16,77.04,96.95, ,129,92.68,90.54,67.17,66.42,97.09, ,134,84.85,82.71,72.76,71.48,96.76, ,109,86.62,84.28,57.14,56.41,96.16
0.85,2,0.8,0.65,"BOP2-OC",156.2,90.54,78.4,76.81,66.08,85.71, ,126.83,91.08,78.66,74.61,64.14,83.6, ,133.58,87.74,79.14,75.12,67.38,89.85, ,108.87,87.15,77.88,74.56,66.32,89.1
0.85,2,0.8,0.65,"Dunnett",157,93.6,51,83.39,45.08,54.77, ,129,94.12,51.58,80.34,43.66,55.14, ,134,88.8,45.5,78,39.63,50.31, ,109,88.64,48.57,70.56,38.2,55.39
0.85,2,0.8,0.65,"BOP2-OC",156.2,90.94,78.72,69.43,59.64,85.69, ,126.83,91.03,78.64,61.13,52.62,83.62, ,133.58,87.87,79.1,68.83,61.63,89.85, ,108.83,87.07,77.66,64.44,56.9,88.89
0.85,2,0.8,0.65,"Dunnett",157,93.6,51,76.49,41.12,54.77, ,129,94.12,51.58,67.73,36.59,55.14, ,134,88.8,45.5,72.01,36.3,50.31, ,109,88.64,48.57,58.1,31.29,55.39
0.85,2,0.8,0.65,"BOP2-OC",156.66,92.62,76.33,79.67,64.38,82.86, ,128.06,93.96,76.81,79.22,63.27,81.28, ,133.81,89.34,76.98,77.56,65.76,86.98, ,108.95,88.67,75.76,77.46,65.23,86.46
0.85,2,0.8,0.65,"Dunnett",157,96.08,37.03,89.37,33.66,39, ,129,96.56,37,86.94,32.49,38.81, ,134,92.31,33.34,84.61,29.92,35.88, ,109,92.5,36.94,78.5,30.43,40.74
0.85,2,0.8,0.65,"BOP2-OC",151.58,82.06,71.22,69.52,59.55,78.23, ,118.3,77.59,68.22,64.09,55.61,72.66, ,128.13,80.5,72.54,69.36,62.02,82.81, ,107.06,80.85,72.5,69.71,61.96,83.32
0.85,2,0.8,0.65,"Dunnett",157,96.08,37.03,89.37,33.66,39, ,129,96.56,37,86.94,32.49,38.81, ,134,92.31,33.34,84.61,29.92,35.88, ,109,92.5,36.94,78.5,30.43,40.74
0.8,2,0.8,0.65,"BOP2-OC",118.2,9.71,9.71,4.96,4.96,58.2, ,94.95,9.89,9.89,5.04,5.04,57.96, ,91.48,9.85,9.85,5,5,55.71, ,83.87,9.15,9.15,4.92,4.92,66.49
0.8,2,0.8,0.65,"Dunnett",160,10.02,10.02,5.03,5.03,100, ,129,10.11,10.11,5.08,5.08,100, ,134,10.03,10.03,5.02,5.02,100, ,109,10.01,10.01,5.01,5.01,100
0.8,2,0.8,0.65,"BOP2-OC",113.4,8.36,8.36,4.32,4.32,53.41, ,91.34,8.57,8.57,4.16,4.16,53.51, ,89.19,9.01,9.01,4.52,4.52,53.32, ,83.75,8.59,8.59,4.65,4.65,66.34
0.8,2,0.8,0.65,"Dunnett",160,10.02,10.02,5.03,5.03,100, ,129,10.11,10.11,5.08,5.08,100, ,134,10.03,10.03,5.02,5.02,100, ,109,10.01,10.01,5.01,5.01,100
0.8,2,0.8,0.65,"BOP2-OC",113.08,8.48,5.35,4.28,2.68,33.42, ,90.99,8.39,5.3,4.28,2.64,33.54, ,88.29,9.24,5.44,4.4,2.64,31.84, ,82.99,8.45,5.11,4.33,2.63,40.61
0.8,2,0.8,0.65,"Dunnett",160,10.02,5.18,5.03,2.5,55.57, ,129,10.11,5.08,5.08,2.45,56.22, ,134,10.03,4.86,5.02,2.28,46.9, ,109,10.01,5.18,5.01,2.51,56.15
0.8,2,0.8,0.65,"BOP2-OC",68.37,0.69, ,0.68, ,0, ,54.53,0.72, ,0.7, ,0, ,45.71,0.75, ,0.74, ,0, ,46.86,1.09, ,1.05, ,0
0.8,2,0.8,0.65,"Dunnett",160,7.32,0,7.08,0,0, ,129,8.05,0,7.8,0,0, ,134,7.3,0,7.08,0,0, ,109,7.26,0,6.93,0,0
0.8,2,0.8,0.65,"BOP2-OC",159.9,95.15,95.15,84.38,84.38,99.9, ,128.88,96.06,96.06,82.87,82.87,99.86, ,133.99,91.76,91.76,82.17,82.17,99.99, ,108.98,91.25,91.26,81.78,81.79,99.98
0.8,2,0.8,0.65,"Dunnett",160,91.54,91.54,77.92,77.92,100, ,129,94.12,94.12,80.34,80.34,100, ,134,88.8,88.8,78,78,100, ,109,88.64,88.64,70.56,70.56,100
0.8,2,0.8,0.65,"BOP2-OC",158.77,92.68,92.68,79.94,79.94,98.77, ,127.97,93.67,93.67,78.5,78.5,98.72, ,133.9,89.51,89.51,77.74,77.74,99.89, ,108.96,89.24,89.24,77.5,77.5,99.94
0.8,2,0.8,0.65,"Dunnett",160,91.54,91.54,77.92,77.92,100, ,129,94.12,94.12,80.34,80.34,100, ,134,88.8,88.8,78,78,100, ,109,88.64,88.64,70.56,70.56,100
0.8,2,0.8,0.65,"BOP2-OC",150.11,80.04,79.9,63.2,63.2,86.18, ,121.11,81.12,81.01,53.43,53.43,86.4, ,130.94,83.75,83.64,67.77,67.77,95.03, ,107.68,82.58,82.52,60.31,60.31,95.25
0.8,2,0.8,0.65,"Dunnett",160,85.64,85.63,63.74,63.74,99.97, ,129,85.44,85.44,54.75,54.75,99.98, ,134,79.86,79.85,60.7,60.7,99.96, ,109,79.96,79.95,48.76,48.76,99.9
0.8,2,0.8,0.65,"BOP2-OC",156.37,84.11,75.7,70.64,67.58,78.03, ,126.05,84.65,75.86,62.51,60.99,77.55, ,133.16,86.52,80.69,75.1,72.92,85.91, ,108.72,85.52,79.88,68.9,67.19,85.23
0.8,2,0.8,0.65,"Dunnett",160,90.5,88.52,73.48,72.53,97.08, ,129,92.68,90.54,67.17,66.42,97.09, ,134,84.85,82.71,72.76,71.48,96.76, ,109,86.62,84.28,57.14,56.41,96.16
0.8,2,0.8,0.65,"BOP2-OC",157.28,89.67,77.38,76.53,65.76,83.55, ,126.83,91.08,78.66,74.61,64.14,83.6, ,133.58,87.54,79.14,74.94,67.38,89.85, ,108.87,87.15,77.88,74.56,66.32,89.1
0.8,2,0.8,0.65,"Dunnett",160,91.54,49.78,77.92,41.99,54.84, ,129,94.12,51.58,80.34,43.66,55.14, ,134,88.8,45.5,78,39.63,50.31, ,109,88.64,48.57,70.56,38.2,55.39
0.8,2,0.8,0.65,"BOP2-OC",157.28,89.55,77.38,68.91,59.28,83.52, ,126.83,91.03,78.64,61.13,52.62,83.62, ,133.58,87.64,79.1,68.64,61.63,89.85, ,108.83,87.07,77.66,64.44,56.9,88.89
0.8,2,0.8,0.65,"Dunnett",160,91.54,49.78,69.95,37.61,54.84, ,129,94.12,51.58,67.73,36.59,55.14, ,134,88.8,45.5,72.01,36.3,50.31, ,109,88.64,48.57,58.1,31.29,55.39
0.8,2,0.8,0.65,"BOP2-OC",158.78,92.55,75.63,80.45,64.46,81.38, ,128.06,93.96,76.81,79.22,63.27,81.28, ,133.81,89.25,76.98,77.48,65.76,86.98, ,108.95,88.67,75.76,77.46,65.23,86.46
0.8,2,0.8,0.65,"Dunnett",160,94.96,36.19,85.47,31.67,38.77, ,129,96.56,37,86.94,32.49,38.81, ,134,92.31,33.34,84.61,29.92,35.88, ,109,92.5,36.94,78.5,30.43,40.74
0.8,2,0.8,0.65,"BOP2-OC",146.06,75.43,66.59,64.39,56.14,72.19, ,118.3,77.59,68.22,64.09,55.61,72.66, ,128.13,78.78,72.33,67.77,61.82,82.81, ,107.06,80.85,72.5,69.71,61.96,83.32
0.8,2,0.8,0.65,"Dunnett",160,94.96,36.19,85.47,31.67,38.77, ,129,96.56,37,86.94,32.49,38.81, ,134,92.31,33.34,84.61,29.92,35.88, ,109,92.5,36.94,78.5,30.43,40.74
0.95,1,0.85,0.6,"BOP2-OC",137.23,10.04,10.04,5.08,5.08,86.82, ,104.49,10.13,10.13,5.16,5.16,86.3, ,143.32,10.03,10.03,5.08,5.08,94.44, ,107.82,9.84,9.84,4.95,4.95,90.72
0.95,1,0.85,0.6,"Dunnett",152,10.01,10.01,5.02,5.02,100, ,116,10.2,10.2,5.12,5.12,100, ,150,10,10,5.02,5.02,100, ,117,10.05,10.05,5.07,5.07,100
0.95,1,0.85,0.6,"BOP2-OC",136.47,9.37,9.37,4.51,4.51,86.13, ,103.95,9.4,9.4,4.54,4.55,85.66, ,143.14,9.01,9,4.42,4.42,94.28, ,107.5,8.84,8.84,4.06,4.07,90.4
0.95,1,0.85,0.6,"Dunnett",152,10.01,10.01,5.02,5.02,100, ,116,10.2,10.2,5.12,5.12,100, ,150,10,10,5.02,5.02,100, ,117,10.05,10.05,5.07,5.07,100
0.95,1,0.85,0.6,"BOP2-OC",135.99,9.24,6.12,4.56,3,55.73, ,103.85,9.56,6.15,4.66,2.92,55.63, ,142.63,8.65,6.14,4.13,2.86,67.97, ,106.65,9.52,6.15,4.61,3,60.7
0.95,1,0.85,0.6,"Dunnett",152,10.01,5.29,5.02,2.62,56.09, ,116,10.2,5.28,5.12,2.54,55.74, ,150,10,5.28,5.02,2.66,56.41, ,117,10.05,5.24,5.07,2.53,56.18
0.95,1,0.85,0.6,"BOP2-OC",98.28,3.18, ,3.16, ,0, ,75.71,3.12, ,3.02, ,0, ,95.6,2.96, ,2.89, ,0, ,66.76,2.42, ,2.36, ,0
0.95,1,0.85,0.6,"Dunnett",152,7.65,0,7.44,0,0, ,116,7.87,0,7.54,0,0, ,150,7.09,0,6.78,0,0, ,117,7.61,0,7.31,0,0
0.95,1,0.85,0.6,"BOP2-OC",151.97,93.84,93.84,81.87,81.87,99.97, ,115.98,94.04,94.05,78.12,78.12,99.98, ,150,92.82,92.82,83.76,83.76,100, ,116.98,92.93,92.93,81.3,81.3,99.98
0.95,1,0.85,0.6,"Dunnett",152,92.34,92.34,81.44,81.44,100, ,116,90.32,90.32,74.15,74.15,100, ,150,89.42,89.42,74.02,74.02,100, ,117,91.26,91.26,75.07,75.07,100
0.95,1,0.85,0.6,"BOP2-OC",151.89,92.62,92.62,78.98,78.98,99.9, ,115.92,92.46,92.46,74.43,74.43,99.9, ,150,90.88,90.88,80.38,80.38,100, ,116.93,91.47,91.47,78.33,78.33,99.93
0.95,1,0.85,0.6,"Dunnett",152,92.34,92.34,81.44,81.44,100, ,116,90.32,90.32,74.15,74.15,100, ,150,89.42,89.42,74.02,74.02,100, ,117,91.26,91.26,75.07,75.07,100
0.95,1,0.85,0.6,"BOP2-OC",149.97,78.46,78.22,61.08,61.08,85.54, ,114.33,78.09,77.88,49.51,49.51,85.46, ,149.55,81.23,81.07,66.75,66.75,90.59, ,115.39,77.59,77.42,54.34,54.34,85.74
0.95,1,0.85,0.6,"Dunnett",152,82.88,82.88,63.1,63.1,99.96, ,116,82.19,82.18,51.54,51.54,99.98, ,150,83.24,83.23,60.97,60.97,99.97, ,117,82.02,82,50.92,50.92,99.95
0.95,1,0.85,0.6,"BOP2-OC",151.53,82.04,72.54,67.9,64.77,74.95, ,115.73,81.98,72.28,57.59,56.01,74.76, ,149.98,85.8,79.2,75.26,72.74,82.86, ,116.65,82.29,73.74,63.46,61.66,76.8
0.95,1,0.85,0.6,"Dunnett",152,90.56,88.42,75.49,74.36,96.75, ,116,90.03,87.77,61.48,60.62,96.6, ,150,88.52,86.58,70.25,69.36,96.84, ,117,89.42,87.16,61.66,60.81,96.57
0.95,1,0.85,0.6,"BOP2-OC",151.68,91.44,74.09,77.11,62.17,80.84, ,115.79,91.64,74.46,72.92,58.9,81.05, ,149.97,89.73,78.61,78.15,68.19,87.94, ,116.73,90.42,74.28,77,63.16,81.96
0.95,1,0.85,0.6,"Dunnett",152,92.34,50.22,81.44,43.9,54.73, ,116,90.32,49.76,74.15,40.53,55.4, ,150,89.42,48.56,74.02,39.57,54.87, ,117,91.26,49.8,75.07,40.66,55.1
0.95,1,0.85,0.6,"BOP2-OC",151.68,91.53,74.26,70.12,56.3,80.79, ,115.79,91.31,74.28,59.09,47.55,81.01, ,149.97,89.62,78.6,71.78,62.67,87.94, ,116.72,90.46,74.37,64.84,53.01,81.94
0.95,1,0.85,0.6,"Dunnett",152,92.34,50.22,73.67,39.56,54.73, ,116,90.32,49.76,61.53,33.5,55.4, ,150,89.42,48.56,65.96,35.12,54.87, ,117,91.26,49.8,62.31,33.52,55.1
0.95,1,0.85,0.6,"BOP2-OC",151.94,93.06,72.2,80.2,60.7,78.54, ,115.87,92.73,71.67,76.44,57.21,78.24, ,149.98,90.9,76.4,80.14,66.25,85.04, ,116.92,91.74,71.61,79.51,60.59,79.09
0.95,1,0.85,0.6,"Dunnett",152,95.32,37.19,87.9,33.44,39.58, ,116,93.44,36.84,81.56,31.38,40.01, ,150,92.92,35.86,82.08,30.62,39.57, ,117,94.52,37.14,82.78,31.67,39.85
0.95,1,0.85,0.6,"BOP2-OC",150.7,87.16,68.69,74.89,57.77,75.09, ,115.05,87.6,68.98,71.11,54.51,75.09, ,149.12,87.03,73.05,76.6,63.46,81.85, ,114.74,84.37,69.2,72.25,58.28,76.2
0.95,1,0.85,0.6,"Dunnett",152,95.32,37.19,87.9,33.44,39.58, ,116,93.44,36.84,81.56,31.38,40.01, ,150,92.92,35.86,82.08,30.62,39.57, ,117,94.52,37.14,82.78,31.67,39.85
0.9,1,0.85,0.6,"BOP2-OC",137.23,10.04,10.04,5.08,5.08,86.82, ,104.49,10.13,10.13,5.16,5.16,86.3, ,143.32,10.03,10.03,5.08,5.08,94.44, ,107.82,9.83,9.83,4.95,4.95,90.72
0.9,1,0.85,0.6,"Dunnett",152,10.01,10.01,5.02,5.02,100, ,116,10.2,10.2,5.12,5.12,100, ,150,10,10,5.02,5.02,100, ,117,10.05,10.05,5.07,5.07,100
0.9,1,0.85,0.6,"BOP2-OC",136.47,9.37,9.37,4.51,4.51,86.13, ,103.95,9.4,9.4,4.54,4.55,85.66, ,143.14,9,9,4.42,4.42,94.28, ,107.5,8.82,8.83,4.06,4.07,90.4
0.9,1,0.85,0.6,"Dunnett",152,10.01,10.01,5.02,5.02,100, ,116,10.2,10.2,5.12,5.12,100, ,150,10,10,5.02,5.02,100, ,117,10.05,10.05,5.07,5.07,100
0.9,1,0.85,0.6,"BOP2-OC",135.99,9.24,6.12,4.56,3,55.73, ,103.85,9.56,6.15,4.66,2.92,55.63, ,142.63,8.63,6.12,4.13,2.86,67.97, ,106.65,9.5,6.14,4.61,3,60.7
0.9,1,0.85,0.6,"Dunnett",152,10.01,5.29,5.02,2.62,56.09, ,116,10.2,5.28,5.12,2.54,55.74, ,150,10,5.28,5.02,2.66,56.41, ,117,10.05,5.24,5.07,2.53,56.18
0.9,1,0.85,0.6,"BOP2-OC",98.28,2.66, ,2.64, ,0, ,75.71,2.65, ,2.56, ,0, ,95.6,2, ,1.95, ,0, ,66.76,1.93, ,1.88, ,0
0.9,1,0.85,0.6,"Dunnett",152,7.65,0,7.44,0,0, ,116,7.87,0,7.54,0,0, ,150,7.09,0,6.78,0,0, ,117,7.61,0,7.31,0,0
0.9,1,0.85,0.6,"BOP2-OC",151.97,93.84,93.84,81.87,81.87,99.97, ,115.98,94.04,94.05,78.12,78.12,99.98, ,150,92.82,92.82,83.76,83.76,100, ,116.98,92.93,92.93,81.3,81.3,99.98
0.9,1,0.85,0.6,"Dunnett",152,92.34,92.34,81.44,81.44,100, ,116,90.32,90.32,74.15,74.15,100, ,150,89.42,89.42,74.02,74.02,100, ,117,91.26,91.26,75.07,75.07,100
0.9,1,0.85,0.6,"BOP2-OC",151.89,92.62,92.62,78.98,78.98,99.9, ,115.92,92.45,92.45,74.42,74.42,99.9, ,150,90.88,90.88,80.38,80.38,100, ,116.93,91.47,91.47,78.33,78.33,99.93
0.9,1,0.85,0.6,"Dunnett",152,92.34,92.34,81.44,81.44,100, ,116,90.32,90.32,74.15,74.15,100, ,150,89.42,89.42,74.02,74.02,100, ,117,91.26,91.26,75.07,75.07,100
0.9,1,0.85,0.6,"BOP2-OC",149.97,78.46,78.22,61.08,61.08,85.54, ,114.33,78.08,77.87,49.5,49.5,85.46, ,149.55,81.22,81.06,66.74,66.74,90.59, ,115.39,77.59,77.42,54.34,54.34,85.74
0.9,1,0.85,0.6,"Dunnett",152,82.88,82.88,63.1,63.1,99.96, ,116,82.19,82.18,51.54,51.54,99.98, ,150,83.24,83.23,60.97,60.97,99.97, ,117,82.02,82,50.92,50.92,99.95
0.9,1,0.85,0.6,"BOP2-OC",151.53,82.03,72.53,67.9,64.76,74.95, ,115.73,81.98,72.28,57.58,56.01,74.76, ,149.98,85.8,79.19,75.25,72.74,82.86, ,116.65,82.29,73.74,63.46,61.66,76.8
0.9,1,0.85,0.6,"Dunnett",152,90.56,88.42,75.49,74.36,96.75, ,116,90.03,87.77,61.48,60.62,96.6, ,150,88.52,86.58,70.25,69.36,96.84, ,117,89.42,87.16,61.66,60.81,96.57
0.9,1,0.85,0.6,"BOP2-OC",151.68,91.09,74.09,76.79,62.17,80.84, ,115.79,91.27,74.46,72.65,58.9,81.05, ,149.97,89.39,78.61,77.85,68.19,87.94, ,116.73,90.01,74.28,76.65,63.16,81.96
0.9,1,0.85,0.6,"Dunnett",152,92.34,50.22,81.44,43.9,54.73, ,116,90.32,49.76,74.15,40.53,55.4, ,150,89.42,48.56,74.02,39.57,54.87, ,117,91.26,49.8,75.07,40.66,55.1
0.9,1,0.85,0.6,"BOP2-OC",151.68,91.2,74.26,69.85,56.3,80.79, ,115.79,90.96,74.28,58.86,47.55,81.01, ,149.97,89.31,78.6,71.5,62.67,87.94, ,116.72,90.06,74.37,64.54,53.01,81.94
0.9,1,0.85,0.6,"Dunnett",152,92.34,50.22,73.67,39.56,54.73, ,116,90.32,49.76,61.53,33.5,55.4, ,150,89.42,48.56,65.96,35.12,54.87, ,117,91.26,49.8,62.31,33.52,55.1
0.9,1,0.85,0.6,"BOP2-OC",151.94,92.89,72.2,80.04,60.7,78.54, ,115.87,92.64,71.67,76.37,57.21,78.24, ,149.98,90.85,76.4,80.1,66.25,85.04, ,116.92,91.6,71.61,79.38,60.59,79.09
0.9,1,0.85,0.6,"Dunnett",152,95.32,37.19,87.9,33.44,39.58, ,116,93.44,36.84,81.56,31.38,40.01, ,150,92.92,35.86,82.08,30.62,39.57, ,117,94.52,37.14,82.78,31.67,39.85
0.9,1,0.85,0.6,"BOP2-OC",150.7,84.71,68.61,72.67,57.69,75.09, ,115.05,85.05,68.88,68.83,54.42,75.09, ,149.12,83.6,72.96,73.41,63.38,81.85, ,114.74,81.8,69.08,69.88,58.21,76.2
0.9,1,0.85,0.6,"Dunnett",152,95.32,37.19,87.9,33.44,39.58, ,116,93.44,36.84,81.56,31.38,40.01, ,150,92.92,35.86,82.08,30.62,39.57, ,117,94.52,37.14,82.78,31.67,39.85
0.85,2,0.85,0.65,"BOP2-OC",122.86,9.79,9.79,5.07,5.06,58.2, ,94.95,9.89,9.89,5.04,5.04,57.96, ,98.16,9.62,9.62,4.98,4.98,55.71, ,82.93,9.69,9.69,4.78,4.78,55.47
0.85,2,0.85,0.65,"Dunnett",168,10.06,10.06,5.04,5.04,100, ,129,10.11,10.11,5.08,5.08,100, ,146,10.17,10.17,5.12,5.12,100, ,119,10.04,10.04,5.06,5.06,100
0.85,2,0.85,0.65,"BOP2-OC",117.68,8.43,8.43,4.3,4.3,53.41, ,91.34,8.57,8.57,4.16,4.16,53.51, ,95.59,9.12,9.12,4.58,4.58,53.32, ,81.72,9.59,9.58,4.51,4.51,53.97
0.85,2,0.85,0.65,"Dunnett",168,10.06,10.06,5.04,5.04,100, ,129,10.11,10.11,5.08,5.08,100, ,146,10.17,10.17,5.12,5.12,100, ,119,10.04,10.04,5.06,5.06,100
0.85,2,0.85,0.65,"BOP2-OC",117.33,8.51,5.33,4.28,2.65,33.42, ,90.99,8.39,5.3,4.28,2.64,33.54, ,94.58,8.91,5.18,4.37,2.6,31.84, ,81.05,9.69,5.88,4.72,2.86,32.42
0.85,2,0.85,0.65,"Dunnett",168,10.06,5.22,5.04,2.5,55.61, ,129,10.11,5.08,5.08,2.45,56.22, ,146,10.17,5.25,5.12,2.71,56.36, ,119,10.04,4.97,5.06,2.46,47.15
0.85,2,0.85,0.65,"BOP2-OC",69.04,0.72, ,0.71, ,0, ,54.53,0.72, ,0.7, ,0, ,46.67,0.88, ,0.84, ,0, ,44.46,0.8, ,0.78, ,0
0.85,2,0.85,0.65,"Dunnett",168,7.76,0,7.68,0,0, ,129,8.05,0,7.8,0,0, ,146,7.49,0,7.32,0,0, ,119,7.82,0,7.52,0,0
0.85,2,0.85,0.65,"BOP2-OC",167.89,95.99,95.99,86.11,86.11,99.9, ,128.88,96.06,96.06,82.87,82.87,99.86, ,145.99,93.65,93.65,84.18,84.18,99.99, ,118.98,93.74,93.74,83.06,83.06,99.98
0.85,2,0.85,0.65,"Dunnett",168,93.62,93.62,83.58,83.58,100, ,129,94.12,94.12,80.34,80.34,100, ,146,91.5,91.5,81.05,81.05,100, ,119,90.28,90.28,77.09,77.09,100
0.85,2,0.85,0.65,"BOP2-OC",166.67,93.69,93.69,81.79,81.79,98.77, ,127.97,93.67,93.67,78.5,78.5,98.72, ,145.89,91.81,91.8,80.4,80.4,99.89, ,118.91,92.03,92.03,78.89,78.89,99.89
0.85,2,0.85,0.65,"Dunnett",168,93.62,93.62,83.58,83.58,100, ,129,94.12,94.12,80.34,80.34,100, ,146,91.5,91.5,81.05,81.05,100, ,119,90.28,90.28,77.09,77.09,100
0.85,2,0.85,0.65,"BOP2-OC",157.32,81.34,81.2,65.02,65.02,86.18, ,121.11,81.12,81.01,53.43,53.43,86.4, ,142.56,86.13,86,69.94,69.94,95.03, ,116.21,85.84,85.74,60.28,60.28,94.8
0.85,2,0.85,0.65,"Dunnett",168,86.37,86.36,66.88,66.88,99.98, ,129,85.44,85.44,54.75,54.75,99.98, ,146,82.26,82.26,60.65,60.65,99.96, ,119,82,82,50.22,50.22,99.98
0.85,2,0.85,0.65,"BOP2-OC",164.08,85,76.22,71.91,68.76,78.03, ,126.05,84.65,75.86,62.51,60.99,77.55, ,145.06,88.12,82.2,76.89,74.77,85.91, ,118.29,88.2,82.51,69.96,68.43,86.3
0.85,2,0.85,0.65,"Dunnett",168,93.52,91.62,79.32,78.24,97.3, ,129,92.68,90.54,67.17,66.42,97.09, ,146,89.11,86.9,75.75,74.48,96.58, ,119,89.25,87.61,66.16,65.5,97.54
0.85,2,0.85,0.65,"BOP2-OC",165.06,90.98,78.48,78.61,67.55,83.55, ,126.83,91.08,78.66,74.61,64.14,83.6, ,145.52,90.27,81.48,78.02,70.04,89.85, ,118.53,90.09,81.66,76.02,68.57,90.14
0.85,2,0.85,0.65,"Dunnett",168,93.62,51.36,83.58,45.42,55.1, ,129,94.12,51.58,80.34,43.66,55.14, ,146,91.5,49.96,81.05,43.86,55.13, ,119,90.28,45.52,77.09,38.25,50.82
0.85,2,0.85,0.65,"BOP2-OC",165.06,90.94,78.48,70.95,60.94,83.52, ,126.83,91.03,78.64,61.13,52.62,83.62, ,145.52,90.22,81.32,70.95,63.57,89.85, ,118.61,90.46,81.84,64.89,58.24,90.06
0.85,2,0.85,0.65,"Dunnett",168,93.62,51.36,76.78,41.44,55.1, ,129,94.12,51.58,67.73,36.59,55.14, ,146,91.5,49.96,74.64,40.24,55.13, ,119,90.28,45.52,65.19,32.17,50.82
0.85,2,0.85,0.65,"BOP2-OC",166.68,93.59,76.56,82.42,66.23,81.38, ,128.06,93.96,76.81,79.22,63.27,81.28, ,145.78,91.85,79.36,80.31,68.32,86.98, ,118.84,91.61,79.59,78.34,67.04,87.44
0.85,2,0.85,0.65,"Dunnett",168,96.19,36.88,89.7,33.77,38.71, ,129,96.56,37,86.94,32.49,38.81, ,146,94.46,36.87,87.22,33.3,39.75, ,119,93.99,32.65,85.04,28.7,35.41
0.85,2,0.85,0.65,"BOP2-OC",152.94,76.8,67.77,66.51,58.01,72.19, ,118.3,77.59,68.22,64.09,55.61,72.66, ,139.4,82.3,74.87,71.42,64.46,82.81, ,114.27,82.99,75.14,70.25,62.89,82.84
0.85,2,0.85,0.65,"Dunnett",168,96.19,36.88,89.7,33.77,38.71, ,129,96.56,37,86.94,32.49,38.81, ,146,94.46,36.87,87.22,33.3,39.75, ,119,93.99,32.65,85.04,28.7,35.41
0.95,2,0.85,0.65,"BOP2-OC",122.86,9.8,9.8,5.07,5.06,58.2, ,94.95,9.91,9.91,5.05,5.05,57.96, ,132.51,9.75,9.76,4.9,4.9,83.75, ,95.42,9.46,9.46,4.95,4.95,72.5
0.95,2,0.85,0.65,"Dunnett",168,10.06,10.06,5.04,5.04,100, ,129,10.11,10.11,5.08,5.08,100, ,152,10.01,10.01,5.02,5.02,100, ,121,10.04,10.04,5.04,5.04,100
0.95,2,0.85,0.65,"BOP2-OC",117.68,8.45,8.45,4.3,4.3,53.41, ,91.34,8.58,8.58,4.16,4.16,53.51, ,131.7,8.87,8.86,4.42,4.41,83.08, ,92.87,8.48,8.48,4.23,4.23,69.75
0.95,2,0.85,0.65,"Dunnett",168,10.06,10.06,5.04,5.04,100, ,129,10.11,10.11,5.08,5.08,100, ,152,10.01,10.01,5.02,5.02,100, ,121,10.04,10.04,5.04,5.04,100
0.95,2,0.85,0.65,"BOP2-OC",117.33,8.53,5.34,4.28,2.65,33.42, ,90.99,8.39,5.3,4.28,2.64,33.54, ,131.22,8.88,5.88,4.41,2.92,55.06, ,92.22,9,5.65,4.48,2.82,44.68
0.95,2,0.85,0.65,"Dunnett",168,10.06,5.22,5.04,2.5,55.61, ,129,10.11,5.08,5.08,2.45,56.22, ,152,10.01,5.29,5.02,2.62,56.09, ,121,10.04,5.12,5.04,2.46,56.02
0.95,2,0.85,0.65,"BOP2-OC",69.04,0.98, ,0.96, ,0, ,54.53,1.04, ,1.01, ,0, ,72.02,2.38, ,2.35, ,0, ,41.15,1.14, ,1.08, ,0
0.95,2,0.85,0.65,"Dunnett",168,7.76,0,7.68,0,0, ,129,8.05,0,7.8,0,0, ,152,7.65,0,7.44,0,0, ,121,7.85,0,7.51,0,0
0.95,2,0.85,0.65,"BOP2-OC",167.89,95.99,95.99,86.11,86.11,99.9, ,128.88,96.06,96.06,82.87,82.87,99.86, ,151.99,93.09,93.09,84.32,84.32,100, ,120.98,93.45,93.45,83.58,83.58,99.98
0.95,2,0.85,0.65,"Dunnett",168,93.62,93.62,83.58,83.58,100, ,129,94.12,94.12,80.34,80.34,100, ,152,92.34,92.34,81.44,81.44,100, ,121,92.54,92.54,77.24,77.24,100
0.95,2,0.85,0.65,"BOP2-OC",166.67,93.7,93.7,81.8,81.8,98.77, ,127.97,93.67,93.67,78.5,78.5,98.72, ,151.99,91.64,91.64,81.34,81.34,100, ,120.72,91.39,91.39,79.55,79.55,99.7
0.95,2,0.85,0.65,"Dunnett",168,93.62,93.62,83.58,83.58,100, ,129,94.12,94.12,80.34,80.34,100, ,152,92.34,92.34,81.44,81.44,100, ,121,92.54,92.54,77.24,77.24,100
0.95,2,0.85,0.65,"BOP2-OC",157.32,81.36,81.21,65.03,65.03,86.18, ,121.11,81.12,81.02,53.43,53.43,86.4, ,151.03,84,83.88,69.08,69.08,93.25, ,116.55,81.87,81.72,59.23,59.23,90.46
0.95,2,0.85,0.65,"Dunnett",168,86.37,86.36,66.88,66.88,99.98, ,129,85.44,85.44,54.75,54.75,99.98, ,152,82.88,82.88,63.1,63.1,99.96, ,121,83.04,83.04,53.31,53.31,99.96
0.95,2,0.85,0.65,"BOP2-OC",164.08,85.01,76.24,71.91,68.77,78.03, ,126.05,84.66,75.87,62.52,61,77.55, ,151.87,86.7,80.49,76.09,73.84,83.91, ,119.89,85.04,77.88,67.47,65.8,81.06
0.95,2,0.85,0.65,"Dunnett",168,93.52,91.62,79.32,78.24,97.3, ,129,92.68,90.54,67.17,66.42,97.09, ,152,90.56,88.42,75.49,74.36,96.75, ,121,90.8,88.5,63.59,62.78,96.75
0.95,2,0.85,0.65,"BOP2-OC",165.06,91.45,78.48,79.02,67.55,83.55, ,126.83,91.57,78.66,75.03,64.14,83.6, ,151.92,90.29,79.71,79.04,69.34,88.5, ,120.19,90.02,78.54,77.4,67.29,86.7
0.95,2,0.85,0.65,"Dunnett",168,93.62,51.36,83.58,45.42,55.1, ,129,94.12,51.58,80.34,43.66,55.14, ,152,92.34,50.22,81.44,43.9,54.73, ,121,92.54,50.68,77.24,42.02,55.05
0.95,2,0.85,0.65,"BOP2-OC",165.06,91.53,78.48,71.45,60.94,83.52, ,126.83,91.51,78.64,61.46,52.62,83.62, ,151.92,90.52,79.89,72.02,63.08,88.5, ,120.17,90.43,79.06,66.42,57.81,86.75
0.95,2,0.85,0.65,"Dunnett",168,93.62,51.36,76.78,41.44,55.1, ,129,94.12,51.58,67.73,36.59,55.14, ,152,92.34,50.22,73.67,39.56,54.73, ,121,92.54,50.68,64.18,34.67,55.05
0.95,2,0.85,0.65,"BOP2-OC",166.68,93.74,76.56,82.56,66.23,81.38, ,128.06,94.12,76.81,79.37,63.27,81.28, ,151.96,91.29,77.7,80.76,67.75,85.94, ,120.74,91.5,76.45,80.25,65.95,84.25
0.95,2,0.85,0.65,"Dunnett",168,96.19,36.88,89.7,33.77,38.71, ,129,96.56,37,86.94,32.49,38.81, ,152,95.32,37.19,87.9,33.44,39.58, ,121,95.5,37.23,84.58,32.09,39.47
0.95,2,0.85,0.65,"BOP2-OC",152.94,79.77,67.88,69.33,58.11,72.19, ,118.3,80.62,68.38,66.9,55.74,72.66, ,150.28,87,74.54,76.88,64.96,82.76, ,113.54,82.14,70.35,71.1,59.96,78.06
0.95,2,0.85,0.65,"Dunnett",168,96.19,36.88,89.7,33.77,38.71, ,129,96.56,37,86.94,32.49,38.81, ,152,95.32,37.19,87.9,33.44,39.58, ,121,95.5,37.23,84.58,32.09,39.47
0.9,2,0.85,0.65,"BOP2-OC",122.86,9.8,9.8,5.07,5.06,58.2, ,94.95,9.91,9.91,5.05,5.05,57.96, ,111.85,9.49,9.49,4.76,4.76,67.11, ,91.85,9.65,9.65,4.85,4.85,66.49
0.9,2,0.85,0.65,"Dunnett",168,10.06,10.06,5.04,5.04,100, ,129,10.11,10.11,5.08,5.08,100, ,150,10,10,5.02,5.02,100, ,121,10.04,10.04,5.04,5.04,100
0.9,2,0.85,0.65,"BOP2-OC",117.68,8.45,8.45,4.3,4.3,53.41, ,91.34,8.58,8.58,4.16,4.16,53.51, ,111.06,9.28,9.28,4.52,4.53,66.44, ,91.72,9.06,9.06,4.52,4.52,66.34
0.9,2,0.85,0.65,"Dunnett",168,10.06,10.06,5.04,5.04,100, ,129,10.11,10.11,5.08,5.08,100, ,150,10,10,5.02,5.02,100, ,121,10.04,10.04,5.04,5.04,100
0.9,2,0.85,0.65,"BOP2-OC",117.33,8.53,5.34,4.28,2.65,33.42, ,90.99,8.39,5.3,4.28,2.64,33.54, ,110.01,9.39,5.83,4.61,2.87,40.23, ,90.82,9.04,5.45,4.35,2.58,40.61
0.9,2,0.85,0.65,"Dunnett",168,10.06,5.22,5.04,2.5,55.61, ,129,10.11,5.08,5.08,2.45,56.22, ,150,10,5.28,5.02,2.66,56.41, ,121,10.04,5.12,5.04,2.46,56.02
0.9,2,0.85,0.65,"BOP2-OC",69.04,0.86, ,0.84, ,0, ,54.53,0.9, ,0.88, ,0, ,54.18,1.42, ,1.4, ,0, ,48.92,1.5, ,1.47, ,0
0.9,2,0.85,0.65,"Dunnett",168,7.76,0,7.68,0,0, ,129,8.05,0,7.8,0,0, ,150,7.09,0,6.78,0,0, ,121,7.85,0,7.51,0,0
0.9,2,0.85,0.65,"BOP2-OC",167.89,95.99,95.99,86.11,86.11,99.9, ,128.88,96.06,96.06,82.87,82.87,99.86, ,149.99,93.54,93.54,84.58,84.58,100, ,120.98,93.69,93.7,82.88,82.88,99.98
0.9,2,0.85,0.65,"Dunnett",168,93.62,93.62,83.58,83.58,100, ,129,94.12,94.12,80.34,80.34,100, ,150,89.42,89.42,74.02,74.02,100, ,121,92.54,92.54,77.24,77.24,100
0.9,2,0.85,0.65,"BOP2-OC",166.67,93.7,93.7,81.8,81.8,98.77, ,127.97,93.67,93.67,78.5,78.5,98.72, ,149.97,92.25,92.25,81.28,81.28,99.97, ,120.95,91.99,91.99,79.34,79.34,99.94
0.9,2,0.85,0.65,"Dunnett",168,93.62,93.62,83.58,83.58,100, ,129,94.12,94.12,80.34,80.34,100, ,150,89.42,89.42,74.02,74.02,100, ,121,92.54,92.54,77.24,77.24,100
0.9,2,0.85,0.65,"BOP2-OC",157.32,81.36,81.2,65.03,65.03,86.18, ,121.11,81.12,81.01,53.43,53.43,86.4, ,147.89,86.38,86.26,70.68,70.68,95.02, ,119.47,86.14,86.07,60.7,60.7,95.25
0.9,2,0.85,0.65,"Dunnett",168,86.37,86.36,66.88,66.88,99.98, ,129,85.44,85.44,54.75,54.75,99.98, ,150,83.24,83.23,60.97,60.97,99.97, ,121,83.04,83.04,53.31,53.31,99.96
0.9,2,0.85,0.65,"BOP2-OC",164.08,85.01,76.24,71.91,68.77,78.03, ,126.05,84.66,75.87,62.52,61,77.55, ,149.63,87.87,81.71,77.03,74.7,85.04, ,120.67,88.17,81.96,69.64,68.15,85.23
0.9,2,0.85,0.65,"Dunnett",168,93.52,91.62,79.32,78.24,97.3, ,129,92.68,90.54,67.17,66.42,97.09, ,150,88.52,86.58,70.25,69.36,96.84, ,121,90.8,88.5,63.59,62.78,96.75
0.9,2,0.85,0.65,"BOP2-OC",165.06,91.29,78.48,78.89,67.55,83.55, ,126.83,91.42,78.66,74.89,64.14,83.6, ,149.74,91.12,80.94,79.12,69.95,88.77, ,120.85,90.62,80.78,76.71,68.1,89.1
0.9,2,0.85,0.65,"Dunnett",168,93.62,51.36,83.58,45.42,55.1, ,129,94.12,51.58,80.34,43.66,55.14, ,150,89.42,48.56,74.02,39.57,54.87, ,121,92.54,50.68,77.24,42.02,55.05
0.9,2,0.85,0.65,"BOP2-OC",165.06,91.34,78.48,71.28,60.94,83.52, ,126.83,91.33,78.64,61.3,52.62,83.62, ,149.74,90.94,80.81,72.02,63.62,88.77, ,120.8,90.62,80.66,64.94,57.23,88.89
0.9,2,0.85,0.65,"Dunnett",168,93.62,51.36,76.78,41.44,55.1, ,129,94.12,51.58,67.73,36.59,55.14, ,150,89.42,48.56,65.96,35.12,54.87, ,121,92.54,50.68,64.18,34.67,55.05
0.9,2,0.85,0.65,"BOP2-OC",166.68,93.67,76.56,82.5,66.23,81.38, ,128.06,94.06,76.81,79.33,63.27,81.28, ,149.88,92.06,78.38,81.14,68.06,85.82, ,120.94,91.62,78.51,79.15,66.78,86.46
0.9,2,0.85,0.65,"Dunnett",168,96.19,36.88,89.7,33.77,38.71, ,129,96.56,37,86.94,32.49,38.81, ,150,92.92,35.86,82.08,30.62,39.57, ,121,95.5,37.23,84.58,32.09,39.47
0.9,2,0.85,0.65,"BOP2-OC",152.94,78.61,67.86,68.24,58.1,72.19, ,118.3,79.33,68.31,65.7,55.68,72.66, ,146.93,85.98,75.56,75.06,65.2,83.18, ,118.75,85.91,75.65,73.58,64.03,83.32
0.9,2,0.85,0.65,"Dunnett",168,96.19,36.88,89.7,33.77,38.71, ,129,96.56,37,86.94,32.49,38.81, ,150,92.92,35.86,82.08,30.62,39.57, ,121,95.5,37.23,84.58,32.09,39.47
0.95,1,0.9,0.6,"BOP2-OC",177.93,9.65,9.65,5.01,5.01,94.06, ,135.91,9.88,9.89,5.22,5.22,94.03, ,165.99,9.78,9.77,4.93,4.93,94.44, ,131.49,10.68,10.68,5.22,5.22,96.04
0.95,1,0.9,0.6,"Dunnett",186,10.01,10.01,5.01,5.01,100, ,142,10.08,10.08,5.08,5.08,100, ,174,10.05,10.05,5.03,5.03,100, ,136,10.06,10.06,5.05,5.05,100
0.95,1,0.9,0.6,"BOP2-OC",177.62,8.91,8.91,4.44,4.44,93.84, ,135.6,8.77,8.77,4.32,4.32,93.73, ,165.77,8.99,8.99,4.4,4.39,94.28, ,131.48,9.59,9.59,4.42,4.42,96.03
0.95,1,0.9,0.6,"Dunnett",186,10.01,10.01,5.01,5.01,100, ,142,10.08,10.08,5.08,5.08,100, ,174,10.05,10.05,5.03,5.03,100, ,136,10.06,10.06,5.05,5.05,100
0.95,1,0.9,0.6,"BOP2-OC",177.43,8.82,6.04,4.38,3.03,65.58, ,136.1,8.8,6.02,4.47,3.03,65.9, ,165.16,8.62,6.1,4.13,2.89,67.97, ,131.47,10.01,7.03,4.69,3.21,69.2
0.95,1,0.9,0.6,"Dunnett",186,10.01,5.2,5.01,2.59,55.76, ,142,10.08,5.27,5.08,2.57,55.97, ,174,10.05,5.11,5.03,2.57,47.56, ,136,10.06,5.18,5.05,2.54,55.96
0.95,1,0.9,0.6,"BOP2-OC",136.72,2.94, ,2.93, ,0, ,104.2,2.92, ,2.89, ,0, ,108.72,2.68, ,2.65, ,0, ,106.22,3.32, ,3.26, ,0
0.95,1,0.9,0.6,"Dunnett",186,6.94,0,6.76,0,0, ,142,7.12,0,6.86,0,0, ,174,7.32,0,7.21,0,0, ,136,7,0,6.74,0,0
0.95,1,0.9,0.6,"BOP2-OC",185.99,96.06,96.06,88.12,88.12,100, ,141.99,95.98,95.98,85.79,85.79,100, ,174,95.34,95.34,88.78,88.78,100, ,136,95.4,95.4,86.28,86.28,100
0.95,1,0.9,0.6,"Dunnett",186,95.03,95.03,84.49,84.49,100, ,142,93.38,93.38,80.5,80.5,100, ,174,93.75,93.75,85.65,85.65,100, ,136,93.56,93.56,82,82,100
0.95,1,0.9,0.6,"BOP2-OC",185.99,95.01,95.01,85.67,85.67,100, ,142,94.86,94.86,82.64,82.64,100, ,174,94.18,94.18,86.26,86.26,100, ,136,94.25,94.25,83.36,83.36,100
0.95,1,0.9,0.6,"Dunnett",186,95.03,95.03,84.49,84.49,100, ,142,93.38,93.38,80.5,80.5,100, ,174,93.75,93.75,85.65,85.65,100, ,136,93.56,93.56,82,82,100
0.95,1,0.9,0.6,"BOP2-OC",185.18,81.38,81.29,67.61,67.61,86.22, ,141.32,81.12,81,57.35,57.35,86.17, ,173.46,84.3,84.19,72.11,72.11,90.59, ,135.81,80.67,80.54,59.81,59.81,86.34
0.95,1,0.9,0.6,"Dunnett",186,89.54,89.54,69.19,69.19,100, ,142,87.84,87.84,57.63,57.63,99.98, ,174,87.58,87.58,66.3,66.3,100, ,136,86.56,86.56,55.56,55.56,99.98
0.95,1,0.9,0.6,"BOP2-OC",185.85,85.11,76.17,73.64,70.72,77.61, ,141.93,84.75,75.63,65.67,63.89,77.14, ,173.97,87.82,80.92,78.84,76.09,82.86, ,135.99,84.94,76.67,68.13,66.45,78.41
0.95,1,0.9,0.6,"Dunnett",186,93.95,92.68,79.61,78.89,98.25, ,142,92.17,90.64,67.6,66.98,97.69, ,174,92.24,91,79.25,78.42,98.32, ,136,92.08,90.42,69.38,68.74,97.51
0.95,1,0.9,0.6,"BOP2-OC",185.9,93.92,78.49,83.73,69.69,83.24, ,141.93,94.02,78.54,80.92,67.25,83.44, ,173.96,93.28,81.87,84.52,74,87.94, ,135.98,93.44,79.43,81.99,69.41,84.92
0.95,1,0.9,0.6,"Dunnett",186,95.03,51.86,84.49,45.73,54.88, ,142,93.38,50.7,80.5,43.33,54.74, ,174,93.75,48.44,85.65,44.84,51.07, ,136,93.56,50.62,82,43.97,54.56
0.95,1,0.9,0.6,"BOP2-OC",185.9,93.7,78.17,76.31,63.21,83.22, ,141.93,93.95,78.57,67.56,55.87,83.47, ,173.96,93.16,81.83,77.9,68.12,87.94, ,135.98,93.44,79.42,69.77,58.91,84.92
0.95,1,0.9,0.6,"Dunnett",186,95.03,51.86,77.03,41.47,54.88, ,142,93.38,50.7,67.57,36.13,54.74, ,174,93.75,48.44,79.47,41.87,51.07, ,136,93.56,50.62,69.99,37.57,54.56
0.95,1,0.9,0.6,"BOP2-OC",185.97,94.71,75.74,85.62,67.19,80.69, ,141.95,94.97,76.22,82.97,65.26,80.89, ,173.98,94.27,79.6,86.36,72.11,85.04, ,135.99,94.44,76.68,84,67,81.89
0.95,1,0.9,0.6,"Dunnett",186,97.33,36.26,90.83,33.08,37.65, ,142,96.1,35.92,87.3,31.82,37.9, ,174,96.36,33.27,91.11,31.49,34.51, ,136,96.25,35.91,88.26,32.26,37.73
0.95,1,0.9,0.6,"BOP2-OC",185.18,88.68,72.97,79.6,64.53,77.81, ,141.41,88.96,73.12,77.32,62.34,77.87, ,172.94,88.96,76.06,81.1,68.7,81.85, ,135.8,88.37,73.97,78.2,64.57,79
0.95,1,0.9,0.6,"Dunnett",186,97.33,36.26,90.83,33.08,37.65, ,142,96.1,35.92,87.3,31.82,37.9, ,174,96.36,33.27,91.11,31.49,34.51, ,136,96.25,35.91,88.26,32.26,37.73
0.8,2,0.85,0.6,"BOP2-OC",123.82,9.89,9.89,5,4.99,53.06, ,104.29,9.92,9.92,5,5,55.47, ,88.43,9.65,9.65,5.03,5.03,48.55, ,75.4,9.63,9.63,4.81,4.81,48.64
0.8,2,0.85,0.6,"Dunnett",167,10.06,10.06,5.04,5.04,100, ,127,10.06,10.06,5.05,5.05,100, ,144,10.02,10.02,5.02,5.02,100, ,117,10.05,10.05,5.07,5.07,100
0.8,2,0.85,0.6,"BOP2-OC",120.01,8.74,8.74,4.44,4.44,48.93, ,103.53,9.3,9.3,4.64,4.64,53.97, ,84.47,8.62,8.62,4.18,4.18,44.88, ,72.68,8.92,8.92,4.44,4.43,45.28
0.8,2,0.85,0.6,"Dunnett",167,10.06,10.06,5.04,5.04,100, ,127,10.06,10.06,5.05,5.05,100, ,144,10.02,10.02,5.02,5.02,100, ,117,10.05,10.05,5.07,5.07,100
0.8,2,0.85,0.6,"BOP2-OC",119.49,8.52,5.42,4.3,2.69,30.2, ,103.1,9.16,5.53,4.67,2.8,32.42, ,83.55,8.62,5.24,4.07,2.47,27.1, ,71.99,8.51,5.04,4.16,2.51,27.19
0.8,2,0.85,0.6,"Dunnett",167,10.06,5.16,5.04,2.53,55.42, ,127,10.06,4.96,5.05,2.38,47.48, ,144,10.02,4.88,5.02,2.48,47.13, ,117,10.05,5.24,5.07,2.53,56.18
0.8,2,0.85,0.6,"BOP2-OC",80.77,0.62, ,0.61, ,0, ,80.07,0.9, ,0.88, ,0, ,40.85,0.52, ,0.52, ,0, ,39.61,0.46, ,0.44, ,0
0.8,2,0.85,0.6,"Dunnett",167,7.88,0,7.74,0,0, ,127,7.64,0,7.33,0,0, ,144,7.68,0,7.44,0,0, ,117,7.61,0,7.31,0,0
0.8,2,0.85,0.6,"BOP2-OC",166.95,96.17,96.16,81.05,81.05,99.94, ,126.99,95.58,95.58,82.04,82.04,99.98, ,143.97,94.51,94.51,85.11,85.11,99.97, ,116.98,94.66,94.66,82.88,82.89,99.98
0.8,2,0.85,0.6,"Dunnett",167,93.62,93.62,84.58,84.58,100, ,127,92.51,92.51,80.55,80.55,100, ,144,89.94,89.94,78.59,78.59,100, ,117,91.26,91.26,75.07,75.07,100
0.8,2,0.85,0.6,"BOP2-OC",166.26,93.62,93.62,75.78,75.78,99.2, ,126.95,93.56,93.56,76.94,76.94,99.89, ,143.49,92.6,92.6,80.91,80.91,99.53, ,116.61,92.79,92.79,78.66,78.66,99.52
0.8,2,0.85,0.6,"Dunnett",167,93.62,93.62,84.58,84.58,100, ,127,92.51,92.51,80.55,80.55,100, ,144,89.94,89.94,78.59,78.59,100, ,117,91.26,91.26,75.07,75.07,100
0.8,2,0.85,0.6,"BOP2-OC",159.53,83.48,83.36,59.87,59.87,89.39, ,125.24,86.65,86.54,53.92,53.92,94.8, ,136.92,83.98,83.89,67.74,67.74,91.84, ,111.56,84.31,84.24,58.21,58.21,91.88
0.8,2,0.85,0.6,"Dunnett",167,86.35,86.34,66.14,66.14,99.98, ,127,83.62,83.62,53.7,53.7,99.99, ,144,81.81,81.8,62.83,62.83,99.98, ,117,82.02,82,50.92,50.92,99.95
0.8,2,0.85,0.6,"BOP2-OC",164.33,86.9,79.33,69.75,67.78,81.31, ,126.55,89.34,83.38,65.06,63.9,86.3, ,141.47,87.46,80.89,75.8,73.44,84.03, ,115.06,87.63,81.32,67.71,66.38,84.25
0.8,2,0.85,0.6,"Dunnett",167,93.43,91.55,79.32,78.29,97.39, ,127,91.79,90.24,69.8,69.16,97.82, ,144,87.78,86.14,74.39,73.38,97.36, ,117,89.42,87.16,61.66,60.81,96.57
0.8,2,0.85,0.6,"BOP2-OC",165.13,91.11,80.31,72.03,63.19,86.04, ,126.71,91.4,82.78,72.76,65.42,90.14, ,142.54,90.33,81.66,77.75,70.11,88.9, ,115.81,90.61,81.9,75.61,68.07,88.8
0.8,2,0.85,0.6,"Dunnett",167,93.62,51.2,84.58,45.78,54.99, ,127,92.51,46.38,80.55,39.96,50.64, ,144,89.94,45.07,78.59,39.7,50.23, ,117,91.26,49.8,75.07,40.66,55.1
0.8,2,0.85,0.6,"BOP2-OC",165.13,90.86,80.11,62.75,54.91,86.04, ,126.76,91.6,82.75,58.7,52.36,90.06, ,142.54,90.34,81.58,71.13,63.92,88.9, ,115.81,90.61,81.9,63.53,57.09,88.8
0.8,2,0.85,0.6,"Dunnett",167,93.62,51.2,77.61,41.84,54.99, ,127,92.51,46.38,68.96,33.81,50.64, ,144,89.94,45.07,72.31,36.48,50.23, ,117,91.26,49.8,62.31,33.52,55.1
0.8,2,0.85,0.6,"BOP2-OC",166.28,93.52,78.69,75.61,62.07,83.99, ,126.9,93.01,80.88,75.46,64.2,87.44, ,143.5,92.4,79.47,80.86,68.44,86.19, ,116.51,92.28,79.64,78.42,66.67,86.44
0.8,2,0.85,0.6,"Dunnett",167,96.19,36.66,90.44,33.79,38.55, ,127,95.68,32.55,87.5,29.05,34.56, ,144,93.14,32.81,85.21,29.8,35.84, ,117,94.52,37.14,82.78,31.67,39.85
0.8,2,0.85,0.6,"BOP2-OC",154.99,77.3,69.48,61.18,54.29,75.02, ,124.02,84.89,75.89,67.7,59.69,82.84, ,130.55,77.42,71.58,66.21,60.78,78.23, ,107.33,78.09,71.75,65.2,59.38,78.47
0.8,2,0.85,0.6,"Dunnett",167,96.19,36.66,90.44,33.79,38.55, ,127,95.68,32.55,87.5,29.05,34.56, ,144,93.14,32.81,85.21,29.8,35.84, ,117,94.52,37.14,82.78,31.67,39.85
0.85,2,0.85,0.6,"BOP2-OC",130.83,9.79,9.79,5.1,5.1,65.83, ,99.05,9.78,9.77,4.88,4.88,65.35, ,98.16,9.62,9.62,4.98,4.98,55.71, ,82.93,9.69,9.69,4.78,4.78,55.47
0.85,2,0.85,0.6,"Dunnett",165,10.05,10.05,5.06,5.06,100, ,124,10.08,10.08,5.04,5.04,100, ,146,10.17,10.17,5.12,5.12,100, ,119,10.04,10.04,5.06,5.06,100
0.85,2,0.85,0.6,"BOP2-OC",128.58,9.16,9.16,4.74,4.74,63.58, ,97.51,8.38,8.38,4.12,4.12,63.21, ,95.59,9.12,9.12,4.58,4.58,53.32, ,81.72,9.59,9.58,4.51,4.51,53.97
0.85,2,0.85,0.6,"Dunnett",165,10.05,10.05,5.06,5.06,100, ,124,10.08,10.08,5.04,5.04,100, ,146,10.17,10.17,5.12,5.12,100, ,119,10.04,10.04,5.06,5.06,100
0.85,2,0.85,0.6,"BOP2-OC",128.55,8.92,5.47,4.62,2.88,39.23, ,97.28,8.38,5.1,4.1,2.49,39, ,94.58,8.91,5.18,4.37,2.6,31.84, ,81.05,9.69,5.88,4.72,2.86,32.42
0.85,2,0.85,0.6,"Dunnett",165,10.05,5.25,5.06,2.58,55.55, ,124,10.08,5.02,5.04,2.4,55.98, ,146,10.17,5.25,5.12,2.71,56.36, ,119,10.04,4.97,5.06,2.46,47.15
0.85,2,0.85,0.6,"BOP2-OC",80.15,1.16, ,1.15, ,0, ,62.81,1.23, ,1.19, ,0, ,46.67,0.88, ,0.84, ,0, ,44.46,0.8, ,0.78, ,0
0.85,2,0.85,0.6,"Dunnett",165,7.52,0,7.27,0,0, ,124,7.69,0,7.35,0,0, ,146,7.49,0,7.32,0,0, ,119,7.82,0,7.52,0,0
0.85,2,0.85,0.6,"BOP2-OC",164.96,94.82,94.82,79.7,79.7,99.96, ,123.98,95.17,95.17,80.94,80.94,99.97, ,145.99,93.65,93.65,84.18,84.18,99.99, ,118.98,93.74,93.74,83.06,83.06,99.98
0.85,2,0.85,0.6,"Dunnett",165,92.8,92.8,79.56,79.56,100, ,124,90.34,90.34,76.77,76.77,100, ,146,91.5,91.5,81.05,81.05,100, ,119,90.28,90.28,77.09,77.09,100
0.85,2,0.85,0.6,"BOP2-OC",164.74,93.61,93.61,75.64,75.64,99.74, ,123.76,93.14,93.14,76.12,76.12,99.67, ,145.89,91.81,91.8,80.4,80.4,99.89, ,118.91,92.03,92.03,78.89,78.89,99.89
0.85,2,0.85,0.6,"Dunnett",165,92.8,92.8,79.56,79.56,100, ,124,90.34,90.34,76.77,76.77,100, ,146,91.5,91.5,81.05,81.05,100, ,119,90.28,90.28,77.09,77.09,100
0.85,2,0.85,0.6,"BOP2-OC",160.44,84.02,83.93,59.77,59.77,90.98, ,120.84,84.25,84.1,53.79,53.79,91.42, ,142.56,86.13,86,69.94,69.94,95.03, ,116.21,85.84,85.74,60.28,60.28,94.8
0.85,2,0.85,0.6,"Dunnett",165,86.5,86.5,65.41,65.41,99.98, ,124,84.72,84.72,51.49,51.49,99.98, ,146,82.26,82.26,60.65,60.65,99.96, ,119,82,82,50.22,50.22,99.98
0.85,2,0.85,0.6,"BOP2-OC",163.82,86.74,78.79,69.25,67.3,81.41, ,123.22,86.26,78.42,63.04,61.52,81.14, ,145.06,88.12,82.2,76.89,74.77,85.91, ,118.29,88.2,82.51,69.96,68.43,86.3
0.85,2,0.85,0.6,"Dunnett",165,91.3,89.49,75.13,74.17,97.34, ,124,89.42,87.32,64.2,63.4,96.9, ,146,89.11,86.9,75.75,74.48,96.58, ,119,89.25,87.61,66.16,65.5,97.54
0.85,2,0.85,0.6,"BOP2-OC",164.12,91.46,79.15,72.32,62.02,85.71, ,123.4,91.62,79.24,73.84,63.42,85.68, ,145.52,90.27,81.48,78.02,70.04,89.85, ,118.53,90.09,81.66,76.02,68.57,90.14
0.85,2,0.85,0.6,"Dunnett",165,92.8,50.52,79.56,42.74,54.93, ,124,90.34,49.59,76.77,41.75,55.32, ,146,91.5,49.96,81.05,43.86,55.13, ,119,90.28,45.52,77.09,38.25,50.82
0.85,2,0.85,0.6,"BOP2-OC",164.12,91.39,79.14,63.19,54.29,85.69, ,123.34,91.61,79.21,59.97,51.45,85.53, ,145.52,90.22,81.32,70.95,63.57,89.85, ,118.61,90.46,81.84,64.89,58.24,90.06
0.85,2,0.85,0.6,"Dunnett",165,92.8,50.52,71.82,38.51,54.93, ,124,90.34,49.59,64.54,34.84,55.32, ,146,91.5,49.96,74.64,40.24,55.13, ,119,90.28,45.52,65.19,32.17,50.82
0.85,2,0.85,0.6,"BOP2-OC",164.63,93.08,76.83,75.52,60.56,82.86, ,123.74,93.24,77.03,76.7,61.72,83.01, ,145.78,91.85,79.36,80.31,68.32,86.98, ,118.84,91.61,79.59,78.34,67.04,87.44
0.85,2,0.85,0.6,"Dunnett",165,95.69,36.75,86.72,32.36,38.9, ,124,94.06,36.04,84.58,31.53,39.09, ,146,94.46,36.87,87.22,33.3,39.75, ,119,93.99,32.65,85.04,28.7,35.41
0.85,2,0.85,0.6,"BOP2-OC",159.11,82.8,71.86,65.66,55.94,78.23, ,119.96,83.89,72.22,68.49,58.01,78.46, ,139.4,82.3,74.87,71.42,64.46,82.81, ,114.27,82.99,75.14,70.25,62.89,82.84
0.85,2,0.85,0.6,"Dunnett",165,95.69,36.75,86.72,32.36,38.9, ,124,94.06,36.04,84.58,31.53,39.09, ,146,94.46,36.87,87.22,33.3,39.75, ,119,93.99,32.65,85.04,28.7,35.41
0.9,2,0.85,0.6,"BOP2-OC",130.83,9.79,9.79,5.1,5.1,65.83, ,99.05,9.78,9.77,4.88,4.88,65.35, ,111.85,9.49,9.49,4.76,4.76,67.11, ,91.85,9.65,9.65,4.85,4.85,66.49
0.9,2,0.85,0.6,"Dunnett",165,10.05,10.05,5.06,5.06,100, ,124,10.08,10.08,5.04,5.04,100, ,150,10,10,5.02,5.02,100, ,121,10.04,10.04,5.04,5.04,100
0.9,2,0.85,0.6,"BOP2-OC",128.58,9.16,9.16,4.74,4.74,63.58, ,97.51,8.38,8.38,4.12,4.12,63.21, ,111.06,9.28,9.28,4.52,4.53,66.44, ,91.72,9.06,9.06,4.52,4.52,66.34
0.9,2,0.85,0.6,"Dunnett",165,10.05,10.05,5.06,5.06,100, ,124,10.08,10.08,5.04,5.04,100, ,150,10,10,5.02,5.02,100, ,121,10.04,10.04,5.04,5.04,100
0.9,2,0.85,0.6,"BOP2-OC",128.55,8.93,5.47,4.62,2.88,39.23, ,97.28,8.38,5.1,4.1,2.49,39, ,110.01,9.39,5.83,4.61,2.87,40.23, ,90.82,9.04,5.45,4.35,2.58,40.61
0.9,2,0.85,0.6,"Dunnett",165,10.05,5.25,5.06,2.58,55.55, ,124,10.08,5.02,5.04,2.4,55.98, ,150,10,5.28,5.02,2.66,56.41, ,121,10.04,5.12,5.04,2.46,56.02
0.9,2,0.85,0.6,"BOP2-OC",80.15,1.34, ,1.33, ,0, ,62.81,1.23, ,1.19, ,0, ,54.18,1.42, ,1.4, ,0, ,48.92,1.5, ,1.47, ,0
0.9,2,0.85,0.6,"Dunnett",165,7.52,0,7.27,0,0, ,124,7.69,0,7.35,0,0, ,150,7.09,0,6.78,0,0, ,121,7.85,0,7.51,0,0
0.9,2,0.85,0.6,"BOP2-OC",164.96,94.82,94.82,79.7,79.7,99.96, ,123.98,95.17,95.17,80.94,80.94,99.97, ,149.99,93.54,93.54,84.58,84.58,100, ,120.98,93.69,93.7,82.88,82.88,99.98
0.9,2,0.85,0.6,"Dunnett",165,92.8,92.8,79.56,79.56,100, ,124,90.34,90.34,76.77,76.77,100, ,150,89.42,89.42,74.02,74.02,100, ,121,92.54,92.54,77.24,77.24,100
0.9,2,0.85,0.6,"BOP2-OC",164.74,93.61,93.61,75.64,75.64,99.74, ,123.76,93.14,93.14,76.12,76.12,99.67, ,149.97,92.25,92.25,81.28,81.28,99.97, ,120.95,91.99,91.99,79.34,79.34,99.94
0.9,2,0.85,0.6,"Dunnett",165,92.8,92.8,79.56,79.56,100, ,124,90.34,90.34,76.77,76.77,100, ,150,89.42,89.42,74.02,74.02,100, ,121,92.54,92.54,77.24,77.24,100
0.9,2,0.85,0.6,"BOP2-OC",160.44,84.02,83.93,59.77,59.77,90.98, ,120.84,84.25,84.1,53.79,53.79,91.42, ,147.89,86.38,86.26,70.68,70.68,95.02, ,119.47,86.14,86.07,60.7,60.7,95.25
0.9,2,0.85,0.6,"Dunnett",165,86.5,86.5,65.41,65.41,99.98, ,124,84.72,84.72,51.49,51.49,99.98, ,150,83.24,83.23,60.97,60.97,99.97, ,121,83.04,83.04,53.31,53.31,99.96
0.9,2,0.85,0.6,"BOP2-OC",163.82,86.74,78.79,69.25,67.3,81.41, ,123.22,86.26,78.42,63.04,61.52,81.14, ,149.63,87.87,81.71,77.03,74.7,85.04, ,120.67,88.17,81.96,69.64,68.15,85.23
0.9,2,0.85,0.6,"Dunnett",165,91.3,89.49,75.13,74.17,97.34, ,124,89.42,87.32,64.2,63.4,96.9, ,150,88.52,86.58,70.25,69.36,96.84, ,121,90.8,88.5,63.59,62.78,96.75
0.9,2,0.85,0.6,"BOP2-OC",164.12,91.75,79.15,72.56,62.02,85.71, ,123.4,91.62,79.24,73.84,63.42,85.68, ,149.74,91.12,80.94,79.12,69.95,88.77, ,120.85,90.62,80.78,76.71,68.1,89.1
0.9,2,0.85,0.6,"Dunnett",165,92.8,50.52,79.56,42.74,54.93, ,124,90.34,49.59,76.77,41.75,55.32, ,150,89.42,48.56,74.02,39.57,54.87, ,121,92.54,50.68,77.24,42.02,55.05
0.9,2,0.85,0.6,"BOP2-OC",164.12,91.68,79.14,63.38,54.29,85.69, ,123.34,91.61,79.21,59.97,51.45,85.53, ,149.74,90.94,80.81,72.02,63.62,88.77, ,120.8,90.62,80.66,64.94,57.23,88.89
0.9,2,0.85,0.6,"Dunnett",165,92.8,50.52,71.82,38.51,54.93, ,124,90.34,49.59,64.54,34.84,55.32, ,150,89.42,48.56,65.96,35.12,54.87, ,121,92.54,50.68,64.18,34.67,55.05
0.9,2,0.85,0.6,"BOP2-OC",164.63,93.18,76.83,75.61,60.56,82.86, ,123.74,93.24,77.03,76.7,61.72,83.01, ,149.88,92.06,78.38,81.14,68.06,85.82, ,120.94,91.62,78.51,79.15,66.78,86.46
0.9,2,0.85,0.6,"Dunnett",165,95.69,36.75,86.72,32.36,38.9, ,124,94.06,36.04,84.58,31.53,39.09, ,150,92.92,35.86,82.08,30.62,39.57, ,121,95.5,37.23,84.58,32.09,39.47
0.9,2,0.85,0.6,"BOP2-OC",159.11,84.65,71.95,67.4,56.02,78.23, ,119.96,83.89,72.22,68.49,58.01,78.46, ,146.93,85.98,75.56,75.06,65.2,83.18, ,118.75,85.91,75.65,73.58,64.03,83.32
0.9,2,0.85,0.6,"Dunnett",165,95.69,36.75,86.72,32.36,38.9, ,124,94.06,36.04,84.58,31.53,39.09, ,150,92.92,35.86,82.08,30.62,39.57, ,121,95.5,37.23,84.58,32.09,39.47
0.9,2,0.9,0.65,"BOP2-OC",169.78,9.89,9.89,5.07,5.07,78.98, ,130.66,9.88,9.89,4.92,4.92,78.51, ,148.02,10.13,10.13,5.02,5.02,78.59, ,120.02,10.11,10.11,5.04,5.05,78.11
0.9,2,0.9,0.65,"Dunnett",195,10.08,10.08,5.04,5.04,100, ,150,10.06,10.06,5.04,5.04,100, ,178,10.02,10.02,5.02,5.02,100, ,143,10.05,10.05,5.03,5.03,100
0.9,2,0.9,0.65,"BOP2-OC",168.18,9.23,9.23,4.45,4.45,77.65, ,129.67,8.96,8.96,4.22,4.22,77.41, ,146.78,9.62,9.62,4.69,4.69,77.7, ,119.67,9.95,9.95,4.62,4.62,77.78
0.9,2,0.9,0.65,"Dunnett",195,10.08,10.08,5.04,5.04,100, ,150,10.06,10.06,5.04,5.04,100, ,178,10.02,10.02,5.02,5.02,100, ,143,10.05,10.05,5.03,5.03,100
0.9,2,0.9,0.65,"BOP2-OC",167.22,8.84,5.71,4.26,2.73,50.07, ,129.2,8.88,5.62,4.34,2.75,50.29, ,145.58,8.86,5.84,4.46,2.89,50.02, ,118.72,9.64,6.32,4.52,2.99,50.46
0.9,2,0.9,0.65,"Dunnett",195,10.08,5.34,5.04,2.82,55.37, ,150,10.06,5.26,5.04,2.59,55.73, ,178,10.02,5.36,5.02,2.58,56.04, ,143,10.05,4.85,5.03,2.31,47.44
0.9,2,0.9,0.65,"BOP2-OC",102.98,1.38, ,1.35, ,0, ,80.53,1.24, ,1.24, ,0, ,72.15,1.49, ,1.48, ,0, ,63.68,1.55, ,1.54, ,0
0.9,2,0.9,0.65,"Dunnett",195,7.3,0,7.18,0,0, ,150,7.11,0,6.92,0,0, ,178,6.94,0,6.84,0,0, ,143,7.54,0,7.3,0,0
0.9,2,0.9,0.65,"BOP2-OC",194.99,97.02,97.02,86.19,86.19,100, ,149.99,96.89,96.89,87.61,87.61,99.99, ,177.99,95.95,95.95,88.97,88.97,100, ,143,96.02,96.02,87.02,87.02,100
0.9,2,0.9,0.65,"Dunnett",195,96.98,96.98,91.22,91.22,100, ,150,94.84,94.84,83.25,83.25,100, ,178,93.48,93.48,84.9,84.9,100, ,143,94.35,94.35,82.62,82.62,100
0.9,2,0.9,0.65,"BOP2-OC",194.93,95.66,95.66,82.78,82.78,99.94, ,149.93,95.6,95.6,84.38,84.38,99.92, ,177.99,94.86,94.86,86.38,86.38,99.99, ,142.99,95.07,95.07,84.14,84.14,100
0.9,2,0.9,0.65,"Dunnett",195,96.98,96.98,91.22,91.22,100, ,150,94.84,94.84,83.25,83.25,100, ,178,93.48,93.48,84.9,84.9,100, ,143,94.35,94.35,82.62,82.62,100
0.9,2,0.9,0.65,"BOP2-OC",192.42,87.8,87.7,68,68,92.52, ,148.08,87.58,87.49,62.56,62.56,92.7, ,176.91,89.44,89.38,75.31,75.31,95.54, ,142.07,89.3,89.2,64.86,64.87,95.38
0.9,2,0.9,0.65,"Dunnett",195,90.66,90.65,72.61,72.61,100, ,150,88.91,88.91,59.68,59.68,99.99, ,178,88.2,88.2,71.29,71.29,99.98, ,143,88.04,88.04,58.88,58.88,100
0.9,2,0.9,0.65,"BOP2-OC",194.65,88.81,81.42,75.37,73.23,82.83, ,149.64,89.02,81.5,70.89,69.47,82.98, ,177.8,90.7,84.11,80.98,78.61,85.95, ,142.88,90.74,84.76,73.8,72.5,86.5
0.9,2,0.9,0.65,"Dunnett",195,96.16,94.92,86.56,85.77,98.45, ,150,93.66,92.21,70.33,69.77,98.08, ,178,92.53,91.04,80.97,80.05,97.89, ,143,92.39,91.18,68.46,67.94,98.36
0.9,2,0.9,0.65,"BOP2-OC",194.66,94.11,82.84,79.7,69.8,87.64, ,149.75,94.28,83.54,81.9,72.22,88.13, ,177.94,93.8,84.68,84.45,76.06,90.33, ,142.93,93.92,85.21,81.83,73.86,90.69
0.9,2,0.9,0.65,"Dunnett",195,96.98,53,91.22,49.62,54.81, ,150,94.84,51.62,83.25,44.84,54.71, ,178,93.48,51.4,84.9,46.39,55.23, ,143,94.35,47.64,82.62,42.28,50.23
0.9,2,0.9,0.65,"BOP2-OC",194.66,94.15,82.87,70.58,61.57,87.64, ,149.75,94.14,83.38,68.56,60.25,88.13, ,177.94,93.74,84.66,77.14,69.33,90.33, ,142.93,93.88,84.99,69.11,62.17,90.55
0.9,2,0.9,0.65,"Dunnett",195,96.98,53,85.69,46.34,54.81, ,150,94.84,51.62,70.47,37.67,54.71, ,178,93.48,51.4,78.61,42.74,55.23, ,143,94.35,47.64,70.32,36.44,50.23
0.9,2,0.9,0.65,"BOP2-OC",194.91,95.28,80.44,82.38,68.2,84.9, ,149.91,95.45,80.53,84.33,70.04,84.79, ,177.98,94.62,82.17,85.82,73.66,87.36, ,142.98,94.46,82.5,83.52,72.01,87.86
0.9,2,0.9,0.65,"Dunnett",195,98.43,35.91,95.1,34.34,36.67, ,150,97.12,35.86,89.38,32.42,37.29, ,178,96.31,36.34,91.01,33.71,38.15, ,143,96.57,32.59,88.55,29.84,33.7
0.9,2,0.9,0.65,"BOP2-OC",190.91,86.75,76.23,73.84,63.99,80.98, ,147.03,87.72,77.48,76.59,66.89,81.69, ,175.7,88.92,79.96,79.95,71.3,85.06, ,141.41,88.9,79.83,77.73,69.11,85.1
0.9,2,0.9,0.65,"Dunnett",195,98.43,35.91,95.1,34.34,36.67, ,150,97.12,35.86,89.38,32.42,37.29, ,178,96.31,36.34,91.01,33.71,38.15, ,143,96.57,32.59,88.55,29.84,33.7
0.95,2,0.8,0.65,"BOP2-OC",131.38,10.16,10.16,5.02,5.02,79.56, ,102.62,9.99,9.99,5.34,5.34,71.97, ,107.92,9.47,9.47,4.74,4.73,79.56, ,84.78,9.48,9.48,5.06,5.06,71.97
0.95,2,0.8,0.65,"Dunnett",151,10.03,10.03,5.05,5.05,100, ,127,10.06,10.06,5.05,5.05,100, ,130,10.03,10.03,5.02,5.02,100, ,110,10.04,10.04,5.03,5.03,100
0.95,2,0.8,0.65,"BOP2-OC",128.14,9.14,9.14,4.42,4.42,76.19, ,100.95,8.74,8.74,4.4,4.4,70.06, ,104.29,8.61,8.61,4.39,4.39,76.19, ,83.05,8.48,8.48,4.38,4.38,70.06
0.95,2,0.8,0.65,"Dunnett",151,10.03,10.03,5.05,5.05,100, ,127,10.06,10.06,5.05,5.05,100, ,130,10.03,10.03,5.02,5.02,100, ,110,10.04,10.04,5.03,5.03,100
0.95,2,0.8,0.65,"BOP2-OC",127.45,8.68,5.72,4.2,2.71,49.49, ,100.83,8.67,5.39,4.3,2.77,44.2, ,103.5,8.11,5.34,4.18,2.74,49.49, ,82.93,8.36,5.29,4.32,2.71,44.2
0.95,2,0.8,0.65,"Dunnett",151,10.03,5.36,5.05,2.64,56.05, ,127,10.06,4.96,5.05,2.38,47.48, ,130,10.03,5.18,5.02,2.56,56.28, ,110,10.04,5.16,5.03,2.52,55.81
0.95,2,0.8,0.65,"BOP2-OC",75.09,1.68, ,1.65, ,0, ,59.55,1.93, ,1.88, ,0, ,44.6,1.58, ,1.52, ,0, ,40.23,2.07, ,1.98, ,0
0.95,2,0.8,0.65,"Dunnett",151,7.5,0,7.33,0,0, ,127,7.64,0,7.33,0,0, ,130,7.58,0,7.36,0,0, ,110,7.23,0,7,0,0
0.95,2,0.8,0.65,"BOP2-OC",150.98,94.02,94.02,82.36,82.36,99.98, ,126.94,94.49,94.49,81.03,81.03,99.94, ,129.97,90.53,90.53,80.68,80.68,99.98, ,109.94,91.57,91.57,81.1,81.1,99.94
0.95,2,0.8,0.65,"Dunnett",151,92.4,92.4,82.52,82.52,100, ,127,92.51,92.51,80.55,80.55,100, ,130,88.88,88.88,76.53,76.53,100, ,110,88.48,88.48,74.72,74.72,100
0.95,2,0.8,0.65,"BOP2-OC",150.54,91.47,91.47,77.75,77.75,99.52, ,126.66,92.56,92.56,77.18,77.18,99.61, ,129.48,88.07,88.07,76.58,76.57,99.52, ,109.64,89.39,89.39,77.22,77.22,99.61
0.95,2,0.8,0.65,"Dunnett",151,92.4,92.4,82.52,82.52,100, ,127,92.51,92.51,80.55,80.55,100, ,130,88.88,88.88,76.53,76.53,100, ,110,88.48,88.48,74.72,74.72,100
0.95,2,0.8,0.65,"BOP2-OC",146.4,79.31,79.16,61.59,61.59,87.38, ,122.65,81.39,81.25,53.62,53.62,88.11, ,124.82,76.02,75.84,61.64,61.63,87.38, ,105.5,78.15,77.96,56.23,56.22,88.11
0.95,2,0.8,0.65,"Dunnett",151,82.93,82.92,61.82,61.82,99.96, ,127,83.62,83.62,53.7,53.7,99.99, ,130,77.25,77.25,55.44,55.44,99.92, ,110,79.9,79.88,48.2,48.2,99.9
0.95,2,0.8,0.65,"BOP2-OC",149.63,83.14,74.69,69.34,66.33,77.68, ,125.79,84,74.76,61.09,59.42,77.11, ,128.46,80.46,72.84,68.97,65.85,77.68, ,108.74,81.5,73.38,63.38,61.18,77.11
0.95,2,0.8,0.65,"Dunnett",151,90.42,88.28,77.53,76.25,96.71, ,127,91.79,90.24,69.8,69.16,97.82, ,130,86.42,83.58,71.2,69.58,95.53, ,110,86.48,84.07,61.67,60.73,96.08
0.95,2,0.8,0.65,"BOP2-OC",149.88,89.8,76.06,75.38,63.47,83.96, ,126.13,91.56,76.16,75.19,62.2,82.16, ,128.74,86.43,73.15,74.04,62.49,83.96, ,109.1,88.4,73.36,75.66,62.65,82.16
0.95,2,0.8,0.65,"Dunnett",151,92.4,50.21,82.52,44.44,54.61, ,127,92.51,46.38,80.55,39.96,50.64, ,130,88.88,48.82,76.53,41.5,55.61, ,110,88.48,48.19,74.72,40.3,55.02
0.95,2,0.8,0.65,"BOP2-OC",149.88,89.94,76.28,67.77,56.98,83.97, ,126.13,91.2,75.7,62.16,51.26,82.19, ,128.74,86.38,73.19,67.74,57.02,83.97, ,109.1,88.09,72.97,64.65,53.18,82.19
0.95,2,0.8,0.65,"Dunnett",151,92.4,50.21,76.05,40.8,54.61, ,127,92.51,46.38,68.96,33.81,50.64, ,130,88.88,48.82,69.84,37.63,55.61, ,110,88.48,48.19,63.65,34.24,55.02
0.95,2,0.8,0.65,"BOP2-OC",150.6,92.02,74.34,78.83,62.29,81.47, ,126.61,93.25,74.16,78.48,60.87,79.86, ,129.55,88.8,71.41,77.68,61.33,81.47, ,109.6,90.25,71.47,78.57,60.97,79.86
0.95,2,0.8,0.65,"Dunnett",151,95.3,37.06,88.53,33.72,39.46, ,127,95.68,32.55,87.5,29.05,34.56, ,130,92.62,37.48,83.62,32.99,41.3, ,110,92.32,37.13,82.16,32.14,41.01
0.95,2,0.8,0.65,"BOP2-OC",143.56,83.46,68.7,70.47,56.77,75.7, ,122.55,84.97,69.74,70.88,56.98,75.56, ,121.63,79.92,66.03,69.19,56.17,75.7, ,105.4,82.95,67.18,71.54,56.93,75.56
0.95,2,0.8,0.65,"Dunnett",151,95.3,37.06,88.53,33.72,39.46, ,127,95.68,32.55,87.5,29.05,34.56, ,130,92.62,37.48,83.62,32.99,41.3, ,110,92.32,37.13,82.16,32.14,41.01
0.9,2,0.8,0.65,"BOP2-OC",125.56,9.8,9.8,5.18,5.18,65.83, ,94.95,9.91,9.91,5.05,5.05,57.96, ,104.11,9.08,9.08,4.95,4.95,73.18, ,83.87,9.17,9.17,4.92,4.92,66.49
0.9,2,0.8,0.65,"Dunnett",157,10.13,10.13,5.08,5.08,100, ,129,10.11,10.11,5.08,5.08,100, ,132,10.01,10.01,5.03,5.03,100, ,109,10.01,10.01,5.01,5.01,100
0.9,2,0.8,0.65,"BOP2-OC",123.49,8.96,8.96,4.71,4.71,63.58, ,91.34,8.58,8.58,4.16,4.16,53.51, ,100.8,8.26,8.26,4.19,4.19,70, ,83.75,8.6,8.6,4.65,4.65,66.34
0.9,2,0.8,0.65,"Dunnett",157,10.13,10.13,5.08,5.08,100, ,129,10.11,10.11,5.08,5.08,100, ,132,10.01,10.01,5.03,5.03,100, ,109,10.01,10.01,5.01,5.01,100
0.9,2,0.8,0.65,"BOP2-OC",123.46,8.82,5.47,4.52,2.8,39.23, ,90.99,8.39,5.3,4.28,2.64,33.54, ,99.89,8.06,5.04,4.25,2.69,44.56, ,82.99,8.48,5.11,4.35,2.63,40.61
0.9,2,0.8,0.65,"Dunnett",157,10.13,5.28,5.08,2.56,55.52, ,129,10.11,5.08,5.08,2.45,56.22, ,132,10.01,5.28,5.03,2.62,56.26, ,109,10.01,5.18,5.01,2.51,56.15
0.9,2,0.8,0.65,"BOP2-OC",78.94,1.3, ,1.3, ,0, ,54.53,0.9, ,0.88, ,0, ,43.01,0.98, ,0.96, ,0, ,46.86,1.38, ,1.33, ,0
0.9,2,0.8,0.65,"Dunnett",157,7.7,0,7.55,0,0, ,129,8.05,0,7.8,0,0, ,132,7,0,6.8,0,0, ,109,7.26,0,6.93,0,0
0.9,2,0.8,0.65,"BOP2-OC",156.96,94.62,94.62,83.75,83.75,99.96, ,128.88,96.06,96.06,82.87,82.87,99.86, ,131.99,90.66,90.67,81.65,81.65,99.99, ,108.98,91.25,91.26,81.78,81.79,99.98
0.9,2,0.8,0.65,"Dunnett",157,93.6,93.6,83.39,83.39,100, ,129,94.12,94.12,80.34,80.34,100, ,132,86.94,86.94,75.96,75.96,100, ,109,88.64,88.64,70.56,70.56,100
0.9,2,0.8,0.65,"BOP2-OC",156.77,93.23,93.23,80.42,80.42,99.74, ,127.97,93.67,93.67,78.5,78.5,98.72, ,131.57,88.83,88.83,77.93,77.93,99.59, ,108.96,89.24,89.24,77.51,77.51,99.94
0.9,2,0.8,0.65,"Dunnett",157,93.6,93.6,83.39,83.39,100, ,129,94.12,94.12,80.34,80.34,100, ,132,86.94,86.94,75.96,75.96,100, ,109,88.64,88.64,70.56,70.56,100
0.9,2,0.8,0.65,"BOP2-OC",152.8,83.49,83.4,65.12,65.12,90.98, ,121.11,81.12,81.01,53.43,53.43,86.4, ,126.97,78.73,78.57,64.43,64.42,90.33, ,107.68,82.6,82.53,60.34,60.33,95.25
0.9,2,0.8,0.65,"Dunnett",157,84.36,84.36,66.55,66.55,99.96, ,129,85.44,85.44,54.75,54.75,99.98, ,132,79.04,79.04,59.25,59.25,99.87, ,109,79.96,79.95,48.76,48.76,99.9
0.9,2,0.8,0.65,"BOP2-OC",155.91,86.41,78.74,72.67,70.22,81.41, ,126.05,84.66,75.87,62.52,61,77.55, ,130.63,83.06,76.2,72.3,69.49,81.28, ,108.72,85.53,79.88,68.92,67.2,85.23
0.9,2,0.8,0.65,"Dunnett",157,91.76,89.65,78.16,77.04,96.95, ,129,92.68,90.54,67.17,66.42,97.09, ,132,84.67,82.03,71.98,70.47,95.43, ,109,86.62,84.28,57.14,56.41,96.16
0.9,2,0.8,0.65,"BOP2-OC",156.2,90.89,78.4,77.12,66.08,85.71, ,126.83,91.42,78.66,74.89,64.14,83.6, ,130.92,86.41,75.56,74.96,65.34,86.5, ,108.87,87.34,77.88,74.73,66.32,89.1
0.9,2,0.8,0.65,"Dunnett",157,93.6,51,83.39,45.08,54.77, ,129,94.12,51.58,80.34,43.66,55.14, ,132,86.94,47.58,75.96,41.08,55.44, ,109,88.64,48.57,70.56,38.2,55.39
0.9,2,0.8,0.65,"BOP2-OC",156.2,91.24,78.72,69.66,59.64,85.69, ,126.83,91.33,78.64,61.3,52.62,83.62, ,130.92,86.47,75.54,68.98,59.84,86.51, ,108.83,87.31,77.66,64.64,56.9,88.89
0.9,2,0.8,0.65,"Dunnett",157,93.6,51,76.49,41.12,54.77, ,129,94.12,51.58,67.73,36.59,55.14, ,132,86.94,47.58,70.45,37.72,55.44, ,109,88.64,48.57,58.1,31.29,55.39
0.9,2,0.8,0.65,"BOP2-OC",156.66,92.72,76.33,79.76,64.38,82.86, ,128.06,94.06,76.81,79.33,63.27,81.28, ,131.7,88.5,73.12,78.14,63.47,83.6, ,108.95,88.73,75.76,77.52,65.23,86.46
0.9,2,0.8,0.65,"Dunnett",157,96.08,37.03,89.37,33.66,39, ,129,96.56,37,86.94,32.49,38.81, ,132,91.26,36.9,83.1,32.8,41.42, ,109,92.5,36.94,78.5,30.43,40.74
0.9,2,0.8,0.65,"BOP2-OC",151.58,84.02,71.36,71.39,59.66,78.23, ,118.3,79.33,68.31,65.7,55.68,72.66, ,123.36,77,66.96,67.12,57.82,77.36, ,107.06,82.66,72.67,71.42,62.12,83.32
0.9,2,0.8,0.65,"Dunnett",157,96.08,37.03,89.37,33.66,39, ,129,96.56,37,86.94,32.49,38.81, ,132,91.26,36.9,83.1,32.8,41.42, ,109,92.5,36.94,78.5,30.43,40.74
0.95,2,0.9,0.65,"BOP2-OC",173.81,9.11,9.11,4.82,4.82,83.75, ,134.01,9.28,9.28,5.17,5.17,83.34, ,155.96,10.08,10.08,4.83,4.83,83.75, ,124.51,10.07,10.07,4.92,4.92,83.34
0.95,2,0.9,0.65,"Dunnett",192,10.07,10.07,5.04,5.04,100, ,148,10.08,10.08,5.07,5.07,100, ,180,10,10,5.01,5.01,100, ,143,10.05,10.05,5.03,5.03,100
0.95,2,0.9,0.65,"BOP2-OC",173.06,8.27,8.27,4.42,4.42,83.08, ,134.03,9.01,9.01,4.7,4.7,83.37, ,154.97,9.05,9.05,4.42,4.41,83.08, ,124.54,9.91,9.91,4.88,4.88,83.37
0.95,2,0.9,0.65,"Dunnett",192,10.07,10.07,5.04,5.04,100, ,148,10.08,10.08,5.07,5.07,100, ,180,10,10,5.01,5.01,100, ,143,10.05,10.05,5.03,5.03,100
0.95,2,0.9,0.65,"BOP2-OC",172.6,8.37,5.52,4.45,3.1,55.06, ,133.51,8.89,5.73,4.54,2.9,55.16, ,154.37,9.22,6.13,4.36,2.9,55.06, ,123.86,9.61,6.28,4.67,2.96,55.16
0.95,2,0.9,0.65,"Dunnett",192,10.07,5.24,5.04,2.66,55.52, ,148,10.08,5.24,5.07,2.66,55.85, ,180,10,5.42,5.01,2.53,56.07, ,143,10.05,4.85,5.03,2.31,47.44
0.95,2,0.9,0.65,"BOP2-OC",117.35,2.2, ,2.19, ,0, ,91.14,1.97, ,1.96, ,0, ,81.36,2.36, ,2.33, ,0, ,67.87,2.11, ,2.08, ,0
0.95,2,0.9,0.65,"Dunnett",192,6.88,0,6.7,0,0, ,148,7.37,0,7.2,0,0, ,180,7.14,0,7.06,0,0, ,143,7.54,0,7.3,0,0
0.95,2,0.9,0.65,"BOP2-OC",191.99,96.77,96.77,89.66,89.66,100, ,148,96.58,96.58,87.22,87.22,100, ,179.99,95.76,95.76,89.03,89.03,100, ,142.99,95.78,95.78,86.53,86.54,100
0.95,2,0.9,0.65,"Dunnett",192,95.84,95.84,87.2,87.2,100, ,148,95.5,95.5,85.68,85.68,100, ,180,95.16,95.16,88.22,88.22,100, ,143,94.35,94.35,82.62,82.62,100
0.95,2,0.9,0.65,"BOP2-OC",191.99,95.38,95.38,86.42,86.42,100, ,147.98,95.33,95.33,83.4,83.4,99.98, ,179.99,94.6,94.6,86.5,86.5,100, ,142.98,94.68,94.68,83.58,83.58,99.98
0.95,2,0.9,0.65,"Dunnett",192,95.84,95.84,87.2,87.2,100, ,148,95.5,95.5,85.68,85.68,100, ,180,95.16,95.16,88.22,88.22,100, ,143,94.35,94.35,82.62,82.62,100
0.95,2,0.9,0.65,"BOP2-OC",191.1,87.48,87.38,72.69,72.69,93.25, ,147.4,88.12,88.09,62.41,62.41,93.77, ,178.81,87.6,87.5,74.39,74.39,93.25, ,142.21,87.63,87.54,63.66,63.66,93.77
0.95,2,0.9,0.65,"Dunnett",192,90.33,90.33,69.22,69.22,100, ,148,88.22,88.22,57.48,57.48,100, ,180,88.04,88.04,69.21,69.21,99.98, ,143,88.04,88.04,58.88,58.88,100
0.95,2,0.9,0.65,"BOP2-OC",191.88,88.96,82.4,78.73,76.34,83.91, ,147.89,88.81,82.16,70.87,69.47,83.9, ,179.84,89.03,82.23,79.41,77.01,83.91, ,142.85,88.86,82.01,71.36,70.1,83.9
0.95,2,0.9,0.65,"Dunnett",192,94.76,93.46,83.37,82.6,98.31, ,148,94.51,93.1,73.7,73.13,98.1, ,180,94.16,92.71,83.69,82.79,98.03, ,143,92.39,91.18,68.46,67.94,98.36
0.95,2,0.9,0.65,"BOP2-OC",191.93,94.25,83.31,84.23,74.14,88.5, ,147.93,94.24,83.56,81.16,71.61,88.68, ,179.9,93.82,82.97,84.8,74.67,88.5, ,142.91,93.69,83.08,81.6,72.09,88.68
0.95,2,0.9,0.65,"Dunnett",192,95.84,52.22,87.2,47.03,54.61, ,148,95.5,52.16,85.68,46.51,54.92, ,180,95.16,52.15,88.22,48.2,55.11, ,143,94.35,47.64,82.62,42.28,50.23
0.95,2,0.9,0.65,"BOP2-OC",191.93,94.24,83.36,77.02,67.61,88.5, ,147.94,94.36,83.7,67.82,59.59,88.76, ,179.9,93.76,82.92,77.61,68.14,88.5, ,142.92,93.94,83.38,69.31,61.15,88.76
0.95,2,0.9,0.65,"Dunnett",192,95.84,52.22,80.97,43.35,54.61, ,148,95.5,52.16,74.04,39.95,54.92, ,180,95.16,52.15,82.83,45.02,55.11, ,143,94.35,47.64,70.32,36.44,50.23
0.95,2,0.9,0.65,"BOP2-OC",191.97,94.8,80.96,86.06,72.63,85.94, ,147.99,94.69,80.9,82.84,69.58,86.01, ,179.96,94.34,80.55,86.06,72.7,85.94, ,142.99,94.48,80.73,83.57,70.39,86.01
0.95,2,0.9,0.65,"Dunnett",192,97.82,36.02,92.38,33.37,36.96, ,148,97.67,36.19,91.2,33.12,37.33, ,180,97.42,36.47,93.37,34.51,37.76, ,143,96.57,32.59,88.55,29.84,33.7
0.95,2,0.9,0.65,"BOP2-OC",190.39,90.77,78.03,81.88,69.62,82.76, ,146.85,90.86,78.53,79.1,67.48,83.47, ,177.88,89.68,77.47,81.72,69.9,82.76, ,141.48,90.15,78.25,79.09,67.8,83.47
0.95,2,0.9,0.65,"Dunnett",192,97.82,36.02,92.38,33.37,36.96, ,148,97.67,36.19,91.2,33.12,37.33, ,180,97.42,36.47,93.37,34.51,37.76, ,143,96.57,32.59,88.55,29.84,33.7
0.85,1,0.8,0.7,"BOP2-OC",155.14,9.39,9.39,4.76,4.76,84.95, ,123.98,9.88,9.88,5.17,5.17,84.42, ,133.01,9.84,9.84,4.98,4.98,89.18, ,111.18,9.56,9.56,5.07,5.07,88.73
0.85,1,0.8,0.7,"Dunnett",172,10.02,10.02,5.03,5.03,100, ,138,10.05,10.05,5.07,5.07,100, ,146,10.17,10.17,5.12,5.12,100, ,122,10.01,10.01,5.02,5.02,100
0.85,1,0.8,0.7,"BOP2-OC",153.59,8.78,8.78,4.44,4.44,83.56, ,123.33,8.9,8.9,4.66,4.66,83.7, ,131.84,9.07,9.07,4.52,4.52,88.2, ,110.75,8.48,8.48,4.34,4.34,88.28
0.85,1,0.8,0.7,"Dunnett",172,10.02,10.02,5.03,5.03,100, ,138,10.05,10.05,5.07,5.07,100, ,146,10.17,10.17,5.12,5.12,100, ,122,10.01,10.01,5.02,5.02,100
0.85,1,0.8,0.7,"BOP2-OC",153.1,8.67,5.64,4.4,2.87,54.93, ,122.74,8.5,5.67,4.57,3.02,55.46, ,131.97,8.88,5.98,4.46,2.94,59.92, ,110.23,8.4,5.8,4.28,2.89,60.27
0.85,1,0.8,0.7,"Dunnett",172,10.02,5.22,5.03,2.61,55.94, ,138,10.05,5,5.07,2.45,55.94, ,146,10.17,5.25,5.12,2.71,56.36, ,122,10.01,5.08,5.02,2.38,55.97
0.85,1,0.8,0.7,"BOP2-OC",96.65,1.65, ,1.65, ,0, ,77.21,1.26, ,1.25, ,0, ,80.06,1.79, ,1.75, ,0, ,69.23,1.74, ,1.7, ,0
0.85,1,0.8,0.7,"Dunnett",172,7.34,0,7.14,0,0, ,138,7.34,0,7.06,0,0, ,146,7.49,0,7.32,0,0, ,122,7.81,0,7.44,0,0
0.85,1,0.8,0.7,"BOP2-OC",171.99,94.27,94.27,85.39,85.39,100, ,137.98,95.39,95.39,84.5,84.51,99.98, ,145.99,91.52,91.52,84.21,84.21,100, ,122,93.55,93.55,83.71,83.71,100
0.85,1,0.8,0.7,"Dunnett",172,92.94,92.94,82.16,82.16,100, ,138,92.56,92.56,79.05,79.05,100, ,146,91.5,91.5,81.05,81.05,100, ,122,92.36,92.36,76.23,76.23,100
0.85,1,0.8,0.7,"BOP2-OC",171.93,92.25,92.25,81.59,81.59,99.94, ,137.91,93.72,93.72,80.56,80.56,99.89, ,145.98,89.72,89.72,81.23,81.23,99.98, ,121.99,92.08,92.08,80.36,80.37,99.99
0.85,1,0.8,0.7,"Dunnett",172,92.94,92.94,82.16,82.16,100, ,138,92.56,92.56,79.05,79.05,100, ,146,91.5,91.5,81.05,81.05,100, ,122,92.36,92.36,76.23,76.23,100
0.85,1,0.8,0.7,"BOP2-OC",169.73,81.47,81.36,66.38,66.38,89.44, ,136.24,83.19,83.1,57.77,57.77,89.86, ,145.04,79.79,79.69,67.44,67.44,90.48, ,121.26,82.06,81.94,59.7,59.7,90.44
0.85,1,0.8,0.7,"Dunnett",172,87.5,87.5,64.7,64.7,99.98, ,138,87.35,87.35,57.38,57.38,99.98, ,146,82.26,82.26,60.65,60.65,99.96, ,122,82.98,82.98,52.02,52.02,99.96
0.85,1,0.8,0.7,"BOP2-OC",171.56,85.05,76.98,73.54,70.63,79.7, ,137.68,85.36,77.32,65.79,64.17,79.35, ,145.87,83.9,77.14,74.32,71.62,81.31, ,121.91,85.15,77.82,67.54,65.78,80.91
0.85,1,0.8,0.7,"Dunnett",172,92.08,90.46,78.89,77.9,97.61, ,138,91.92,90.31,66.74,66.16,97.52, ,146,89.11,86.9,75.75,74.48,96.58, ,122,90.82,88.48,66.22,65.42,96.75
0.85,1,0.8,0.7,"BOP2-OC",171.65,90.99,78.32,79.44,68.04,85.63, ,137.74,91.78,79.29,77.92,67.1,85.54, ,145.94,88.16,76.74,78.79,68.25,86.79, ,121.94,90.52,78.62,78.27,67.73,86.68
0.85,1,0.8,0.7,"Dunnett",172,92.94,50.93,82.16,44.67,54.9, ,138,92.56,50.2,79.05,42.55,54.66, ,146,91.5,49.96,81.05,43.86,55.13, ,122,92.36,50.85,76.23,41.62,55.38
0.85,1,0.8,0.7,"BOP2-OC",171.62,90.6,77.89,72.05,61.5,85.54, ,137.74,91.83,79.31,64.95,55.69,85.55, ,145.94,88.53,76.97,73.69,63.67,86.78, ,121.91,90.53,78.5,66.87,57.76,86.48
0.85,1,0.8,0.7,"Dunnett",172,92.94,50.93,75.72,40.92,54.9, ,138,92.56,50.2,66.25,35.47,54.66, ,146,91.5,49.96,74.64,40.24,55.13, ,122,92.36,50.85,63.98,34.63,55.38
0.85,1,0.8,0.7,"BOP2-OC",171.85,92.56,75.87,82.22,66.14,82.8, ,137.9,93.25,76.42,81.28,65.3,82.49, ,145.96,90.09,74.47,81.55,66.51,83.61, ,121.98,91.98,76.36,80.75,65.91,83.78
0.85,1,0.8,0.7,"Dunnett",172,95.9,36.45,88.9,33.05,38.48, ,138,95.53,35.94,86.1,31.57,38.24, ,146,94.46,36.87,87.22,33.3,39.75, ,122,95.41,36.95,84.12,31.55,39.36
0.85,1,0.8,0.7,"BOP2-OC",168.54,84.03,72.46,73.89,62.87,79.25, ,135.45,83.06,73.16,71.23,62.02,79.17, ,144.76,82.2,71.56,73.97,63.84,81.03, ,121.13,84.17,73.32,73.04,62.84,81.07
0.85,1,0.8,0.7,"Dunnett",172,95.9,36.45,88.9,33.05,38.48, ,138,95.53,35.94,86.1,31.57,38.24, ,146,94.46,36.87,87.22,33.3,39.75, ,122,95.41,36.95,84.12,31.55,39.36
0.9,1,0.85,0.65,"BOP2-OC",137.23,10.04,10.04,5.08,5.08,86.82, ,117.65,9.79,9.79,5.17,5.17,90.72, ,143.32,10.03,10.03,5.08,5.08,94.44, ,107.82,9.83,9.83,4.95,4.95,90.72
0.9,1,0.85,0.65,"Dunnett",152,10.01,10.01,5.02,5.02,100, ,126,10.07,10.07,5.04,5.04,100, ,150,10,10,5.02,5.02,100, ,117,10.05,10.05,5.07,5.07,100
0.9,1,0.85,0.65,"BOP2-OC",136.47,9.37,9.37,4.51,4.51,86.13, ,117.36,9.12,9.12,4.38,4.38,90.4, ,143.14,9,9,4.42,4.42,94.28, ,107.5,8.82,8.83,4.06,4.07,90.4
0.9,1,0.85,0.65,"Dunnett",152,10.01,10.01,5.02,5.02,100, ,126,10.07,10.07,5.04,5.04,100, ,150,10,10,5.02,5.02,100, ,117,10.05,10.05,5.07,5.07,100
0.9,1,0.85,0.65,"BOP2-OC",135.99,9.24,6.12,4.56,3,55.73, ,116.6,9.35,5.91,4.61,2.92,60.7, ,142.63,8.63,6.12,4.13,2.86,67.97, ,106.65,9.5,6.14,4.61,3,60.7
0.9,1,0.85,0.65,"Dunnett",152,10.01,5.29,5.02,2.62,56.09, ,126,10.07,5.13,5.04,2.48,55.99, ,150,10,5.28,5.02,2.66,56.41, ,117,10.05,5.24,5.07,2.53,56.18
0.9,1,0.85,0.65,"BOP2-OC",98.28,2.66, ,2.64, ,0, ,80.33,2.04, ,2.02, ,0, ,95.6,2, ,1.95, ,0, ,66.76,1.93, ,1.88, ,0
0.9,1,0.85,0.65,"Dunnett",152,7.65,0,7.44,0,0, ,126,8.08,0,7.8,0,0, ,150,7.09,0,6.78,0,0, ,117,7.61,0,7.31,0,0
0.9,1,0.85,0.65,"BOP2-OC",151.97,93.84,93.84,81.87,81.87,99.97, ,125.98,93.57,93.57,80.58,80.59,99.98, ,150,92.82,92.82,83.76,83.76,100, ,116.98,92.93,92.93,81.3,81.3,99.98
0.9,1,0.85,0.65,"Dunnett",152,92.34,92.34,81.44,81.44,100, ,126,93.39,93.39,77.96,77.96,100, ,150,89.42,89.42,74.02,74.02,100, ,117,91.26,91.26,75.07,75.07,100
0.9,1,0.85,0.65,"BOP2-OC",151.89,92.62,92.62,78.98,78.98,99.9, ,125.94,91.74,91.74,76.66,76.66,99.93, ,150,90.88,90.88,80.38,80.38,100, ,116.93,91.47,91.47,78.33,78.33,99.93
0.9,1,0.85,0.65,"Dunnett",152,92.34,92.34,81.44,81.44,100, ,126,93.39,93.39,77.96,77.96,100, ,150,89.42,89.42,74.02,74.02,100, ,117,91.26,91.26,75.07,75.07,100
0.9,1,0.85,0.65,"BOP2-OC",149.97,78.46,78.22,61.08,61.08,85.54, ,124.53,77.79,77.66,51.76,51.76,85.74, ,149.55,81.22,81.06,66.74,66.74,90.59, ,115.39,77.59,77.42,54.34,54.34,85.74
0.9,1,0.85,0.65,"Dunnett",152,82.88,82.88,63.1,63.1,99.96, ,126,84.3,84.3,53.79,53.79,99.97, ,150,83.24,83.23,60.97,60.97,99.97, ,117,82.02,82,50.92,50.92,99.95
0.9,1,0.85,0.65,"BOP2-OC",151.53,82.03,72.53,67.9,64.76,74.95, ,125.68,82.94,74.06,61.74,60.3,76.8, ,149.98,85.8,79.19,75.25,72.74,82.86, ,116.65,82.29,73.74,63.46,61.66,76.8
0.9,1,0.85,0.65,"Dunnett",152,90.56,88.42,75.49,74.36,96.75, ,126,91.83,89.61,67.8,67.08,96.89, ,150,88.52,86.58,70.25,69.36,96.84, ,117,89.42,87.16,61.66,60.81,96.57
0.9,1,0.85,0.65,"BOP2-OC",151.68,91.09,74.09,76.79,62.17,80.84, ,125.76,90.34,74.46,75.02,61.51,81.96, ,149.97,89.39,78.61,77.85,68.19,87.94, ,116.73,90.01,74.28,76.65,63.16,81.96
0.9,1,0.85,0.65,"Dunnett",152,92.34,50.22,81.44,43.9,54.73, ,126,93.39,51.27,77.96,42.41,55.32, ,150,89.42,48.56,74.02,39.57,54.87, ,117,91.26,49.8,75.07,40.66,55.1
0.9,1,0.85,0.65,"BOP2-OC",151.68,91.2,74.26,69.85,56.3,80.79, ,125.75,90.23,74.41,61.64,50.41,81.94, ,149.97,89.31,78.6,71.5,62.67,87.94, ,116.72,90.06,74.37,64.54,53.01,81.94
0.9,1,0.85,0.65,"Dunnett",152,92.34,50.22,73.67,39.56,54.73, ,126,93.39,51.27,65.79,35.44,55.32, ,150,89.42,48.56,65.96,35.12,54.87, ,117,91.26,49.8,62.31,33.52,55.1
0.9,1,0.85,0.65,"BOP2-OC",151.94,92.89,72.2,80.04,60.7,78.54, ,125.93,91.88,71.78,77.9,59.3,79.09, ,149.98,90.85,76.4,80.1,66.25,85.04, ,116.92,91.6,71.61,79.38,60.59,79.09
0.9,1,0.85,0.65,"Dunnett",152,95.32,37.19,87.9,33.44,39.58, ,126,96.04,37.05,85.57,32.1,39.05, ,150,92.92,35.86,82.08,30.62,39.57, ,117,94.52,37.14,82.78,31.67,39.85
0.9,1,0.85,0.65,"BOP2-OC",150.7,84.71,68.61,72.67,57.69,75.09, ,123.95,82.79,68.92,69.25,56.62,76.2, ,149.12,83.6,72.96,73.41,63.38,81.85, ,114.74,81.8,69.08,69.88,58.21,76.2
0.9,1,0.85,0.65,"Dunnett",152,95.32,37.19,87.9,33.44,39.58, ,126,96.04,37.05,85.57,32.1,39.05, ,150,92.92,35.86,82.08,30.62,39.57, ,117,94.52,37.14,82.78,31.67,39.85
0.8,1,0.85,0.65,"BOP2-OC",155.14,9.39,9.39,4.76,4.76,84.95, ,116.38,10.32,10.32,5.04,5.04,84.42, ,132.51,9.65,9.65,4.9,4.9,83.75, ,105.04,9.77,9.77,5.11,5.11,84.42
0.8,1,0.85,0.65,"Dunnett",172,10.02,10.02,5.03,5.03,100, ,129,10.11,10.11,5.08,5.08,100, ,152,10.01,10.01,5.02,5.02,100, ,120,10.11,10.11,5.06,5.06,100
0.8,1,0.85,0.65,"BOP2-OC",153.59,8.77,8.78,4.44,4.44,83.56, ,115.8,9.31,9.31,4.48,4.48,83.7, ,131.7,8.75,8.75,4.41,4.41,83.08, ,104.36,8.62,8.61,4.36,4.36,83.7
0.8,1,0.85,0.65,"Dunnett",172,10.02,10.02,5.03,5.03,100, ,129,10.11,10.11,5.08,5.08,100, ,152,10.01,10.01,5.02,5.02,100, ,120,10.11,10.11,5.06,5.06,100
0.8,1,0.85,0.65,"BOP2-OC",153.1,8.65,5.64,4.39,2.87,54.93, ,115.27,8.8,5.85,4.31,2.85,55.46, ,131.22,8.75,5.81,4.4,2.92,55.06, ,103.72,8.49,5.59,4.36,2.84,55.46
0.8,1,0.85,0.65,"Dunnett",172,10.02,5.22,5.03,2.61,55.94, ,129,10.11,5.08,5.08,2.45,56.22, ,152,10.01,5.29,5.02,2.62,56.09, ,120,10.11,5.12,5.06,2.46,55.95
0.8,1,0.85,0.65,"BOP2-OC",96.65,1.27, ,1.27, ,0, ,74.29,1.41, ,1.38, ,0, ,72.02,1.09, ,1.08, ,0, ,55.16,1.33, ,1.29, ,0
0.8,1,0.85,0.65,"Dunnett",172,7.34,0,7.14,0,0, ,129,8.05,0,7.8,0,0, ,152,7.65,0,7.44,0,0, ,120,7.4,0,7.08,0,0
0.8,1,0.85,0.65,"BOP2-OC",171.99,94.27,94.27,85.39,85.39,100, ,128.98,93.96,93.96,81.61,81.6,99.98, ,151.99,93.09,93.09,84.32,84.32,100, ,119.98,93.31,93.31,82.12,82.12,99.98
0.8,1,0.85,0.65,"Dunnett",172,92.94,92.94,82.16,82.16,100, ,129,94.12,94.12,80.34,80.34,100, ,152,92.34,92.34,81.44,81.44,100, ,120,89.09,89.09,74.78,74.78,100
0.8,1,0.85,0.65,"BOP2-OC",171.93,92.22,92.22,81.56,81.56,99.94, ,128.91,91.87,91.87,77.5,77.5,99.89, ,151.99,91.61,91.61,81.31,81.31,100, ,119.9,91.87,91.87,78.86,78.86,99.89
0.8,1,0.85,0.65,"Dunnett",172,92.94,92.94,82.16,82.16,100, ,129,94.12,94.12,80.34,80.34,100, ,152,92.34,92.34,81.44,81.44,100, ,120,89.09,89.09,74.78,74.78,100
0.8,1,0.85,0.65,"BOP2-OC",169.73,81.44,81.34,66.35,66.35,89.44, ,127.42,81.12,80.99,54.34,54.34,89.86, ,151.03,83.94,83.84,69.03,69.03,93.25, ,118.13,81.29,81.17,56.97,56.97,89.86
0.8,1,0.85,0.65,"Dunnett",172,87.5,87.5,64.7,64.7,99.98, ,129,85.44,85.44,54.75,54.75,99.98, ,152,82.88,82.88,63.1,63.1,99.96, ,120,83.25,83.25,51.65,51.65,99.94
0.8,1,0.85,0.65,"BOP2-OC",171.56,85.03,76.97,73.52,70.62,79.7, ,128.71,84.45,76.36,63.07,61.54,79.35, ,151.87,86.67,80.47,76.06,73.82,83.91, ,119.66,84.23,76.3,65.04,63.25,79.35
0.8,1,0.85,0.65,"Dunnett",172,92.08,90.46,78.89,77.9,97.61, ,129,92.68,90.54,67.17,66.42,97.09, ,152,90.56,88.42,75.49,74.36,96.75, ,120,88.56,86.47,62.29,61.47,96.77
0.8,1,0.85,0.65,"BOP2-OC",171.65,90.42,78.32,78.92,68.04,85.63, ,128.77,89.9,77.5,74.52,63.9,85.54, ,151.92,89.61,79.71,78.4,69.34,88.5, ,119.72,90.08,77.7,76.37,65.68,85.54
0.8,1,0.85,0.65,"Dunnett",172,92.94,50.93,82.16,44.67,54.9, ,129,94.12,51.58,80.34,43.66,55.14, ,152,92.34,50.22,81.44,43.9,54.73, ,120,89.09,48.94,74.78,40.65,55.42
0.8,1,0.85,0.65,"BOP2-OC",171.62,90.05,77.89,71.56,61.5,85.54, ,128.77,89.92,77.52,61.35,52.47,85.55, ,151.92,89.66,79.89,71.3,63.08,88.5, ,119.72,90.08,77.71,64.17,55.01,85.55
0.8,1,0.85,0.65,"Dunnett",172,92.94,50.93,75.72,40.92,54.9, ,129,94.12,51.58,67.73,36.59,55.14, ,152,92.34,50.22,73.67,39.56,54.73, ,120,89.09,48.94,62.78,34.01,55.42
0.8,1,0.85,0.65,"BOP2-OC",171.85,92.38,75.87,82.04,66.14,82.8, ,128.91,91.39,74.67,77.86,62.2,82.49, ,151.96,91.03,77.7,80.51,67.75,85.94, ,119.89,91.51,74.81,79.03,63.26,82.49
0.8,1,0.85,0.65,"Dunnett",172,95.9,36.45,88.9,33.05,38.48, ,129,96.56,37,86.94,32.49,38.81, ,152,95.32,37.19,87.9,33.44,39.58, ,120,93.05,36.05,82.95,31.32,39.48
0.8,1,0.85,0.65,"BOP2-OC",168.54,81.28,72.17,71.32,62.64,79.25, ,126.71,81.96,71.34,68.6,58.85,79.17, ,150.28,81.11,74.02,71.21,64.49,82.76, ,117.28,81.43,71.47,69.66,60.48,79.17
0.8,1,0.85,0.65,"Dunnett",172,95.9,36.45,88.9,33.05,38.48, ,129,96.56,37,86.94,32.49,38.81, ,152,95.32,37.19,87.9,33.44,39.58, ,120,93.05,36.05,82.95,31.32,39.48
0.85,1,0.85,0.65,"BOP2-OC",157.74,9.8,9.8,5.2,5.2,89.18, ,116.38,10.32,10.32,5.04,5.04,84.42, ,136.58,9.81,9.81,4.78,4.78,89.18, ,108.52,9.85,9.85,4.98,4.98,88.73
0.85,1,0.85,0.65,"Dunnett",169,10.04,10.04,5.03,5.03,100, ,129,10.11,10.11,5.08,5.08,100, ,150,10,10,5.02,5.02,100, ,119,10.04,10.04,5.06,5.06,100
0.85,1,0.85,0.65,"BOP2-OC",156.73,8.89,8.89,4.47,4.48,88.2, ,115.8,9.31,9.31,4.48,4.48,83.7, ,135.37,9.09,9.09,4.3,4.3,88.2, ,108.1,8.83,8.83,4.27,4.27,88.28
0.85,1,0.85,0.65,"Dunnett",169,10.04,10.04,5.03,5.03,100, ,129,10.11,10.11,5.08,5.08,100, ,150,10,10,5.02,5.02,100, ,119,10.04,10.04,5.06,5.06,100
0.85,1,0.85,0.65,"BOP2-OC",156.84,8.84,5.89,4.4,2.86,59.92, ,115.27,8.8,5.85,4.31,2.85,55.46, ,135.5,9.03,6.08,4.24,2.84,59.92, ,107.6,8.77,6.05,4.23,2.87,60.27
0.85,1,0.85,0.65,"Dunnett",169,10.04,5.06,5.03,2.56,46.93, ,129,10.11,5.08,5.08,2.45,56.22, ,150,10,5.28,5.02,2.66,56.41, ,119,10.04,4.97,5.06,2.46,47.15
0.85,1,0.85,0.65,"BOP2-OC",111.85,1.58, ,1.57, ,0, ,74.29,1.41, ,1.38, ,0, ,81.86,1.65, ,1.62, ,0, ,67.88,1.53, ,1.49, ,0
0.85,1,0.85,0.65,"Dunnett",169,7.3,0,7.14,0,0, ,129,8.05,0,7.8,0,0, ,150,7.09,0,6.78,0,0, ,119,7.82,0,7.52,0,0
0.85,1,0.85,0.65,"BOP2-OC",168.99,93.94,93.94,84.9,84.9,100, ,128.98,93.96,93.96,81.61,81.6,99.98, ,149.99,93.06,93.06,83.56,83.56,100, ,119,93.36,93.36,82.14,82.14,100
0.85,1,0.85,0.65,"Dunnett",169,92.91,92.91,81.97,81.97,100, ,129,94.12,94.12,80.34,80.34,100, ,150,89.42,89.42,74.02,74.02,100, ,119,90.28,90.28,77.09,77.09,100
0.85,1,0.85,0.65,"BOP2-OC",168.98,91.68,91.68,80.97,80.98,99.98, ,128.91,91.87,91.87,77.5,77.5,99.89, ,149.98,91.76,91.76,80.57,80.57,99.98, ,118.99,91.94,91.94,78.79,78.79,99.99
0.85,1,0.85,0.65,"Dunnett",169,92.91,92.91,81.97,81.97,100, ,129,94.12,94.12,80.34,80.34,100, ,150,89.42,89.42,74.02,74.02,100, ,119,90.28,90.28,77.09,77.09,100
0.85,1,0.85,0.65,"BOP2-OC",168.17,81.71,81.58,65.67,65.67,90.48, ,127.42,81.12,80.99,54.34,54.34,89.86, ,149.01,81.76,81.64,66.26,66.26,90.48, ,118.28,81.73,81.62,57.51,57.51,90.44
0.85,1,0.85,0.65,"Dunnett",169,86.34,86.34,63.05,63.05,100, ,129,85.44,85.44,54.75,54.75,99.98, ,150,83.24,83.23,60.97,60.97,99.97, ,119,82,82,50.22,50.22,99.98
0.85,1,0.85,0.65,"BOP2-OC",168.89,85.33,78.26,73.54,71.27,81.31, ,128.71,84.45,76.36,63.07,61.54,79.35, ,149.87,85.42,78.05,73.73,71.17,81.31, ,118.91,84.89,77.65,65.97,64.41,80.91
0.85,1,0.85,0.65,"Dunnett",169,92.18,90.81,78.14,77.38,98.13, ,129,92.68,90.54,67.17,66.42,97.09, ,150,88.52,86.58,70.25,69.36,96.84, ,119,89.25,87.61,66.16,65.5,97.54
0.85,1,0.85,0.65,"BOP2-OC",168.95,90.07,78.48,78.03,67.48,86.79, ,128.77,89.9,77.5,74.52,63.9,85.54, ,149.94,90.13,78.59,77.92,67.59,86.79, ,118.94,89.94,78.32,76.11,66.06,86.68
0.85,1,0.85,0.65,"Dunnett",169,92.91,47.84,81.97,41.39,50.79, ,129,94.12,51.58,80.34,43.66,55.14, ,150,89.42,48.56,74.02,39.57,54.87, ,119,90.28,45.52,77.09,38.25,50.82
0.85,1,0.85,0.65,"BOP2-OC",168.95,90.16,78.6,71.34,61.71,86.78, ,128.77,89.92,77.52,61.35,52.47,85.55, ,149.94,90.24,78.74,71.47,61.94,86.78, ,118.92,90,78.33,64.28,55.61,86.48
0.85,1,0.85,0.65,"Dunnett",169,92.91,47.84,74.66,37.3,50.79, ,129,94.12,51.58,67.73,36.59,55.14, ,150,89.42,48.56,65.96,35.12,54.87, ,119,90.28,45.52,65.19,32.17,50.82
0.85,1,0.85,0.65,"BOP2-OC",168.97,91.98,76.23,81.28,66.2,83.61, ,128.91,91.39,74.67,77.86,62.2,82.49, ,149.96,91.86,76.15,80.72,65.69,83.61, ,118.98,91.39,75.89,78.55,63.97,83.78
0.85,1,0.85,0.65,"Dunnett",169,95.84,33.15,88.7,29.75,34.54, ,129,96.56,37,86.94,32.49,38.81, ,150,92.92,35.86,82.08,30.62,39.57, ,119,93.99,32.65,85.04,28.7,35.41
0.85,1,0.85,0.65,"BOP2-OC",167.92,83.48,72.96,73.11,63.18,81.03, ,126.71,81.96,71.34,68.6,58.85,79.17, ,148.72,82.93,73.1,72.57,63.32,81.03, ,118.15,82.42,72.97,70.01,61.2,81.07
0.85,1,0.85,0.65,"Dunnett",169,95.84,33.15,88.7,29.75,34.54, ,129,96.56,37,86.94,32.49,38.81, ,150,92.92,35.86,82.08,30.62,39.57, ,119,93.99,32.65,85.04,28.7,35.41
0.8,2,0.9,0.65,"BOP2-OC",160.16,9.21,9.21,4.94,4.94,67.11, ,123.85,9.38,9.38,5.16,5.16,66.49, ,119.65,10.5,10.5,5.04,5.04,57.54, ,100.98,10.69,10.69,5.09,5.09,57.27
0.8,2,0.9,0.65,"Dunnett",197,10.09,10.09,5.05,5.05,100, ,152,10.03,10.03,5.02,5.02,100, ,174,10.05,10.05,5.03,5.03,100, ,142,10.08,10.08,5.08,5.08,100
0.8,2,0.9,0.65,"BOP2-OC",159.41,8.94,8.94,4.66,4.66,66.44, ,123.73,8.66,8.66,4.45,4.45,66.34, ,113.1,9.57,9.57,4.48,4.48,52.42, ,96.13,9.08,9.08,4.23,4.23,52.22
0.8,2,0.9,0.65,"Dunnett",197,10.09,10.09,5.05,5.05,100, ,152,10.03,10.03,5.02,5.02,100, ,174,10.05,10.05,5.03,5.03,100, ,142,10.08,10.08,5.08,5.08,100
0.8,2,0.9,0.65,"BOP2-OC",158.39,8.5,5.3,4.35,2.71,40.23, ,122.86,8.55,5.22,4.28,2.71,40.61, ,111.77,9.09,5.91,4.35,2.85,33.51, ,95.64,9.06,6,4.29,2.87,33.64
0.8,2,0.9,0.65,"Dunnett",197,10.09,5.4,5.05,2.84,54.85, ,152,10.03,5.26,5.02,2.61,55.67, ,174,10.05,5.11,5.03,2.57,47.56, ,142,10.08,5.27,5.08,2.57,55.97
0.8,2,0.9,0.65,"BOP2-OC",104.49,1, ,1, ,0, ,82.41,0.95, ,0.94, ,0, ,49.34,0.32, ,0.32, ,0, ,48.34,0.32, ,0.32, ,0
0.8,2,0.9,0.65,"Dunnett",197,6.8,0,6.74,0,0, ,152,7.62,0,7.41,0,0, ,174,7.32,0,7.21,0,0, ,142,7.12,0,6.86,0,0
0.8,2,0.9,0.65,"BOP2-OC",196.99,97.16,97.16,90.39,90.39,100, ,151.98,97.04,97.04,88.04,88.04,99.98, ,173.99,96.28,96.28,88.52,88.52,100, ,141.99,96.38,96.38,87.87,87.87,99.99
0.8,2,0.9,0.65,"Dunnett",197,96.34,96.34,90.13,90.13,100, ,152,96.16,96.16,86.8,86.8,100, ,174,93.75,93.75,85.65,85.65,100, ,142,93.38,93.38,80.5,80.5,100
0.8,2,0.9,0.65,"BOP2-OC",196.97,95.93,95.93,87.12,87.12,99.97, ,151.95,95.66,95.65,84.47,84.47,99.94, ,173.19,94.37,94.37,84.94,84.93,99.37, ,141.47,94.66,94.66,83.89,83.89,99.44
0.8,2,0.9,0.65,"Dunnett",197,96.34,96.34,90.13,90.13,100, ,152,96.16,96.16,86.8,86.8,100, ,174,93.75,93.75,85.65,85.65,100, ,142,93.38,93.38,80.5,80.5,100
0.8,2,0.9,0.65,"BOP2-OC",194.96,90,89.9,75.1,75.1,95.02, ,150.52,90.12,90.09,64.29,64.29,95.25, ,164.53,85.75,85.71,71.1,71.1,91.33, ,134.52,85.4,85.33,62.42,62.42,90.97
0.8,2,0.9,0.65,"Dunnett",197,91.06,91.05,74.41,74.41,100, ,152,89.11,89.1,58.94,58.94,99.99, ,174,87.58,87.58,66.3,66.3,100, ,142,87.84,87.84,57.63,57.63,99.98
0.8,2,0.9,0.65,"BOP2-OC",196.65,90.31,83.58,80.05,77.64,85.04, ,151.68,90.33,83.67,72.52,71.15,85.23, ,171.18,89.2,82.9,79.06,76.83,84.54, ,139.92,88.93,82.87,72.19,70.93,84.88
0.8,2,0.9,0.65,"Dunnett",197,95.55,94.3,85.12,84.32,98.37, ,152,95.03,93.62,75,74.35,98.22, ,174,92.24,91,79.25,78.42,98.32, ,142,92.17,90.64,67.6,66.98,97.69
0.8,2,0.9,0.65,"BOP2-OC",196.75,94.32,84.26,84.56,75.28,88.77, ,151.86,94.33,84.57,81.83,73.1,89.1, ,172.59,93.06,87.02,81.9,76.46,92.44, ,140.85,93.14,86.89,81.1,75.5,92.12
0.8,2,0.9,0.65,"Dunnett",197,96.34,52.56,90.13,48.88,54.67, ,152,96.16,52.07,86.8,46.7,54.44, ,174,93.75,48.44,85.65,44.84,51.07, ,142,93.38,50.7,80.5,43.33,54.74
0.8,2,0.9,0.65,"BOP2-OC",196.75,94.08,84.08,77,68.32,88.77, ,151.81,94.4,84.41,68.56,60.7,88.89, ,172.59,93.06,87.02,74.75,69.66,92.44, ,140.85,93.14,86.89,68.97,63.99,92.12
0.8,2,0.9,0.65,"Dunnett",197,96.34,52.56,83.61,45.12,54.67, ,152,96.16,52.07,75.14,40.3,54.44, ,174,93.75,48.44,79.47,41.87,51.07, ,142,93.38,50.7,67.57,36.13,54.74
0.8,2,0.9,0.65,"BOP2-OC",196.88,95.35,81.59,86.41,73.02,85.82, ,151.94,95.2,81.98,83.93,71.25,86.46, ,173.73,94.57,85,84.37,75.12,90.04, ,141.8,94.36,84.69,83.18,73.96,90
0.8,2,0.9,0.65,"Dunnett",197,98.18,35.99,94.53,34.38,36.95, ,152,97.91,36.13,91.99,33.36,37.12, ,174,96.36,33.27,91.11,31.49,34.51, ,142,96.1,35.92,87.3,31.82,37.9
0.8,2,0.9,0.65,"BOP2-OC",194.03,86.44,78.4,77.5,69.72,83.18, ,149.83,86.46,78.54,75.39,67.89,83.32, ,150.48,75.4,71.4,66.03,62.2,76.28, ,124.9,75.74,71.98,65.69,62.15,76.92
0.8,2,0.9,0.65,"Dunnett",197,98.18,35.99,94.53,34.38,36.95, ,152,97.91,36.13,91.99,33.36,37.12, ,174,96.36,33.27,91.11,31.49,34.51, ,142,96.1,35.92,87.3,31.82,37.9
0.85,2,0.9,0.65,"BOP2-OC",160.16,9.22,9.22,4.94,4.94,67.11, ,123.85,9.4,9.4,5.16,5.16,66.49, ,124.42,9.61,9.61,4.84,4.84,62.08, ,102.98,9.63,9.63,4.67,4.67,61.75
0.85,2,0.9,0.65,"Dunnett",197,10.09,10.09,5.05,5.05,100, ,152,10.03,10.03,5.02,5.02,100, ,176,10.06,10.06,5.05,5.05,100, ,142,10.08,10.08,5.08,5.08,100
0.85,2,0.9,0.65,"BOP2-OC",159.41,8.95,8.95,4.66,4.66,66.44, ,123.73,8.67,8.67,4.46,4.46,66.34, ,123.59,9.21,9.22,4.54,4.55,61.46, ,102.64,9.88,9.88,4.86,4.85,61.42
0.85,2,0.9,0.65,"Dunnett",197,10.09,10.09,5.05,5.05,100, ,152,10.03,10.03,5.02,5.02,100, ,176,10.06,10.06,5.05,5.05,100, ,142,10.08,10.08,5.08,5.08,100
0.85,2,0.9,0.65,"BOP2-OC",158.39,8.58,5.33,4.37,2.71,40.23, ,122.86,8.58,5.23,4.3,2.71,40.61, ,121.67,9.04,5.48,4.58,2.77,36.74, ,101.73,9.73,6.03,4.78,2.89,37.05
0.85,2,0.9,0.65,"Dunnett",197,10.09,5.4,5.05,2.84,54.85, ,152,10.03,5.26,5.02,2.61,55.67, ,176,10.06,5.27,5.05,2.56,55.69, ,142,10.08,5.27,5.08,2.57,55.97
0.85,2,0.9,0.65,"BOP2-OC",104.49,1.31, ,1.3, ,0, ,82.41,1.26, ,1.24, ,0, ,57.6,0.94, ,0.94, ,0, ,53.35,0.88, ,0.85, ,0
0.85,2,0.9,0.65,"Dunnett",197,6.8,0,6.74,0,0, ,152,7.62,0,7.41,0,0, ,176,7.19,0,7.03,0,0, ,142,7.12,0,6.86,0,0
0.85,2,0.9,0.65,"BOP2-OC",196.99,97.16,97.16,90.39,90.39,100, ,151.98,97.04,97.04,88.04,88.04,99.98, ,175.99,96.41,96.42,89.72,89.72,100, ,141.99,96.39,96.4,87.53,87.53,99.99
0.85,2,0.9,0.65,"Dunnett",197,96.34,96.34,90.13,90.13,100, ,152,96.16,96.16,86.8,86.8,100, ,176,93.58,93.58,81.58,81.58,100, ,142,93.38,93.38,80.5,80.5,100
0.85,2,0.9,0.65,"BOP2-OC",196.97,95.94,95.94,87.13,87.13,99.97, ,151.95,95.66,95.66,84.47,84.47,99.94, ,175.96,95.32,95.32,86.78,86.78,99.97, ,141.98,95.24,95.24,84.52,84.52,99.98
0.85,2,0.9,0.65,"Dunnett",197,96.34,96.34,90.13,90.13,100, ,152,96.16,96.16,86.8,86.8,100, ,176,93.58,93.58,81.58,81.58,100, ,142,93.38,93.38,80.5,80.5,100
0.85,2,0.9,0.65,"BOP2-OC",194.96,90,89.9,75.11,75.11,95.02, ,150.52,90.15,90.11,64.31,64.31,95.25, ,173.94,90.57,90.53,76.87,76.87,96.47, ,140.31,90.39,90.33,65.65,65.65,96.43
0.85,2,0.9,0.65,"Dunnett",197,91.06,91.05,74.41,74.41,100, ,152,89.11,89.1,58.94,58.94,99.99, ,176,88.39,88.39,67.58,67.58,99.98, ,142,87.84,87.84,57.63,57.63,99.98
0.85,2,0.9,0.65,"BOP2-OC",196.65,90.31,83.58,80.06,77.65,85.04, ,151.68,90.33,83.68,72.52,71.15,85.23, ,175.68,91.14,85.24,81.86,79.74,86.98, ,141.71,91.2,85.28,74.62,73.34,87.17
0.85,2,0.9,0.65,"Dunnett",197,95.55,94.3,85.12,84.32,98.37, ,152,95.03,93.62,75,74.35,98.22, ,176,92.52,91.05,77.21,76.38,97.87, ,142,92.17,90.64,67.6,66.98,97.69
0.85,2,0.9,0.65,"BOP2-OC",196.75,94.63,84.26,84.84,75.28,88.77, ,151.86,94.62,84.57,82.08,73.1,89.1, ,175.73,94.05,85.76,84.45,76.78,90.81, ,141.8,93.81,85.52,81.98,74.56,90.79
0.85,2,0.9,0.65,"Dunnett",197,96.34,52.56,90.13,48.88,54.67, ,152,96.16,52.07,86.8,46.7,54.44, ,176,93.58,51.14,81.58,44.1,54.91, ,142,93.38,50.7,80.5,43.33,54.74
0.85,2,0.9,0.65,"BOP2-OC",196.75,94.42,84.08,77.31,68.32,88.77, ,151.81,94.68,84.41,68.8,60.7,88.89, ,175.73,94.04,85.67,77.9,70.62,90.81, ,141.8,93.81,85.52,69.94,63.53,90.79
0.85,2,0.9,0.65,"Dunnett",197,96.34,52.56,83.61,45.12,54.67, ,152,96.16,52.07,75.14,40.3,54.44, ,176,93.58,51.14,73.89,39.87,54.91, ,142,93.38,50.7,67.57,36.13,54.74
0.85,2,0.9,0.65,"BOP2-OC",196.88,95.45,81.59,86.5,73.02,85.82, ,151.94,95.28,81.98,84,71.25,86.46, ,175.87,94.94,83.2,86.14,74.64,88, ,141.91,94.74,83.06,83.53,72.25,88.06
0.85,2,0.9,0.65,"Dunnett",197,98.18,35.99,94.53,34.38,36.95, ,152,97.91,36.13,91.99,33.36,37.12, ,176,96.31,36.29,88.64,32.52,38.22, ,142,96.1,35.92,87.3,31.82,37.9
0.85,2,0.9,0.65,"BOP2-OC",194.03,88.41,78.61,79.39,69.91,83.18, ,149.83,88.44,78.74,77.22,68.09,83.32, ,172.04,86.94,79.78,78.32,71.46,84.88, ,139.11,87.15,79.89,76.24,69.36,84.73
0.85,2,0.9,0.65,"Dunnett",197,98.18,35.99,94.53,34.38,36.95, ,152,97.91,36.13,91.99,33.36,37.12, ,176,96.31,36.29,88.64,32.52,38.22, ,142,96.1,35.92,87.3,31.82,37.9
0.95,2,0.9,0.6,"BOP2-OC",173.81,9.11,9.11,4.82,4.82,83.75, ,134.01,9.28,9.28,5.17,5.17,83.34, ,155.96,10.08,10.08,4.83,4.83,83.75, ,124.51,10.07,10.07,4.92,4.92,83.34
0.95,2,0.9,0.6,"Dunnett",192,10.07,10.07,5.04,5.04,100, ,148,10.08,10.08,5.07,5.07,100, ,180,10,10,5.01,5.01,100, ,143,10.05,10.05,5.03,5.03,100
0.95,2,0.9,0.6,"BOP2-OC",173.06,8.27,8.27,4.42,4.42,83.08, ,134.03,9.01,9.01,4.7,4.7,83.37, ,154.97,9.05,9.05,4.42,4.41,83.08, ,124.54,9.91,9.91,4.88,4.88,83.37
0.95,2,0.9,0.6,"Dunnett",192,10.07,10.07,5.04,5.04,100, ,148,10.08,10.08,5.07,5.07,100, ,180,10,10,5.01,5.01,100, ,143,10.05,10.05,5.03,5.03,100
0.95,2,0.9,0.6,"BOP2-OC",172.6,8.37,5.52,4.45,3.1,55.06, ,133.51,8.89,5.73,4.54,2.9,55.16, ,154.37,9.22,6.13,4.36,2.9,55.06, ,123.86,9.61,6.28,4.67,2.96,55.16
0.95,2,0.9,0.6,"Dunnett",192,10.07,5.24,5.04,2.66,55.52, ,148,10.08,5.24,5.07,2.66,55.85, ,180,10,5.42,5.01,2.53,56.07, ,143,10.05,4.85,5.03,2.31,47.44
0.95,2,0.9,0.6,"BOP2-OC",117.35,2.2, ,2.19, ,0, ,91.14,1.97, ,1.96, ,0, ,81.36,2.36, ,2.33, ,0, ,67.87,2.11, ,2.08, ,0
0.95,2,0.9,0.6,"Dunnett",192,6.88,0,6.7,0,0, ,148,7.37,0,7.2,0,0, ,180,7.14,0,7.06,0,0, ,143,7.54,0,7.3,0,0
0.95,2,0.9,0.6,"BOP2-OC",191.99,96.77,96.77,89.66,89.66,100, ,148,96.58,96.58,87.22,87.22,100, ,179.99,95.76,95.76,89.03,89.03,100, ,142.99,95.78,95.78,86.53,86.54,100
0.95,2,0.9,0.6,"Dunnett",192,95.84,95.84,87.2,87.2,100, ,148,95.5,95.5,85.68,85.68,100, ,180,95.16,95.16,88.22,88.22,100, ,143,94.35,94.35,82.62,82.62,100
0.95,2,0.9,0.6,"BOP2-OC",191.99,95.38,95.38,86.42,86.42,100, ,147.98,95.33,95.33,83.4,83.4,99.98, ,179.99,94.6,94.6,86.5,86.5,100, ,142.98,94.68,94.68,83.58,83.58,99.98
0.95,2,0.9,0.6,"Dunnett",192,95.84,95.84,87.2,87.2,100, ,148,95.5,95.5,85.68,85.68,100, ,180,95.16,95.16,88.22,88.22,100, ,143,94.35,94.35,82.62,82.62,100
0.95,2,0.9,0.6,"BOP2-OC",191.1,87.48,87.38,72.69,72.69,93.25, ,147.4,88.12,88.09,62.41,62.41,93.77, ,178.81,87.6,87.5,74.39,74.39,93.25, ,142.21,87.63,87.54,63.66,63.66,93.77
0.95,2,0.9,0.6,"Dunnett",192,90.33,90.33,69.22,69.22,100, ,148,88.22,88.22,57.48,57.48,100, ,180,88.04,88.04,69.21,69.21,99.98, ,143,88.04,88.04,58.88,58.88,100
0.95,2,0.9,0.6,"BOP2-OC",191.88,88.96,82.4,78.73,76.34,83.91, ,147.89,88.81,82.16,70.87,69.47,83.9, ,179.84,89.03,82.23,79.41,77.01,83.91, ,142.85,88.86,82.01,71.36,70.1,83.9
0.95,2,0.9,0.6,"Dunnett",192,94.76,93.46,83.37,82.6,98.31, ,148,94.51,93.1,73.7,73.13,98.1, ,180,94.16,92.71,83.69,82.79,98.03, ,143,92.39,91.18,68.46,67.94,98.36
0.95,2,0.9,0.6,"BOP2-OC",191.93,94.25,83.31,84.23,74.14,88.5, ,147.93,94.24,83.56,81.16,71.61,88.68, ,179.9,93.82,82.97,84.8,74.67,88.5, ,142.91,93.69,83.08,81.6,72.09,88.68
0.95,2,0.9,0.6,"Dunnett",192,95.84,52.22,87.2,47.03,54.61, ,148,95.5,52.16,85.68,46.51,54.92, ,180,95.16,52.15,88.22,48.2,55.11, ,143,94.35,47.64,82.62,42.28,50.23
0.95,2,0.9,0.6,"BOP2-OC",191.93,94.24,83.36,77.02,67.61,88.5, ,147.94,94.36,83.7,67.82,59.59,88.76, ,179.9,93.76,82.92,77.61,68.14,88.5, ,142.92,93.94,83.38,69.31,61.15,88.76
0.95,2,0.9,0.6,"Dunnett",192,95.84,52.22,80.97,43.35,54.61, ,148,95.5,52.16,74.04,39.95,54.92, ,180,95.16,52.15,82.83,45.02,55.11, ,143,94.35,47.64,70.32,36.44,50.23
0.95,2,0.9,0.6,"BOP2-OC",191.97,94.8,80.96,86.06,72.63,85.94, ,147.99,94.69,80.9,82.84,69.58,86.01, ,179.96,94.34,80.55,86.06,72.7,85.94, ,142.99,94.48,80.73,83.57,70.39,86.01
0.95,2,0.9,0.6,"Dunnett",192,97.82,36.02,92.38,33.37,36.96, ,148,97.67,36.19,91.2,33.12,37.33, ,180,97.42,36.47,93.37,34.51,37.76, ,143,96.57,32.59,88.55,29.84,33.7
0.95,2,0.9,0.6,"BOP2-OC",190.39,90.77,78.03,81.88,69.62,82.76, ,146.85,90.86,78.53,79.1,67.48,83.47, ,177.88,89.68,77.47,81.72,69.9,82.76, ,141.48,90.15,78.25,79.09,67.8,83.47
0.95,2,0.9,0.6,"Dunnett",192,97.82,36.02,92.38,33.37,36.96, ,148,97.67,36.19,91.2,33.12,37.33, ,180,97.42,36.47,93.37,34.51,37.76, ,143,96.57,32.59,88.55,29.84,33.7
0.95,1,0.9,0.65,"BOP2-OC",177.93,9.65,9.65,5.01,5.01,94.06, ,135.91,9.88,9.89,5.22,5.22,94.03, ,165.99,9.78,9.77,4.93,4.93,94.44, ,131.49,10.68,10.68,5.22,5.22,96.04
0.95,1,0.9,0.65,"Dunnett",186,10.01,10.01,5.01,5.01,100, ,142,10.08,10.08,5.08,5.08,100, ,174,10.05,10.05,5.03,5.03,100, ,136,10.06,10.06,5.05,5.05,100
0.95,1,0.9,0.65,"BOP2-OC",177.62,8.91,8.91,4.44,4.44,93.84, ,135.6,8.77,8.77,4.32,4.32,93.73, ,165.77,8.99,8.99,4.4,4.39,94.28, ,131.48,9.59,9.59,4.42,4.42,96.03
0.95,1,0.9,0.65,"Dunnett",186,10.01,10.01,5.01,5.01,100, ,142,10.08,10.08,5.08,5.08,100, ,174,10.05,10.05,5.03,5.03,100, ,136,10.06,10.06,5.05,5.05,100
0.95,1,0.9,0.65,"BOP2-OC",177.43,8.82,6.04,4.38,3.03,65.58, ,136.1,8.8,6.02,4.47,3.03,65.9, ,165.16,8.62,6.1,4.13,2.89,67.97, ,131.47,10.01,7.03,4.69,3.21,69.2
0.95,1,0.9,0.65,"Dunnett",186,10.01,5.2,5.01,2.59,55.76, ,142,10.08,5.27,5.08,2.57,55.97, ,174,10.05,5.11,5.03,2.57,47.56, ,136,10.06,5.18,5.05,2.54,55.96
0.95,1,0.9,0.65,"BOP2-OC",136.72,2.94, ,2.93, ,0, ,104.2,2.92, ,2.89, ,0, ,108.72,2.68, ,2.65, ,0, ,106.22,3.32, ,3.26, ,0
0.95,1,0.9,0.65,"Dunnett",186,6.94,0,6.76,0,0, ,142,7.12,0,6.86,0,0, ,174,7.32,0,7.21,0,0, ,136,7,0,6.74,0,0
0.95,1,0.9,0.65,"BOP2-OC",185.99,96.06,96.06,88.12,88.12,100, ,141.99,95.98,95.98,85.79,85.79,100, ,174,95.34,95.34,88.78,88.78,100, ,136,95.4,95.4,86.28,86.28,100
0.95,1,0.9,0.65,"Dunnett",186,95.03,95.03,84.49,84.49,100, ,142,93.38,93.38,80.5,80.5,100, ,174,93.75,93.75,85.65,85.65,100, ,136,93.56,93.56,82,82,100
0.95,1,0.9,0.65,"BOP2-OC",185.99,95.01,95.01,85.67,85.67,100, ,142,94.86,94.86,82.64,82.64,100, ,174,94.18,94.18,86.26,86.26,100, ,136,94.25,94.25,83.36,83.36,100
0.95,1,0.9,0.65,"Dunnett",186,95.03,95.03,84.49,84.49,100, ,142,93.38,93.38,80.5,80.5,100, ,174,93.75,93.75,85.65,85.65,100, ,136,93.56,93.56,82,82,100
0.95,1,0.9,0.65,"BOP2-OC",185.18,81.38,81.29,67.61,67.61,86.22, ,141.32,81.12,81,57.35,57.35,86.17, ,173.46,84.3,84.19,72.11,72.11,90.59, ,135.81,80.67,80.54,59.81,59.81,86.34
0.95,1,0.9,0.65,"Dunnett",186,89.54,89.54,69.19,69.19,100, ,142,87.84,87.84,57.63,57.63,99.98, ,174,87.58,87.58,66.3,66.3,100, ,136,86.56,86.56,55.56,55.56,99.98
0.95,1,0.9,0.65,"BOP2-OC",185.85,85.11,76.17,73.64,70.72,77.61, ,141.93,84.75,75.63,65.67,63.89,77.14, ,173.97,87.82,80.92,78.84,76.09,82.86, ,135.99,84.94,76.67,68.13,66.45,78.41
0.95,1,0.9,0.65,"Dunnett",186,93.95,92.68,79.61,78.89,98.25, ,142,92.17,90.64,67.6,66.98,97.69, ,174,92.24,91,79.25,78.42,98.32, ,136,92.08,90.42,69.38,68.74,97.51
0.95,1,0.9,0.65,"BOP2-OC",185.9,93.92,78.49,83.73,69.69,83.24, ,141.93,94.02,78.54,80.92,67.25,83.44, ,173.96,93.28,81.87,84.52,74,87.94, ,135.98,93.44,79.43,81.99,69.41,84.92
0.95,1,0.9,0.65,"Dunnett",186,95.03,51.86,84.49,45.73,54.88, ,142,93.38,50.7,80.5,43.33,54.74, ,174,93.75,48.44,85.65,44.84,51.07, ,136,93.56,50.62,82,43.97,54.56
0.95,1,0.9,0.65,"BOP2-OC",185.9,93.7,78.17,76.31,63.21,83.22, ,141.93,93.95,78.57,67.56,55.87,83.47, ,173.96,93.16,81.83,77.9,68.12,87.94, ,135.98,93.44,79.42,69.77,58.91,84.92
0.95,1,0.9,0.65,"Dunnett",186,95.03,51.86,77.03,41.47,54.88, ,142,93.38,50.7,67.57,36.13,54.74, ,174,93.75,48.44,79.47,41.87,51.07, ,136,93.56,50.62,69.99,37.57,54.56
0.95,1,0.9,0.65,"BOP2-OC",185.97,94.71,75.74,85.62,67.19,80.69, ,141.95,94.97,76.22,82.97,65.26,80.89, ,173.98,94.27,79.6,86.36,72.11,85.04, ,135.99,94.44,76.68,84,67,81.89
0.95,1,0.9,0.65,"Dunnett",186,97.33,36.26,90.83,33.08,37.65, ,142,96.1,35.92,87.3,31.82,37.9, ,174,96.36,33.27,91.11,31.49,34.51, ,136,96.25,35.91,88.26,32.26,37.73
0.95,1,0.9,0.65,"BOP2-OC",185.18,88.68,72.97,79.6,64.53,77.81, ,141.41,88.96,73.12,77.32,62.34,77.87, ,172.94,88.96,76.06,81.1,68.7,81.85, ,135.8,88.37,73.97,78.2,64.57,79
0.95,1,0.9,0.65,"Dunnett",186,97.33,36.26,90.83,33.08,37.65, ,142,96.1,35.92,87.3,31.82,37.9, ,174,96.36,33.27,91.11,31.49,34.51, ,136,96.25,35.91,88.26,32.26,37.73
0.9,1,0.9,0.65,"BOP2-OC",175.58,9.99,9.99,5.14,5.14,89.18, ,133.98,9.49,9.49,5.2,5.2,90.72, ,165.99,9.78,9.77,4.93,4.93,94.44, ,131.96,9.83,9.82,4.97,4.97,94.4
0.9,1,0.9,0.65,"Dunnett",189,10.01,10.01,5.01,5.01,100, ,144,10.1,10.1,5.05,5.05,100, ,174,10.05,10.05,5.03,5.03,100, ,138,10.05,10.05,5.07,5.07,100
0.9,1,0.9,0.65,"BOP2-OC",174.37,9.01,9.01,4.55,4.55,88.2, ,133.63,9.17,9.17,4.62,4.62,90.4, ,165.77,8.99,8.99,4.4,4.39,94.28, ,131.54,8.67,8.67,4.1,4.1,94.02
0.9,1,0.9,0.65,"Dunnett",189,10.01,10.01,5.01,5.01,100, ,144,10.1,10.1,5.05,5.05,100, ,174,10.05,10.05,5.03,5.03,100, ,138,10.05,10.05,5.07,5.07,100
0.9,1,0.9,0.65,"BOP2-OC",174.5,9,5.99,4.46,2.9,59.92, ,132.71,9.29,5.94,4.7,3,60.7, ,165.16,8.6,6.1,4.12,2.89,67.97, ,131.74,8.4,6,3.83,2.73,68.75
0.9,1,0.9,0.65,"Dunnett",189,10.01,4.96,5.01,2.46,47.29, ,144,10.1,5.2,5.05,2.54,55.95, ,174,10.05,5.11,5.03,2.57,47.56, ,138,10.05,5,5.07,2.45,55.94
0.9,1,0.9,0.65,"BOP2-OC",120.86,2.08, ,2.07, ,0, ,89.19,1.77, ,1.74, ,0, ,108.72,2.17, ,2.14, ,0, ,88.69,2.14, ,2.09, ,0
0.9,1,0.9,0.65,"Dunnett",189,6.9,0,6.82,0,0, ,144,7.52,0,7.31,0,0, ,174,7.32,0,7.21,0,0, ,138,7.34,0,7.06,0,0
0.9,1,0.9,0.65,"BOP2-OC",188.99,96.46,96.46,84.82,84.82,100, ,143.98,96.19,96.19,86.08,86.08,99.98, ,174,95.34,95.34,88.78,88.78,100, ,138,95.34,95.34,86.52,86.52,100
0.9,1,0.9,0.65,"Dunnett",189,95.54,95.54,88.85,88.85,100, ,144,95.03,95.03,84.5,84.5,100, ,174,93.75,93.75,85.65,85.65,100, ,138,92.56,92.56,79.05,79.05,100
0.9,1,0.9,0.65,"BOP2-OC",188.98,94.94,94.94,81.19,81.19,99.98, ,143.92,95.33,95.32,83.19,83.19,99.93, ,174,94.18,94.18,86.26,86.26,100, ,138,94.18,94.18,83.76,83.76,100
0.9,1,0.9,0.65,"Dunnett",189,95.54,95.54,88.85,88.85,100, ,144,95.03,95.03,84.5,84.5,100, ,174,93.75,93.75,85.65,85.65,100, ,138,92.56,92.56,79.05,79.05,100
0.9,1,0.9,0.65,"BOP2-OC",188.01,85.07,84.97,65.04,65.04,90.48, ,142.24,81.28,81.16,58.06,58.06,85.74, ,173.46,84.29,84.19,72.11,72.11,90.59, ,137.7,84.4,84.3,61.92,61.92,90.76
0.9,1,0.9,0.65,"Dunnett",189,89.92,89.92,73.78,73.78,100, ,144,87.78,87.78,57.19,57.19,99.99, ,174,87.58,87.58,66.3,66.3,100, ,138,87.35,87.35,57.38,57.38,99.98
0.9,1,0.9,0.65,"BOP2-OC",188.87,87.42,79.77,73.38,71.29,81.31, ,143.62,84.72,75.48,66.2,64.65,76.8, ,173.97,87.82,80.92,78.84,76.09,82.86, ,137.98,87.6,80.77,71.14,69.68,82.77
0.9,1,0.9,0.65,"Dunnett",189,94.16,93.17,83.3,82.67,98.78, ,144,93.88,92.29,72.36,71.7,97.78, ,174,92.24,91,79.25,78.42,98.32, ,138,91.92,90.31,66.74,66.16,97.52
0.9,1,0.9,0.65,"BOP2-OC",188.94,93.84,81.62,78.74,67.92,86.79, ,143.71,93.84,77.68,81.72,67.39,81.96, ,173.96,93.12,81.87,84.39,74,87.94, ,137.97,93.2,82.55,81.62,71.92,88.41
0.9,1,0.9,0.65,"Dunnett",189,95.54,48.72,88.85,45.71,50.79, ,144,95.03,51.57,84.5,45.47,54.58, ,174,93.75,48.44,85.65,44.84,51.07, ,138,92.56,50.2,79.05,42.55,54.66
0.9,1,0.9,0.65,"BOP2-OC",188.94,94.08,81.81,70.4,60.61,86.78, ,143.7,93.77,77.72,68.16,56.08,81.94, ,173.96,93.03,81.83,77.78,68.12,87.94, ,137.97,93.22,82.56,69.71,61.27,88.41
0.9,1,0.9,0.65,"Dunnett",189,95.54,48.72,83.11,42.93,50.79, ,144,95.03,51.57,72.73,38.91,54.58, ,174,93.75,48.44,79.47,41.87,51.07, ,138,92.56,50.2,66.25,35.47,54.66
0.9,1,0.9,0.65,"BOP2-OC",188.96,95.12,79.03,81.77,66.49,83.61, ,143.91,95.17,74.83,83.93,64.6,79.09, ,173.98,94.26,79.6,86.35,72.11,85.04, ,137.99,94.06,79.36,83.52,69.48,85.03
0.9,1,0.9,0.65,"Dunnett",189,97.48,32.62,93.34,31.32,33.52, ,144,97.3,36.2,90.44,32.9,37.62, ,174,96.36,33.27,91.11,31.49,34.51, ,138,95.53,35.94,86.1,31.57,38.24
0.9,1,0.9,0.65,"BOP2-OC",187.72,88.22,76.08,75.14,63.76,81.03, ,141.54,83.99,72,73.47,62.22,76.2, ,172.94,87.26,76.05,79.48,68.68,81.85, ,137.31,87.96,76.9,77.54,66.95,82.4
0.9,1,0.9,0.65,"Dunnett",189,97.48,32.62,93.34,31.32,33.52, ,144,97.3,36.2,90.44,32.9,37.62, ,174,96.36,33.27,91.11,31.49,34.51, ,138,95.53,35.94,86.1,31.57,38.24
0.9,1,0.9,0.6,"BOP2-OC",175.58,9.99,9.99,5.14,5.14,89.18, ,133.98,9.49,9.49,5.2,5.2,90.72, ,165.99,9.78,9.77,4.93,4.93,94.44, ,131.96,9.83,9.82,4.97,4.97,94.4
0.9,1,0.9,0.6,"Dunnett",189,10.01,10.01,5.01,5.01,100, ,144,10.1,10.1,5.05,5.05,100, ,174,10.05,10.05,5.03,5.03,100, ,138,10.05,10.05,5.07,5.07,100
0.9,1,0.9,0.6,"BOP2-OC",174.37,9.01,9.01,4.55,4.55,88.2, ,133.63,9.17,9.17,4.62,4.62,90.4, ,165.77,8.99,8.99,4.4,4.39,94.28, ,131.54,8.67,8.67,4.1,4.1,94.02
0.9,1,0.9,0.6,"Dunnett",189,10.01,10.01,5.01,5.01,100, ,144,10.1,10.1,5.05,5.05,100, ,174,10.05,10.05,5.03,5.03,100, ,138,10.05,10.05,5.07,5.07,100
0.9,1,0.9,0.6,"BOP2-OC",174.5,9,5.99,4.46,2.9,59.92, ,132.71,9.29,5.94,4.7,3,60.7, ,165.16,8.6,6.1,4.12,2.89,67.97, ,131.74,8.4,6,3.83,2.73,68.75
0.9,1,0.9,0.6,"Dunnett",189,10.01,4.96,5.01,2.46,47.29, ,144,10.1,5.2,5.05,2.54,55.95, ,174,10.05,5.11,5.03,2.57,47.56, ,138,10.05,5,5.07,2.45,55.94
0.9,1,0.9,0.6,"BOP2-OC",120.86,2.08, ,2.07, ,0, ,89.19,1.77, ,1.74, ,0, ,108.72,2.17, ,2.14, ,0, ,88.69,2.14, ,2.09, ,0
0.9,1,0.9,0.6,"Dunnett",189,6.9,0,6.82,0,0, ,144,7.52,0,7.31,0,0, ,174,7.32,0,7.21,0,0, ,138,7.34,0,7.06,0,0
0.9,1,0.9,0.6,"BOP2-OC",188.99,96.46,96.46,84.82,84.82,100, ,143.98,96.19,96.19,86.08,86.08,99.98, ,174,95.34,95.34,88.78,88.78,100, ,138,95.34,95.34,86.52,86.52,100
0.9,1,0.9,0.6,"Dunnett",189,95.54,95.54,88.85,88.85,100, ,144,95.03,95.03,84.5,84.5,100, ,174,93.75,93.75,85.65,85.65,100, ,138,92.56,92.56,79.05,79.05,100
0.9,1,0.9,0.6,"BOP2-OC",188.98,94.94,94.94,81.19,81.19,99.98, ,143.92,95.33,95.32,83.19,83.19,99.93, ,174,94.18,94.18,86.26,86.26,100, ,138,94.18,94.18,83.76,83.76,100
0.9,1,0.9,0.6,"Dunnett",189,95.54,95.54,88.85,88.85,100, ,144,95.03,95.03,84.5,84.5,100, ,174,93.75,93.75,85.65,85.65,100, ,138,92.56,92.56,79.05,79.05,100
0.9,1,0.9,0.6,"BOP2-OC",188.01,85.07,84.97,65.04,65.04,90.48, ,142.24,81.28,81.16,58.06,58.06,85.74, ,173.46,84.29,84.19,72.11,72.11,90.59, ,137.7,84.4,84.3,61.92,61.92,90.76
0.9,1,0.9,0.6,"Dunnett",189,89.92,89.92,73.78,73.78,100, ,144,87.78,87.78,57.19,57.19,99.99, ,174,87.58,87.58,66.3,66.3,100, ,138,87.35,87.35,57.38,57.38,99.98
0.9,1,0.9,0.6,"BOP2-OC",188.87,87.42,79.77,73.38,71.29,81.31, ,143.62,84.72,75.48,66.2,64.65,76.8, ,173.97,87.82,80.92,78.84,76.09,82.86, ,137.98,87.6,80.77,71.14,69.68,82.77
0.9,1,0.9,0.6,"Dunnett",189,94.16,93.17,83.3,82.67,98.78, ,144,93.88,92.29,72.36,71.7,97.78, ,174,92.24,91,79.25,78.42,98.32, ,138,91.92,90.31,66.74,66.16,97.52
0.9,1,0.9,0.6,"BOP2-OC",188.94,93.84,81.62,78.74,67.92,86.79, ,143.71,93.84,77.68,81.72,67.39,81.96, ,173.96,93.12,81.87,84.39,74,87.94, ,137.97,93.2,82.55,81.62,71.92,88.41
0.9,1,0.9,0.6,"Dunnett",189,95.54,48.72,88.85,45.71,50.79, ,144,95.03,51.57,84.5,45.47,54.58, ,174,93.75,48.44,85.65,44.84,51.07, ,138,92.56,50.2,79.05,42.55,54.66
0.9,1,0.9,0.6,"BOP2-OC",188.94,94.08,81.81,70.4,60.61,86.78, ,143.7,93.77,77.72,68.16,56.08,81.94, ,173.96,93.03,81.83,77.78,68.12,87.94, ,137.97,93.22,82.56,69.71,61.27,88.41
0.9,1,0.9,0.6,"Dunnett",189,95.54,48.72,83.11,42.93,50.79, ,144,95.03,51.57,72.73,38.91,54.58, ,174,93.75,48.44,79.47,41.87,51.07, ,138,92.56,50.2,66.25,35.47,54.66
0.9,1,0.9,0.6,"BOP2-OC",188.96,95.12,79.03,81.77,66.49,83.61, ,143.91,95.17,74.83,83.93,64.6,79.09, ,173.98,94.26,79.6,86.35,72.11,85.04, ,137.99,94.06,79.36,83.52,69.48,85.03
0.9,1,0.9,0.6,"Dunnett",189,97.48,32.62,93.34,31.32,33.52, ,144,97.3,36.2,90.44,32.9,37.62, ,174,96.36,33.27,91.11,31.49,34.51, ,138,95.53,35.94,86.1,31.57,38.24
0.9,1,0.9,0.6,"BOP2-OC",187.72,88.22,76.08,75.14,63.76,81.03, ,141.54,83.99,72,73.47,62.22,76.2, ,172.94,87.26,76.05,79.48,68.68,81.85, ,137.31,87.96,76.9,77.54,66.95,82.4
0.9,1,0.9,0.6,"Dunnett",189,97.48,32.62,93.34,31.32,33.52, ,144,97.3,36.2,90.44,32.9,37.62, ,174,96.36,33.27,91.11,31.49,34.51, ,138,95.53,35.94,86.1,31.57,38.24
0.85,1,0.9,0.6,"BOP2-OC",175.58,9.98,9.99,5.14,5.14,89.18, ,134.52,10.05,10.05,5.08,5.08,88.73, ,148.02,10.12,10.12,5.02,5.02,78.59, ,122.77,10.13,10.13,5.1,5.1,84.42
0.85,1,0.9,0.6,"Dunnett",189,10.01,10.01,5.01,5.01,100, ,145,10.04,10.04,5.06,5.06,100, ,178,10.02,10.02,5.02,5.02,100, ,141,10,10,5.03,5.03,100
0.85,1,0.9,0.6,"BOP2-OC",174.37,9.01,9.01,4.55,4.55,88.2, ,134.1,8.64,8.64,4.26,4.26,88.28, ,146.78,9.61,9.61,4.69,4.69,77.7, ,121.93,9.18,9.18,4.43,4.43,83.7
0.85,1,0.9,0.6,"Dunnett",189,10.01,10.01,5.01,5.01,100, ,145,10.04,10.04,5.06,5.06,100, ,178,10.02,10.02,5.02,5.02,100, ,141,10,10,5.03,5.03,100
0.85,1,0.9,0.6,"BOP2-OC",174.5,8.97,5.98,4.46,2.9,59.92, ,133.6,8.71,5.98,4.11,2.82,60.27, ,145.58,8.84,5.84,4.45,2.88,50.02, ,121.16,9.04,5.93,4.42,2.92,55.46
0.85,1,0.9,0.6,"Dunnett",189,10.01,4.96,5.01,2.46,47.29, ,145,10.04,5.2,5.06,2.7,55.9, ,178,10.02,5.36,5.02,2.58,56.04, ,141,10,5.14,5.03,2.58,55.67
0.85,1,0.9,0.6,"BOP2-OC",120.86,1.61, ,1.6, ,0, ,93.88,1.5, ,1.48, ,0, ,72.15,1.18, ,1.17, ,0, ,61.97,1.39, ,1.35, ,0
0.85,1,0.9,0.6,"Dunnett",189,6.9,0,6.82,0,0, ,145,7.11,0,6.9,0,0, ,178,6.94,0,6.84,0,0, ,141,7.03,0,6.8,0,0
0.85,1,0.9,0.6,"BOP2-OC",188.99,96.46,96.46,84.82,84.82,100, ,145,96.33,96.33,86.34,86.34,100, ,177.99,95.95,95.95,88.97,88.97,100, ,140.98,96.05,96.05,86.51,86.51,99.98
0.85,1,0.9,0.6,"Dunnett",189,95.54,95.54,88.85,88.85,100, ,145,94.21,94.21,83.91,83.91,100, ,178,93.48,93.48,84.9,84.9,100, ,141,93.38,93.38,82.45,82.45,100
0.85,1,0.9,0.6,"BOP2-OC",188.98,94.94,94.94,81.19,81.19,99.98, ,144.99,95.22,95.21,82.78,82.78,99.99, ,177.99,94.85,94.85,86.38,86.38,99.99, ,140.88,94.89,94.89,83.34,83.34,99.89
0.85,1,0.9,0.6,"Dunnett",189,95.54,95.54,88.85,88.85,100, ,145,94.21,94.21,83.91,83.91,100, ,178,93.48,93.48,84.9,84.9,100, ,141,93.38,93.38,82.45,82.45,100
0.85,1,0.9,0.6,"BOP2-OC",188.01,85.06,84.96,65.03,65.03,90.48, ,144.28,84.91,84.82,59.95,59.94,90.44, ,176.91,89.43,89.37,75.3,75.3,95.54, ,138.72,84.69,84.55,61.42,61.42,89.86
0.85,1,0.9,0.6,"Dunnett",189,89.92,89.92,73.78,73.78,100, ,145,88.5,88.5,57.09,57.09,99.99, ,178,88.2,88.2,71.29,71.29,99.98, ,141,87.92,87.92,55.71,55.71,99.99
0.85,1,0.9,0.6,"BOP2-OC",188.87,87.41,79.76,73.37,71.29,81.31, ,144.91,87.32,79.38,68.76,67.24,80.91, ,177.8,90.7,84.11,80.97,78.61,85.95, ,140.58,86.45,77.88,68.72,67.03,79.35
0.85,1,0.9,0.6,"Dunnett",189,94.16,93.17,83.3,82.67,98.78, ,145,92.96,91.44,71.83,71.19,97.84, ,178,92.53,91.04,80.97,80.05,97.89, ,141,92.25,90.7,70.23,69.54,97.68
0.85,1,0.9,0.6,"BOP2-OC",188.94,93.52,81.62,78.46,67.92,86.79, ,144.94,93.44,81.47,80.78,70.14,86.68, ,177.94,93.61,84.68,84.29,76.06,90.33, ,140.66,93.42,80.62,81.2,69.86,85.54
0.85,1,0.9,0.6,"Dunnett",189,95.54,48.72,88.85,45.71,50.79, ,145,94.21,51.18,83.91,45.27,54.76, ,178,93.48,51.4,84.9,46.39,55.23, ,141,93.38,50.54,82.45,44.3,54.5
0.85,1,0.9,0.6,"BOP2-OC",188.94,93.64,81.81,70,60.61,86.78, ,144.92,93.58,81.47,67.23,58.25,86.48, ,177.94,93.56,84.66,77,69.33,90.33, ,140.66,93.43,80.63,68.7,58.91,85.55
0.85,1,0.9,0.6,"Dunnett",189,95.54,48.72,83.11,42.93,50.79, ,145,94.21,51.18,72.28,38.67,54.76, ,178,93.48,51.4,78.61,42.74,55.23, ,141,93.38,50.54,70.88,37.81,54.5
0.85,1,0.9,0.6,"BOP2-OC",188.96,95.02,79.03,81.67,66.49,83.61, ,144.98,94.97,79.17,83.11,68.08,83.78, ,177.98,94.54,82.17,85.74,73.66,87.36, ,140.87,94.86,77.9,83.91,67.64,82.49
0.85,1,0.9,0.6,"Dunnett",189,97.48,32.62,93.34,31.32,33.52, ,145,96.73,36.05,89.96,32.9,37.74, ,178,96.31,36.34,91.01,33.71,38.15, ,141,96.12,35.88,88.77,32.44,37.8
0.85,1,0.9,0.6,"BOP2-OC",187.72,85.93,75.9,72.97,63.61,81.03, ,144.15,85.52,75.89,74.05,64.96,81.07, ,175.7,87.52,79.89,78.59,71.24,85.06, ,137.69,84.19,74.47,73.83,64.61,79.17
0.85,1,0.9,0.6,"Dunnett",189,97.48,32.62,93.34,31.32,33.52, ,145,96.73,36.05,89.96,32.9,37.74, ,178,96.31,36.34,91.01,33.71,38.15, ,141,96.12,35.88,88.77,32.44,37.8
0.8,1,0.9,0.6,"BOP2-OC",173.81,9.11,9.11,4.82,4.82,83.75, ,131.58,10.01,10.01,5.12,5.12,84.42, ,148.02,10.05,10.06,5.02,5.02,78.59, ,122.77,10.12,10.12,5.1,5.1,84.42
0.8,1,0.9,0.6,"Dunnett",192,10.07,10.07,5.04,5.04,100, ,147,10,10,5,5,100, ,178,10.02,10.02,5.02,5.02,100, ,141,10,10,5.03,5.03,100
0.8,1,0.9,0.6,"BOP2-OC",173.06,8.25,8.25,4.41,4.41,83.08, ,130.87,8.9,8.9,4.4,4.39,83.7, ,146.78,9.53,9.53,4.68,4.68,77.7, ,121.93,9.16,9.16,4.43,4.43,83.7
0.8,1,0.9,0.6,"Dunnett",192,10.07,10.07,5.04,5.04,100, ,147,10,10,5,5,100, ,178,10.02,10.02,5.02,5.02,100, ,141,10,10,5.03,5.03,100
0.8,1,0.9,0.6,"BOP2-OC",172.6,8.36,5.52,4.45,3.1,55.06, ,130.21,8.48,5.66,4.4,2.92,55.46, ,145.58,8.77,5.78,4.45,2.88,50.02, ,121.16,9.01,5.9,4.42,2.92,55.46
0.8,1,0.9,0.6,"Dunnett",192,10.07,5.24,5.04,2.66,55.52, ,147,10,4.82,5,2.37,47.59, ,178,10.02,5.36,5.02,2.58,56.04, ,141,10,5.14,5.03,2.58,55.67
0.8,1,0.9,0.6,"BOP2-OC",117.35,1.41, ,1.41, ,0, ,80.13,1.14, ,1.12, ,0, ,72.15,0.84, ,0.84, ,0, ,61.97,0.99, ,0.98, ,0
0.8,1,0.9,0.6,"Dunnett",192,6.88,0,6.7,0,0, ,147,7.07,0,6.86,0,0, ,178,6.94,0,6.84,0,0, ,141,7.03,0,6.8,0,0
0.8,1,0.9,0.6,"BOP2-OC",191.99,96.77,96.77,89.66,89.66,100, ,146.98,96.56,96.56,86.89,86.89,99.98, ,177.99,95.95,95.95,88.97,88.97,100, ,140.98,96.05,96.05,86.51,86.51,99.98
0.8,1,0.9,0.6,"Dunnett",192,95.84,95.84,87.2,87.2,100, ,147,94.85,94.85,83.88,83.88,100, ,178,93.48,93.48,84.9,84.9,100, ,141,93.38,93.38,82.45,82.45,100
0.8,1,0.9,0.6,"BOP2-OC",191.99,95.36,95.36,86.4,86.4,100, ,146.9,95.47,95.47,83.58,83.58,99.89, ,177.99,94.85,94.85,86.38,86.38,99.99, ,140.88,94.88,94.88,83.33,83.33,99.89
0.8,1,0.9,0.6,"Dunnett",192,95.84,95.84,87.2,87.2,100, ,147,94.85,94.85,83.88,83.88,100, ,178,93.48,93.48,84.9,84.9,100, ,141,93.38,93.38,82.45,82.45,100
0.8,1,0.9,0.6,"BOP2-OC",191.1,87.47,87.37,72.68,72.68,93.25, ,145.07,84.98,84.87,60.76,60.76,89.86, ,176.91,89.4,89.35,75.28,75.28,95.54, ,138.72,84.67,84.53,61.41,61.41,89.86
0.8,1,0.9,0.6,"Dunnett",192,90.33,90.33,69.22,69.22,100, ,147,88.67,88.67,59.55,59.55,100, ,178,88.2,88.2,71.29,71.29,99.98, ,141,87.92,87.92,55.71,55.71,99.99
0.8,1,0.9,0.6,"BOP2-OC",191.88,88.95,82.39,78.72,76.33,83.91, ,146.65,86.52,78.04,68.12,66.38,79.35, ,177.8,90.69,84.1,80.97,78.6,85.95, ,140.58,86.44,77.87,68.71,67.02,79.35
0.8,1,0.9,0.6,"Dunnett",192,94.76,93.46,83.37,82.6,98.31, ,147,92.96,91.84,69.23,68.76,98.57, ,178,92.53,91.04,80.97,80.05,97.89, ,141,92.25,90.7,70.23,69.54,97.68
0.8,1,0.9,0.6,"BOP2-OC",191.93,93.92,83.31,83.91,74.14,88.5, ,146.71,93.57,81.03,81.01,69.87,85.54, ,177.94,93.28,84.68,83.99,76.06,90.33, ,140.66,92.9,80.62,80.72,69.86,85.54
0.8,1,0.9,0.6,"Dunnett",192,95.84,52.22,87.2,47.03,54.61, ,147,94.85,48.42,83.88,43.44,50.72, ,178,93.48,51.4,84.9,46.39,55.23, ,141,93.38,50.54,82.45,44.3,54.5
0.8,1,0.9,0.6,"BOP2-OC",191.93,93.75,83.36,76.61,67.61,88.5, ,146.71,93.44,80.9,67.99,58.43,85.55, ,177.94,93.22,84.66,76.73,69.33,90.33, ,140.66,92.9,80.63,68.29,58.91,85.55
0.8,1,0.9,0.6,"Dunnett",192,95.84,52.22,80.97,43.35,54.61, ,147,94.85,48.42,71.59,37.56,50.72, ,178,93.48,51.4,78.61,42.74,55.23, ,141,93.38,50.54,70.88,37.81,54.5
0.8,1,0.9,0.6,"BOP2-OC",191.97,94.68,80.96,85.96,72.63,85.94, ,146.89,94.96,78.05,84.06,67.88,82.49, ,177.98,94.44,82.17,85.63,73.66,87.36, ,140.87,94.68,77.9,83.75,67.64,82.49
0.8,1,0.9,0.6,"Dunnett",192,97.82,36.02,92.38,33.37,36.96, ,147,97.05,32.73,89.5,30.24,33.64, ,178,96.31,36.34,91.01,33.71,38.15, ,141,96.12,35.88,88.77,32.44,37.8
0.8,1,0.9,0.6,"BOP2-OC",190.39,87.09,77.76,78.29,69.36,82.76, ,144.2,83.6,74.5,72.97,64.35,79.17, ,175.7,85.7,79.69,76.84,71.06,85.06, ,137.69,81.8,74.24,71.56,64.4,79.17
0.8,1,0.9,0.6,"Dunnett",192,97.82,36.02,92.38,33.37,36.96, ,147,97.05,32.73,89.5,30.24,33.64, ,178,96.31,36.34,91.01,33.71,38.15, ,141,96.12,35.88,88.77,32.44,37.8
0.8,2,0.9,0.6,"BOP2-OC",160.16,9.21,9.21,4.94,4.94,67.11, ,123.85,9.38,9.38,5.16,5.16,66.49, ,119.65,10.5,10.5,5.04,5.04,57.54, ,100.98,10.69,10.69,5.09,5.09,57.27
0.8,2,0.9,0.6,"Dunnett",197,10.09,10.09,5.05,5.05,100, ,152,10.03,10.03,5.02,5.02,100, ,174,10.05,10.05,5.03,5.03,100, ,142,10.08,10.08,5.08,5.08,100
0.8,2,0.9,0.6,"BOP2-OC",159.41,8.94,8.94,4.66,4.66,66.44, ,123.73,8.66,8.66,4.45,4.45,66.34, ,113.1,9.57,9.57,4.48,4.48,52.42, ,96.13,9.08,9.08,4.23,4.23,52.22
0.8,2,0.9,0.6,"Dunnett",197,10.09,10.09,5.05,5.05,100, ,152,10.03,10.03,5.02,5.02,100, ,174,10.05,10.05,5.03,5.03,100, ,142,10.08,10.08,5.08,5.08,100
0.8,2,0.9,0.6,"BOP2-OC",158.39,8.5,5.3,4.35,2.71,40.23, ,122.86,8.55,5.22,4.28,2.71,40.61, ,111.77,9.09,5.91,4.35,2.85,33.51, ,95.64,9.06,6,4.29,2.87,33.64
0.8,2,0.9,0.6,"Dunnett",197,10.09,5.4,5.05,2.84,54.85, ,152,10.03,5.26,5.02,2.61,55.67, ,174,10.05,5.11,5.03,2.57,47.56, ,142,10.08,5.27,5.08,2.57,55.97
0.8,2,0.9,0.6,"BOP2-OC",104.49,1, ,1, ,0, ,82.41,0.95, ,0.94, ,0, ,49.34,0.32, ,0.32, ,0, ,48.34,0.32, ,0.32, ,0
0.8,2,0.9,0.6,"Dunnett",197,6.8,0,6.74,0,0, ,152,7.62,0,7.41,0,0, ,174,7.32,0,7.21,0,0, ,142,7.12,0,6.86,0,0
0.8,2,0.9,0.6,"BOP2-OC",196.99,97.16,97.16,90.39,90.39,100, ,151.98,97.04,97.04,88.04,88.04,99.98, ,173.99,96.28,96.28,88.52,88.52,100, ,141.99,96.38,96.38,87.87,87.87,99.99
0.8,2,0.9,0.6,"Dunnett",197,96.34,96.34,90.13,90.13,100, ,152,96.16,96.16,86.8,86.8,100, ,174,93.75,93.75,85.65,85.65,100, ,142,93.38,93.38,80.5,80.5,100
0.8,2,0.9,0.6,"BOP2-OC",196.97,95.93,95.93,87.12,87.12,99.97, ,151.95,95.66,95.65,84.47,84.47,99.94, ,173.19,94.37,94.37,84.94,84.93,99.37, ,141.47,94.66,94.66,83.89,83.89,99.44
0.8,2,0.9,0.6,"Dunnett",197,96.34,96.34,90.13,90.13,100, ,152,96.16,96.16,86.8,86.8,100, ,174,93.75,93.75,85.65,85.65,100, ,142,93.38,93.38,80.5,80.5,100
0.8,2,0.9,0.6,"BOP2-OC",194.96,90,89.9,75.1,75.1,95.02, ,150.52,90.12,90.09,64.29,64.29,95.25, ,164.53,85.75,85.71,71.1,71.1,91.33, ,134.52,85.4,85.33,62.42,62.42,90.97
0.8,2,0.9,0.6,"Dunnett",197,91.06,91.05,74.41,74.41,100, ,152,89.11,89.1,58.94,58.94,99.99, ,174,87.58,87.58,66.3,66.3,100, ,142,87.84,87.84,57.63,57.63,99.98
0.8,2,0.9,0.6,"BOP2-OC",196.65,90.31,83.58,80.05,77.64,85.04, ,151.68,90.33,83.67,72.52,71.15,85.23, ,171.18,89.2,82.9,79.06,76.83,84.54, ,139.92,88.93,82.87,72.19,70.93,84.88
0.8,2,0.9,0.6,"Dunnett",197,95.55,94.3,85.12,84.32,98.37, ,152,95.03,93.62,75,74.35,98.22, ,174,92.24,91,79.25,78.42,98.32, ,142,92.17,90.64,67.6,66.98,97.69
0.8,2,0.9,0.6,"BOP2-OC",196.75,94.32,84.26,84.56,75.28,88.77, ,151.86,94.33,84.57,81.83,73.1,89.1, ,172.59,93.06,87.02,81.9,76.46,92.44, ,140.85,93.14,86.89,81.1,75.5,92.12
0.8,2,0.9,0.6,"Dunnett",197,96.34,52.56,90.13,48.88,54.67, ,152,96.16,52.07,86.8,46.7,54.44, ,174,93.75,48.44,85.65,44.84,51.07, ,142,93.38,50.7,80.5,43.33,54.74
0.8,2,0.9,0.6,"BOP2-OC",196.75,94.08,84.08,77,68.32,88.77, ,151.81,94.4,84.41,68.56,60.7,88.89, ,172.59,93.06,87.02,74.75,69.66,92.44, ,140.85,93.14,86.89,68.97,63.99,92.12
0.8,2,0.9,0.6,"Dunnett",197,96.34,52.56,83.61,45.12,54.67, ,152,96.16,52.07,75.14,40.3,54.44, ,174,93.75,48.44,79.47,41.87,51.07, ,142,93.38,50.7,67.57,36.13,54.74
0.8,2,0.9,0.6,"BOP2-OC",196.88,95.35,81.59,86.41,73.02,85.82, ,151.94,95.2,81.98,83.93,71.25,86.46, ,173.73,94.57,85,84.37,75.12,90.04, ,141.8,94.36,84.69,83.18,73.96,90
0.8,2,0.9,0.6,"Dunnett",197,98.18,35.99,94.53,34.38,36.95, ,152,97.91,36.13,91.99,33.36,37.12, ,174,96.36,33.27,91.11,31.49,34.51, ,142,96.1,35.92,87.3,31.82,37.9
0.8,2,0.9,0.6,"BOP2-OC",194.03,86.44,78.4,77.5,69.72,83.18, ,149.83,86.46,78.54,75.39,67.89,83.32, ,150.48,75.4,71.4,66.03,62.2,76.28, ,124.9,75.74,71.98,65.69,62.15,76.92
0.8,2,0.9,0.6,"Dunnett",197,98.18,35.99,94.53,34.38,36.95, ,152,97.91,36.13,91.99,33.36,37.12, ,174,96.36,33.27,91.11,31.49,34.51, ,142,96.1,35.92,87.3,31.82,37.9
0.85,2,0.9,0.6,"BOP2-OC",160.16,9.22,9.22,4.94,4.94,67.11, ,123.85,9.4,9.4,5.16,5.16,66.49, ,124.42,9.61,9.61,4.84,4.84,62.08, ,102.98,9.63,9.63,4.67,4.67,61.75
0.85,2,0.9,0.6,"Dunnett",197,10.09,10.09,5.05,5.05,100, ,152,10.03,10.03,5.02,5.02,100, ,176,10.06,10.06,5.05,5.05,100, ,142,10.08,10.08,5.08,5.08,100
0.85,2,0.9,0.6,"BOP2-OC",159.41,8.95,8.95,4.66,4.66,66.44, ,123.73,8.67,8.67,4.46,4.46,66.34, ,123.59,9.21,9.22,4.54,4.55,61.46, ,102.64,9.88,9.88,4.86,4.85,61.42
0.85,2,0.9,0.6,"Dunnett",197,10.09,10.09,5.05,5.05,100, ,152,10.03,10.03,5.02,5.02,100, ,176,10.06,10.06,5.05,5.05,100, ,142,10.08,10.08,5.08,5.08,100
0.85,2,0.9,0.6,"BOP2-OC",158.39,8.58,5.33,4.37,2.71,40.23, ,122.86,8.58,5.23,4.3,2.71,40.61, ,121.67,9.04,5.48,4.58,2.77,36.74, ,101.73,9.73,6.03,4.78,2.89,37.05
0.85,2,0.9,0.6,"Dunnett",197,10.09,5.4,5.05,2.84,54.85, ,152,10.03,5.26,5.02,2.61,55.67, ,176,10.06,5.27,5.05,2.56,55.69, ,142,10.08,5.27,5.08,2.57,55.97
0.85,2,0.9,0.6,"BOP2-OC",104.49,1.31, ,1.3, ,0, ,82.41,1.26, ,1.24, ,0, ,57.6,0.94, ,0.94, ,0, ,53.35,0.88, ,0.85, ,0
0.85,2,0.9,0.6,"Dunnett",197,6.8,0,6.74,0,0, ,152,7.62,0,7.41,0,0, ,176,7.19,0,7.03,0,0, ,142,7.12,0,6.86,0,0
0.85,2,0.9,0.6,"BOP2-OC",196.99,97.16,97.16,90.39,90.39,100, ,151.98,97.04,97.04,88.04,88.04,99.98, ,175.99,96.41,96.42,89.72,89.72,100, ,141.99,96.39,96.4,87.53,87.53,99.99
0.85,2,0.9,0.6,"Dunnett",197,96.34,96.34,90.13,90.13,100, ,152,96.16,96.16,86.8,86.8,100, ,176,93.58,93.58,81.58,81.58,100, ,142,93.38,93.38,80.5,80.5,100
0.85,2,0.9,0.6,"BOP2-OC",196.97,95.94,95.94,87.13,87.13,99.97, ,151.95,95.66,95.66,84.47,84.47,99.94, ,175.96,95.32,95.32,86.78,86.78,99.97, ,141.98,95.24,95.24,84.52,84.52,99.98
0.85,2,0.9,0.6,"Dunnett",197,96.34,96.34,90.13,90.13,100, ,152,96.16,96.16,86.8,86.8,100, ,176,93.58,93.58,81.58,81.58,100, ,142,93.38,93.38,80.5,80.5,100
0.85,2,0.9,0.6,"BOP2-OC",194.96,90,89.9,75.11,75.11,95.02, ,150.52,90.15,90.11,64.31,64.31,95.25, ,173.94,90.57,90.53,76.87,76.87,96.47, ,140.31,90.39,90.33,65.65,65.65,96.43
0.85,2,0.9,0.6,"Dunnett",197,91.06,91.05,74.41,74.41,100, ,152,89.11,89.1,58.94,58.94,99.99, ,176,88.39,88.39,67.58,67.58,99.98, ,142,87.84,87.84,57.63,57.63,99.98
0.85,2,0.9,0.6,"BOP2-OC",196.65,90.31,83.58,80.06,77.65,85.04, ,151.68,90.33,83.68,72.52,71.15,85.23, ,175.68,91.14,85.24,81.86,79.74,86.98, ,141.71,91.2,85.28,74.62,73.34,87.17
0.85,2,0.9,0.6,"Dunnett",197,95.55,94.3,85.12,84.32,98.37, ,152,95.03,93.62,75,74.35,98.22, ,176,92.52,91.05,77.21,76.38,97.87, ,142,92.17,90.64,67.6,66.98,97.69
0.85,2,0.9,0.6,"BOP2-OC",196.75,94.63,84.26,84.84,75.28,88.77, ,151.86,94.62,84.57,82.08,73.1,89.1, ,175.73,94.05,85.76,84.45,76.78,90.81, ,141.8,93.81,85.52,81.98,74.56,90.79
0.85,2,0.9,0.6,"Dunnett",197,96.34,52.56,90.13,48.88,54.67, ,152,96.16,52.07,86.8,46.7,54.44, ,176,93.58,51.14,81.58,44.1,54.91, ,142,93.38,50.7,80.5,43.33,54.74
0.85,2,0.9,0.6,"BOP2-OC",196.75,94.42,84.08,77.31,68.32,88.77, ,151.81,94.68,84.41,68.8,60.7,88.89, ,175.73,94.04,85.67,77.9,70.62,90.81, ,141.8,93.81,85.52,69.94,63.53,90.79
0.85,2,0.9,0.6,"Dunnett",197,96.34,52.56,83.61,45.12,54.67, ,152,96.16,52.07,75.14,40.3,54.44, ,176,93.58,51.14,73.89,39.87,54.91, ,142,93.38,50.7,67.57,36.13,54.74
0.85,2,0.9,0.6,"BOP2-OC",196.88,95.45,81.59,86.5,73.02,85.82, ,151.94,95.28,81.98,84,71.25,86.46, ,175.87,94.94,83.2,86.14,74.64,88, ,141.91,94.74,83.06,83.53,72.25,88.06
0.85,2,0.9,0.6,"Dunnett",197,98.18,35.99,94.53,34.38,36.95, ,152,97.91,36.13,91.99,33.36,37.12, ,176,96.31,36.29,88.64,32.52,38.22, ,142,96.1,35.92,87.3,31.82,37.9
0.85,2,0.9,0.6,"BOP2-OC",194.03,88.41,78.61,79.39,69.91,83.18, ,149.83,88.44,78.74,77.22,68.09,83.32, ,172.04,86.94,79.78,78.32,71.46,84.88, ,139.11,87.15,79.89,76.24,69.36,84.73
0.85,2,0.9,0.6,"Dunnett",197,98.18,35.99,94.53,34.38,36.95, ,152,97.91,36.13,91.99,33.36,37.12, ,176,96.31,36.29,88.64,32.52,38.22, ,142,96.1,35.92,87.3,31.82,37.9
0.9,2,0.9,0.6,"BOP2-OC",169.78,9.89,9.89,5.07,5.07,78.98, ,130.66,9.88,9.89,4.92,4.92,78.51, ,148.02,10.13,10.13,5.02,5.02,78.59, ,120.02,10.11,10.11,5.04,5.05,78.11
0.9,2,0.9,0.6,"Dunnett",195,10.08,10.08,5.04,5.04,100, ,150,10.06,10.06,5.04,5.04,100, ,178,10.02,10.02,5.02,5.02,100, ,143,10.05,10.05,5.03,5.03,100
0.9,2,0.9,0.6,"BOP2-OC",168.18,9.23,9.23,4.45,4.45,77.65, ,129.67,8.96,8.96,4.22,4.22,77.41, ,146.78,9.62,9.62,4.69,4.69,77.7, ,119.67,9.95,9.95,4.62,4.62,77.78
0.9,2,0.9,0.6,"Dunnett",195,10.08,10.08,5.04,5.04,100, ,150,10.06,10.06,5.04,5.04,100, ,178,10.02,10.02,5.02,5.02,100, ,143,10.05,10.05,5.03,5.03,100
0.9,2,0.9,0.6,"BOP2-OC",167.22,8.84,5.71,4.26,2.73,50.07, ,129.2,8.88,5.62,4.34,2.75,50.29, ,145.58,8.86,5.84,4.46,2.89,50.02, ,118.72,9.64,6.32,4.52,2.99,50.46
0.9,2,0.9,0.6,"Dunnett",195,10.08,5.34,5.04,2.82,55.37, ,150,10.06,5.26,5.04,2.59,55.73, ,178,10.02,5.36,5.02,2.58,56.04, ,143,10.05,4.85,5.03,2.31,47.44
0.9,2,0.9,0.6,"BOP2-OC",102.98,1.38, ,1.35, ,0, ,80.53,1.24, ,1.24, ,0, ,72.15,1.49, ,1.48, ,0, ,63.68,1.55, ,1.54, ,0
0.9,2,0.9,0.6,"Dunnett",195,7.3,0,7.18,0,0, ,150,7.11,0,6.92,0,0, ,178,6.94,0,6.84,0,0, ,143,7.54,0,7.3,0,0
0.9,2,0.9,0.6,"BOP2-OC",194.99,97.02,97.02,86.19,86.19,100, ,149.99,96.89,96.89,87.61,87.61,99.99, ,177.99,95.95,95.95,88.97,88.97,100, ,143,96.02,96.02,87.02,87.02,100
0.9,2,0.9,0.6,"Dunnett",195,96.98,96.98,91.22,91.22,100, ,150,94.84,94.84,83.25,83.25,100, ,178,93.48,93.48,84.9,84.9,100, ,143,94.35,94.35,82.62,82.62,100
0.9,2,0.9,0.6,"BOP2-OC",194.93,95.66,95.66,82.78,82.78,99.94, ,149.93,95.6,95.6,84.38,84.38,99.92, ,177.99,94.86,94.86,86.38,86.38,99.99, ,142.99,95.07,95.07,84.14,84.14,100
0.9,2,0.9,0.6,"Dunnett",195,96.98,96.98,91.22,91.22,100, ,150,94.84,94.84,83.25,83.25,100, ,178,93.48,93.48,84.9,84.9,100, ,143,94.35,94.35,82.62,82.62,100
0.9,2,0.9,0.6,"BOP2-OC",192.42,87.8,87.7,68,68,92.52, ,148.08,87.58,87.49,62.56,62.56,92.7, ,176.91,89.44,89.38,75.31,75.31,95.54, ,142.07,89.3,89.2,64.86,64.87,95.38
0.9,2,0.9,0.6,"Dunnett",195,90.66,90.65,72.61,72.61,100, ,150,88.91,88.91,59.68,59.68,99.99, ,178,88.2,88.2,71.29,71.29,99.98, ,143,88.04,88.04,58.88,58.88,100
0.9,2,0.9,0.6,"BOP2-OC",194.65,88.81,81.42,75.37,73.23,82.83, ,149.64,89.02,81.5,70.89,69.47,82.98, ,177.8,90.7,84.11,80.98,78.61,85.95, ,142.88,90.74,84.76,73.8,72.5,86.5
0.9,2,0.9,0.6,"Dunnett",195,96.16,94.92,86.56,85.77,98.45, ,150,93.66,92.21,70.33,69.77,98.08, ,178,92.53,91.04,80.97,80.05,97.89, ,143,92.39,91.18,68.46,67.94,98.36
0.9,2,0.9,0.6,"BOP2-OC",194.66,94.11,82.84,79.7,69.8,87.64, ,149.75,94.28,83.54,81.9,72.22,88.13, ,177.94,93.8,84.68,84.45,76.06,90.33, ,142.93,93.92,85.21,81.83,73.86,90.69
0.9,2,0.9,0.6,"Dunnett",195,96.98,53,91.22,49.62,54.81, ,150,94.84,51.62,83.25,44.84,54.71, ,178,93.48,51.4,84.9,46.39,55.23, ,143,94.35,47.64,82.62,42.28,50.23
0.9,2,0.9,0.6,"BOP2-OC",194.66,94.15,82.87,70.58,61.57,87.64, ,149.75,94.14,83.38,68.56,60.25,88.13, ,177.94,93.74,84.66,77.14,69.33,90.33, ,142.93,93.88,84.99,69.11,62.17,90.55
0.9,2,0.9,0.6,"Dunnett",195,96.98,53,85.69,46.34,54.81, ,150,94.84,51.62,70.47,37.67,54.71, ,178,93.48,51.4,78.61,42.74,55.23, ,143,94.35,47.64,70.32,36.44,50.23
0.9,2,0.9,0.6,"BOP2-OC",194.91,95.28,80.44,82.38,68.2,84.9, ,149.91,95.45,80.53,84.33,70.04,84.79, ,177.98,94.62,82.17,85.82,73.66,87.36, ,142.98,94.46,82.5,83.52,72.01,87.86
0.9,2,0.9,0.6,"Dunnett",195,98.43,35.91,95.1,34.34,36.67, ,150,97.12,35.86,89.38,32.42,37.29, ,178,96.31,36.34,91.01,33.71,38.15, ,143,96.57,32.59,88.55,29.84,33.7
0.9,2,0.9,0.6,"BOP2-OC",190.91,86.75,76.23,73.84,63.99,80.98, ,147.03,87.72,77.48,76.59,66.89,81.69, ,175.7,88.92,79.96,79.95,71.3,85.06, ,141.41,88.9,79.83,77.73,69.11,85.1
0.9,2,0.9,0.6,"Dunnett",195,98.43,35.91,95.1,34.34,36.67, ,150,97.12,35.86,89.38,32.42,37.29, ,178,96.31,36.34,91.01,33.71,38.15, ,143,96.57,32.59,88.55,29.84,33.7
0.9,1,0.8,0.7,"BOP2-OC",151.12,10,10,5.12,5.12,86.82, ,120.03,10.17,10.17,4.92,4.92,86.3, ,130.86,9.16,9.16,5,5,91.02, ,104.03,10.22,10.22,5.05,5.05,86.3
0.9,1,0.8,0.7,"Dunnett",168,10.06,10.06,5.04,5.04,100, ,134,10.04,10.04,5.03,5.03,100, ,142,10,10,5.04,5.04,100, ,118,10.06,10.06,5.04,5.04,100
0.9,1,0.8,0.7,"BOP2-OC",150.25,9.38,9.38,4.68,4.67,86.13, ,119.37,9.38,9.38,4.31,4.31,85.66, ,129.76,8.82,8.82,4.56,4.56,90.12, ,103.37,9.4,9.4,4.44,4.44,85.66
0.9,1,0.8,0.7,"Dunnett",168,10.06,10.06,5.04,5.04,100, ,134,10.04,10.04,5.03,5.03,100, ,142,10,10,5.04,5.04,100, ,118,10.06,10.06,5.04,5.04,100
0.9,1,0.8,0.7,"BOP2-OC",149.7,9.18,6.03,4.48,2.92,55.73, ,119.25,9.55,6.08,4.39,2.68,55.63, ,129.77,8.33,5.53,4.35,2.98,60.46, ,103.25,9.81,6.43,4.68,2.99,55.63
0.9,1,0.8,0.7,"Dunnett",168,10.06,5.22,5.04,2.5,55.61, ,134,10.04,5.16,5.03,2.52,55.92, ,142,10,5.21,5.04,2.75,56.05, ,118,10.06,5.19,5.04,2.51,55.78
0.9,1,0.8,0.7,"BOP2-OC",106.6,2.25, ,2.23, ,0, ,85.07,2.22, ,2.17, ,0, ,79.5,1.86, ,1.83, ,0, ,69.07,2.2, ,2.16, ,0
0.9,1,0.8,0.7,"Dunnett",168,7.76,0,7.68,0,0, ,134,7.84,0,7.56,0,0, ,142,7.3,0,7.07,0,0, ,118,7.6,0,7.36,0,0
0.9,1,0.8,0.7,"BOP2-OC",167.96,93.48,93.48,83.89,83.89,99.97, ,133.97,94.83,94.83,83.27,83.27,99.98, ,141.99,90.82,90.82,83.75,83.75,99.99, ,117.97,93.47,93.47,82.5,82.5,99.98
0.9,1,0.8,0.7,"Dunnett",168,93.62,93.62,83.58,83.58,100, ,134,93.55,93.55,78.84,78.84,100, ,142,90.03,90.03,78.4,78.4,100, ,118,91.2,91.2,79.22,79.22,100
0.9,1,0.8,0.7,"BOP2-OC",167.87,92.38,92.38,81.47,81.47,99.9, ,133.9,93.51,93.51,80.18,80.18,99.9, ,141.91,89.12,89.12,81.11,81.11,99.93, ,117.9,92.28,92.29,79.64,79.64,99.9
0.9,1,0.8,0.7,"Dunnett",168,93.62,93.62,83.58,83.58,100, ,134,93.55,93.55,78.84,78.84,100, ,142,90.03,90.03,78.4,78.4,100, ,118,91.2,91.2,79.22,79.22,100
0.9,1,0.8,0.7,"BOP2-OC",165.68,78.2,78.02,63.47,63.47,85.54, ,131.98,79.21,79.06,55.03,55.03,85.46, ,139.93,75.88,75.66,64.98,64.98,85.95, ,115.98,77.82,77.64,55.93,55.93,85.46
0.9,1,0.8,0.7,"Dunnett",168,86.37,86.36,66.88,66.88,99.98, ,134,86.29,86.29,56.66,56.66,99.98, ,142,81.34,81.34,61.83,61.83,99.91, ,118,81.85,81.85,51.31,51.31,99.95
0.9,1,0.8,0.7,"BOP2-OC",167.46,82.02,72.52,69.32,66.4,74.95, ,133.67,82.8,72.84,62.16,60.58,74.76, ,141.62,80.68,72.67,71.3,67.77,76.64, ,117.67,81.81,72.11,62.48,60.51,74.76
0.9,1,0.8,0.7,"Dunnett",168,93.52,91.62,79.32,78.24,97.3, ,134,93.28,91.36,67.7,67.1,97.33, ,142,87.87,85.67,74.28,73.08,96.33, ,118,89.33,87.05,66.28,65.28,96.59
0.9,1,0.8,0.7,"BOP2-OC",167.63,90.45,73.9,78.96,64.28,80.84, ,133.75,92.12,75.42,78.24,63.8,81.05, ,141.67,87.3,71.76,79.01,64.82,81.7, ,117.75,90.75,74.26,77.8,63.37,81.05
0.9,1,0.8,0.7,"Dunnett",168,93.62,51.36,83.58,45.42,55.1, ,134,93.55,50.75,78.84,42.36,54.62, ,142,90.03,49.37,78.4,42.49,55.32, ,118,91.2,50.21,79.22,43.46,55.62
0.9,1,0.8,0.7,"BOP2-OC",167.64,90.6,74.11,72.32,58.67,80.79, ,133.75,91.88,75.22,64.93,52.72,81.01, ,141.67,87.38,72,73.68,60.34,81.72, ,117.75,90.7,74.17,65.9,53.53,81.01
0.9,1,0.8,0.7,"Dunnett",168,93.62,51.36,76.78,41.44,55.1, ,134,93.55,50.75,65.84,35.36,54.62, ,142,90.03,49.37,72.12,38.83,55.32, ,118,91.2,50.21,67.66,36.93,55.62
0.9,1,0.8,0.7,"BOP2-OC",167.93,92.62,72.02,82.49,62.9,78.54, ,133.85,93.67,72.61,81.71,61.86,78.24, ,141.9,89.47,69.83,81.9,62.92,79.18, ,117.85,92.44,71.57,80.89,61.18,78.24
0.9,1,0.8,0.7,"Dunnett",168,96.19,36.88,89.7,33.77,38.71, ,134,96,36.22,85.84,31.49,38.21, ,142,93.34,37.04,85.31,32.93,40.29, ,118,94.53,37.54,86.04,33.53,40.31
0.9,1,0.8,0.7,"BOP2-OC",166.51,82.06,68.46,72.64,59.78,75.09, ,132.85,83.78,69.84,72.11,59.13,75.09, ,139.11,79.04,66.07,71.82,59.39,75.31, ,116.85,82.43,68.7,71.47,58.73,75.09
0.9,1,0.8,0.7,"Dunnett",168,96.19,36.88,89.7,33.77,38.71, ,134,96,36.22,85.84,31.49,38.21, ,142,93.34,37.04,85.31,32.93,40.29, ,118,94.53,37.54,86.04,33.53,40.31
0.95,2,0.8,0.7,"BOP2-OC",126.95,9.88,9.88,5.07,5.07,64.03, ,111.26,10.08,10.08,5.18,5.18,71.97, ,120.65,9.9,9.9,4.72,4.72,79.56, ,103.01,9.1,9.1,5.06,5.06,78.51
0.95,2,0.8,0.7,"Dunnett",173,10.02,10.02,5.02,5.02,100, ,139,10.01,10.01,5.01,5.01,100, ,146,10.17,10.17,5.12,5.12,100, ,123,10.03,10.03,5.04,5.04,100
0.95,2,0.8,0.7,"BOP2-OC",120.3,8.91,8.91,4.38,4.38,58.83, ,109.35,8.86,8.86,4.28,4.28,70.06, ,116.48,9.13,9.13,4.45,4.45,76.19, ,101.99,8.37,8.37,4.38,4.38,77.41
0.95,2,0.8,0.7,"Dunnett",173,10.02,10.02,5.02,5.02,100, ,139,10.01,10.01,5.01,5.01,100, ,146,10.17,10.17,5.12,5.12,100, ,123,10.03,10.03,5.04,5.04,100
0.95,2,0.8,0.7,"BOP2-OC",120.43,8.48,5.25,4.34,2.77,37.18, ,109.22,8.87,5.6,4.27,2.74,44.2, ,115.58,8.62,5.7,4.25,2.76,49.49, ,101.51,8.18,5.4,4.46,2.95,50.29
0.95,2,0.8,0.7,"Dunnett",173,10.02,5.32,5.02,2.57,55.88, ,139,10.01,4.81,5.01,2.25,47.28, ,146,10.17,5.25,5.12,2.71,56.36, ,123,10.03,4.93,5.04,2.39,47.38
0.95,2,0.8,0.7,"BOP2-OC",61.14,1.19, ,1.18, ,0, ,62.25,1.98, ,1.94, ,0, ,47.95,1.44, ,1.41, ,0, ,51.21,1.5, ,1.47, ,0
0.95,2,0.8,0.7,"Dunnett",173,7.32,0,7.23,0,0, ,139,7.36,0,7.11,0,0, ,146,7.49,0,7.32,0,0, ,123,7.9,0,7.57,0,0
0.95,2,0.8,0.7,"BOP2-OC",172.71,96.14,96.14,86.57,86.57,99.77, ,138.94,95.66,95.65,84.78,84.78,99.94, ,145.97,92.42,92.42,84.22,84.22,99.98, ,122.99,92.89,92.89,84.26,84.26,99.99
0.95,2,0.8,0.7,"Dunnett",173,92.78,92.78,83.68,83.68,100, ,139,93.34,93.34,81.45,81.45,100, ,146,91.5,91.5,81.05,81.05,100, ,123,91.48,91.48,79.03,79.03,100
0.95,2,0.8,0.7,"BOP2-OC",170.69,94.04,94.04,82.94,82.93,98.19, ,138.61,93.95,93.95,81.28,81.29,99.61, ,145.4,90.38,90.38,80.67,80.67,99.52, ,122.93,91.17,91.17,80.58,80.58,99.92
0.95,2,0.8,0.7,"Dunnett",173,92.78,92.78,83.68,83.68,100, ,139,93.34,93.34,81.45,81.45,100, ,146,91.5,91.5,81.05,81.05,100, ,123,91.48,91.48,79.03,79.03,100
0.95,2,0.8,0.7,"BOP2-OC",158.06,78.58,78.45,63.64,63.64,82.4, ,134.05,82.7,82.58,57.81,57.81,88.11, ,140.05,78.33,78.16,65.37,65.36,87.38, ,121.02,82.96,82.9,61.94,61.95,92.7
0.95,2,0.8,0.7,"Dunnett",173,87.63,87.63,68.38,68.38,99.98, ,139,87.12,87.12,58.13,58.13,100, ,146,82.26,82.26,60.65,60.65,99.96, ,123,82.92,82.92,51.96,51.96,100
0.95,2,0.8,0.7,"BOP2-OC",167.11,83.13,72.94,69.64,66.44,74.15, ,137.62,84.79,75.5,64.49,62.81,77.11, ,144.23,82.09,74.22,71.42,68.37,77.68, ,122.63,86.09,79.25,69.88,68.12,82.98
0.95,2,0.8,0.7,"Dunnett",173,92.07,90.44,79.44,78.44,97.58, ,139,91.77,90.5,69.66,69.12,98.24, ,146,89.11,86.9,75.75,74.48,96.58, ,123,90.76,89.07,68.23,67.55,97.68
0.95,2,0.8,0.7,"BOP2-OC",168.33,91.59,75.1,80.02,65.39,78.88, ,138.01,93.01,77.34,79.62,65.92,82.16, ,144.56,88.72,75.28,78.32,66.32,83.96, ,122.74,89.75,79.14,78.89,69.24,88.13
0.95,2,0.8,0.7,"Dunnett",173,92.78,50.61,83.68,45.27,54.87, ,139,93.34,47.33,81.45,41.8,50.17, ,146,91.5,49.96,81.05,43.86,55.13, ,123,91.48,45.92,79.03,39.07,50.65
0.95,2,0.8,0.7,"BOP2-OC",168.32,91.69,75.2,72.75,59.38,78.9, ,138.01,92.7,76.87,66.46,54.71,82.19, ,144.56,88.65,75.3,72.14,60.99,83.97, ,122.74,89.7,79.07,67.89,59.52,88.13
0.95,2,0.8,0.7,"Dunnett",173,92.78,50.61,77.16,41.61,54.87, ,139,93.34,47.33,69.58,35.91,50.17, ,146,91.5,49.96,74.64,40.24,55.13, ,123,91.48,45.92,67.09,32.9,50.65
0.95,2,0.8,0.7,"BOP2-OC",170.85,94.47,73.89,84.18,64.65,77.45, ,138.55,94.68,75.41,82.52,64.29,79.86, ,145.48,90.84,73.3,81.67,64.9,81.47, ,122.91,91.26,76.6,81.14,67.09,84.79
0.95,2,0.8,0.7,"Dunnett",173,95.83,36.29,90.11,33.46,38.48, ,139,95.93,32.86,87.68,30,34.17, ,146,94.46,36.87,87.22,33.3,39.75, ,123,94.97,32.8,86.39,28.95,35.25
0.95,2,0.8,0.7,"BOP2-OC",154.8,79.02,64.7,69.8,56.31,68.19, ,133.94,86.38,70.9,74.67,60.24,75.56, ,136.39,80.66,67.86,71.6,59.43,75.7, ,119.93,85.47,73.43,75.42,64.05,81.69
0.95,2,0.8,0.7,"Dunnett",173,95.83,36.29,90.11,33.46,38.48, ,139,95.93,32.86,87.68,30,34.17, ,146,94.46,36.87,87.22,33.3,39.75, ,123,94.97,32.8,86.39,28.95,35.25
0.85,1,0.85,0.7,"BOP2-OC",155.14,9.39,9.39,4.76,4.76,84.95, ,123.98,9.88,9.88,5.17,5.17,84.42, ,136.58,9.81,9.81,4.78,4.78,89.18, ,111.18,9.56,9.56,5.07,5.07,88.73
0.85,1,0.85,0.7,"Dunnett",172,10.02,10.02,5.03,5.03,100, ,138,10.05,10.05,5.07,5.07,100, ,150,10,10,5.02,5.02,100, ,122,10.01,10.01,5.02,5.02,100
0.85,1,0.85,0.7,"BOP2-OC",153.59,8.78,8.78,4.44,4.44,83.56, ,123.33,8.9,8.9,4.66,4.66,83.7, ,135.37,9.09,9.09,4.3,4.3,88.2, ,110.75,8.48,8.48,4.34,4.34,88.28
0.85,1,0.85,0.7,"Dunnett",172,10.02,10.02,5.03,5.03,100, ,138,10.05,10.05,5.07,5.07,100, ,150,10,10,5.02,5.02,100, ,122,10.01,10.01,5.02,5.02,100
0.85,1,0.85,0.7,"BOP2-OC",153.1,8.67,5.64,4.4,2.87,54.93, ,122.74,8.5,5.67,4.57,3.02,55.46, ,135.5,9.03,6.08,4.24,2.84,59.92, ,110.23,8.4,5.8,4.28,2.89,60.27
0.85,1,0.85,0.7,"Dunnett",172,10.02,5.22,5.03,2.61,55.94, ,138,10.05,5,5.07,2.45,55.94, ,150,10,5.28,5.02,2.66,56.41, ,122,10.01,5.08,5.02,2.38,55.97
0.85,1,0.85,0.7,"BOP2-OC",96.65,1.65, ,1.65, ,0, ,77.21,1.26, ,1.25, ,0, ,81.86,1.65, ,1.62, ,0, ,69.23,1.74, ,1.7, ,0
0.85,1,0.85,0.7,"Dunnett",172,7.34,0,7.14,0,0, ,138,7.34,0,7.06,0,0, ,150,7.09,0,6.78,0,0, ,122,7.81,0,7.44,0,0
0.85,1,0.85,0.7,"BOP2-OC",171.99,94.27,94.27,85.39,85.39,100, ,137.98,95.39,95.39,84.5,84.51,99.98, ,149.99,93.06,93.06,83.56,83.56,100, ,122,93.55,93.55,83.71,83.71,100
0.85,1,0.85,0.7,"Dunnett",172,92.94,92.94,82.16,82.16,100, ,138,92.56,92.56,79.05,79.05,100, ,150,89.42,89.42,74.02,74.02,100, ,122,92.36,92.36,76.23,76.23,100
0.85,1,0.85,0.7,"BOP2-OC",171.93,92.25,92.25,81.59,81.59,99.94, ,137.91,93.72,93.72,80.56,80.56,99.89, ,149.98,91.76,91.76,80.57,80.57,99.98, ,121.99,92.08,92.08,80.36,80.37,99.99
0.85,1,0.85,0.7,"Dunnett",172,92.94,92.94,82.16,82.16,100, ,138,92.56,92.56,79.05,79.05,100, ,150,89.42,89.42,74.02,74.02,100, ,122,92.36,92.36,76.23,76.23,100
0.85,1,0.85,0.7,"BOP2-OC",169.73,81.47,81.36,66.38,66.38,89.44, ,136.24,83.19,83.1,57.77,57.77,89.86, ,149.01,81.76,81.64,66.26,66.26,90.48, ,121.26,82.06,81.94,59.7,59.7,90.44
0.85,1,0.85,0.7,"Dunnett",172,87.5,87.5,64.7,64.7,99.98, ,138,87.35,87.35,57.38,57.38,99.98, ,150,83.24,83.23,60.97,60.97,99.97, ,122,82.98,82.98,52.02,52.02,99.96
0.85,1,0.85,0.7,"BOP2-OC",171.56,85.05,76.98,73.54,70.63,79.7, ,137.68,85.36,77.32,65.79,64.17,79.35, ,149.87,85.42,78.05,73.73,71.17,81.31, ,121.91,85.15,77.82,67.54,65.78,80.91
0.85,1,0.85,0.7,"Dunnett",172,92.08,90.46,78.89,77.9,97.61, ,138,91.92,90.31,66.74,66.16,97.52, ,150,88.52,86.58,70.25,69.36,96.84, ,122,90.82,88.48,66.22,65.42,96.75
0.85,1,0.85,0.7,"BOP2-OC",171.65,90.99,78.32,79.44,68.04,85.63, ,137.74,91.78,79.29,77.92,67.1,85.54, ,149.94,90.13,78.59,77.92,67.59,86.79, ,121.94,90.52,78.62,78.27,67.73,86.68
0.85,1,0.85,0.7,"Dunnett",172,92.94,50.93,82.16,44.67,54.9, ,138,92.56,50.2,79.05,42.55,54.66, ,150,89.42,48.56,74.02,39.57,54.87, ,122,92.36,50.85,76.23,41.62,55.38
0.85,1,0.85,0.7,"BOP2-OC",171.62,90.6,77.89,72.05,61.5,85.54, ,137.74,91.83,79.31,64.95,55.69,85.55, ,149.94,90.24,78.74,71.47,61.94,86.78, ,121.91,90.53,78.5,66.87,57.76,86.48
0.85,1,0.85,0.7,"Dunnett",172,92.94,50.93,75.72,40.92,54.9, ,138,92.56,50.2,66.25,35.47,54.66, ,150,89.42,48.56,65.96,35.12,54.87, ,122,92.36,50.85,63.98,34.63,55.38
0.85,1,0.85,0.7,"BOP2-OC",171.85,92.56,75.87,82.22,66.14,82.8, ,137.9,93.25,76.42,81.28,65.3,82.49, ,149.96,91.86,76.15,80.72,65.69,83.61, ,121.98,91.98,76.36,80.75,65.91,83.78
0.85,1,0.85,0.7,"Dunnett",172,95.9,36.45,88.9,33.05,38.48, ,138,95.53,35.94,86.1,31.57,38.24, ,150,92.92,35.86,82.08,30.62,39.57, ,122,95.41,36.95,84.12,31.55,39.36
0.85,1,0.85,0.7,"BOP2-OC",168.54,84.03,72.46,73.89,62.87,79.25, ,135.45,83.06,73.16,71.23,62.02,79.17, ,148.72,82.93,73.1,72.57,63.32,81.03, ,121.13,84.17,73.32,73.04,62.84,81.07
0.85,1,0.85,0.7,"Dunnett",172,95.9,36.45,88.9,33.05,38.48, ,138,95.53,35.94,86.1,31.57,38.24, ,150,92.92,35.86,82.08,30.62,39.57, ,122,95.41,36.95,84.12,31.55,39.36
0.9,2,0.8,0.7,"BOP2-OC",126.95,9.88,9.88,5.07,5.07,64.03, ,110.82,10.02,10.01,4.96,4.96,65.35, ,118.29,9.88,9.89,4.84,4.84,73.47, ,81.38,9.37,9.37,5.08,5.08,57.96
0.9,2,0.8,0.7,"Dunnett",173,10.02,10.02,5.02,5.02,100, ,142,10.08,10.08,5.08,5.08,100, ,148,10.1,10.1,5.07,5.07,100, ,123,10.03,10.03,5.04,5.04,100
0.9,2,0.8,0.7,"BOP2-OC",120.3,8.91,8.91,4.38,4.38,58.83, ,108.89,8.75,8.75,4.18,4.18,63.21, ,117.01,9.16,9.17,4.51,4.51,72.33, ,76.97,8.21,8.21,4.32,4.32,53.51
0.9,2,0.8,0.7,"Dunnett",173,10.02,10.02,5.02,5.02,100, ,142,10.08,10.08,5.08,5.08,100, ,148,10.1,10.1,5.07,5.07,100, ,123,10.03,10.03,5.04,5.04,100
0.9,2,0.8,0.7,"BOP2-OC",120.43,8.48,5.25,4.34,2.77,37.18, ,108.6,8.71,5.22,4.23,2.59,39, ,116.56,9.12,5.65,4.6,2.9,44.97, ,76.54,8.25,5.23,4.35,2.66,33.54
0.9,2,0.8,0.7,"Dunnett",173,10.02,5.32,5.02,2.57,55.88, ,142,10.08,5.27,5.08,2.57,55.97, ,148,10.1,5.24,5.07,2.67,56.36, ,123,10.03,4.93,5.04,2.39,47.38
0.9,2,0.8,0.7,"BOP2-OC",61.14,1.03, ,1.01, ,0, ,65.51,1.32, ,1.29, ,0, ,64.62,1.85, ,1.8, ,0, ,31.98,0.74, ,0.73, ,0
0.9,2,0.8,0.7,"Dunnett",173,7.32,0,7.23,0,0, ,142,7.12,0,6.86,0,0, ,148,7.45,0,7.28,0,0, ,123,7.9,0,7.57,0,0
0.9,2,0.8,0.7,"BOP2-OC",172.71,96.14,96.14,86.57,86.57,99.77, ,141.97,96.17,96.17,85.68,85.68,99.97, ,147.99,92.5,92.5,84.94,84.94,100, ,122.86,94.86,94.86,85.41,85.41,99.86
0.9,2,0.8,0.7,"Dunnett",173,92.78,92.78,83.68,83.68,100, ,142,93.38,93.38,80.5,80.5,100, ,148,91.33,91.33,78.81,78.81,100, ,123,91.48,91.48,79.03,79.03,100
0.9,2,0.8,0.7,"BOP2-OC",170.69,94.03,94.03,82.93,82.93,98.19, ,141.7,94.36,94.37,81.47,81.47,99.67, ,148,90.96,90.96,81.52,81.52,100, ,121.74,92.53,92.53,81.38,81.38,98.72
0.9,2,0.8,0.7,"Dunnett",173,92.78,92.78,83.68,83.68,100, ,142,93.38,93.38,80.5,80.5,100, ,148,91.33,91.33,78.81,78.81,100, ,123,91.48,91.48,79.03,79.03,100
0.9,2,0.8,0.7,"BOP2-OC",158.06,78.58,78.45,63.64,63.64,82.4, ,138.04,85.5,85.39,59.65,59.65,91.42, ,147.09,84.95,84.85,70.84,70.84,95.75, ,113.36,80.18,80.04,58.65,58.65,86.4
0.9,2,0.8,0.7,"Dunnett",173,87.63,87.63,68.38,68.38,99.98, ,142,87.84,87.84,57.63,57.63,99.98, ,148,81.88,81.88,63.3,63.3,99.98, ,123,82.92,82.92,51.96,51.96,100
0.9,2,0.8,0.7,"BOP2-OC",167.11,83.13,72.94,69.64,66.44,74.15, ,141.03,87.39,79.26,67.95,66.4,81.14, ,147.88,87.43,81.94,78.13,75.8,85.95, ,119.4,83.93,75.38,66.38,64.41,77.55
0.9,2,0.8,0.7,"Dunnett",173,92.07,90.44,79.44,78.44,97.58, ,142,92.17,90.64,67.6,66.98,97.69, ,148,89.22,87.05,74.54,73.43,96.58, ,123,90.76,89.07,68.23,67.55,97.68
0.9,2,0.8,0.7,"BOP2-OC",168.33,91.36,75.1,79.82,65.39,78.88, ,141.25,93.2,80.53,79.9,68.68,85.68, ,147.92,89.42,80.27,79.42,71.03,89.78, ,120.34,90.2,77.78,78.25,67.16,83.6
0.9,2,0.8,0.7,"Dunnett",173,92.78,50.61,83.68,45.27,54.87, ,142,93.38,50.7,80.5,43.33,54.74, ,148,91.33,49.61,78.81,42.39,54.92, ,123,91.48,45.92,79.03,39.07,50.65
0.9,2,0.8,0.7,"BOP2-OC",168.32,91.41,75.2,72.52,59.38,78.9, ,141.18,92.96,80.34,66.24,56.85,85.53, ,147.92,89.66,80.35,73.42,65.42,89.78, ,120.35,90.02,77.62,67.03,57.62,83.62
0.9,2,0.8,0.7,"Dunnett",173,92.78,50.61,77.16,41.61,54.87, ,142,93.38,50.7,67.57,36.13,54.74, ,148,91.33,49.61,71.54,38.36,54.92, ,123,91.48,45.92,67.09,32.9,50.65
0.9,2,0.8,0.7,"BOP2-OC",170.85,94.38,73.89,84.1,64.65,77.45, ,141.67,94.46,78.1,82.29,66.71,83.01, ,147.97,90.61,77.66,81.32,68.77,86.6, ,121.85,92.88,75.76,82.28,66.03,81.28
0.9,2,0.8,0.7,"Dunnett",173,95.83,36.29,90.11,33.46,38.48, ,142,96.1,35.92,87.3,31.82,37.9, ,148,94.48,36.86,85.95,32.63,39.75, ,123,94.97,32.8,86.39,28.95,35.25
0.9,2,0.8,0.7,"BOP2-OC",154.8,77.27,64.68,68.17,56.29,68.19, ,136.95,85.38,73.32,74.11,62.82,78.46, ,146.85,85.62,75.49,76.51,66.89,84.65, ,109.92,76.69,67.17,67.2,58.26,72.66
0.9,2,0.8,0.7,"Dunnett",173,95.83,36.29,90.11,33.46,38.48, ,142,96.1,35.92,87.3,31.82,37.9, ,148,94.48,36.86,85.95,32.63,39.75, ,123,94.97,32.8,86.39,28.95,35.25
0.8,1,0.85,0.7,"BOP2-OC",155.14,9.39,9.39,4.76,4.76,84.95, ,123.98,9.88,9.87,5.17,5.17,84.42, ,118.75,9.71,9.71,4.84,4.84,73.18, ,102.69,9.76,9.76,4.9,4.9,79.11
0.8,1,0.85,0.7,"Dunnett",172,10.02,10.02,5.03,5.03,100, ,138,10.05,10.05,5.07,5.07,100, ,152,10.01,10.01,5.02,5.02,100, ,124,10.08,10.08,5.04,5.04,100
0.8,1,0.85,0.7,"BOP2-OC",153.59,8.77,8.78,4.44,4.44,83.56, ,123.33,8.88,8.88,4.66,4.66,83.7, ,114.8,8.97,8.97,4.28,4.28,70, ,99.65,8.89,8.89,4.16,4.16,76.13
0.8,1,0.85,0.7,"Dunnett",172,10.02,10.02,5.03,5.03,100, ,138,10.05,10.05,5.07,5.07,100, ,152,10.01,10.01,5.02,5.02,100, ,124,10.08,10.08,5.04,5.04,100
0.8,1,0.85,0.7,"BOP2-OC",153.1,8.65,5.64,4.39,2.87,54.93, ,122.74,8.49,5.66,4.57,3.02,55.46, ,113.72,8.77,5.48,4.45,2.81,44.56, ,99.12,9.29,6.18,4.41,2.96,49.79
0.8,1,0.85,0.7,"Dunnett",172,10.02,5.22,5.03,2.61,55.94, ,138,10.05,5,5.07,2.45,55.94, ,152,10.01,5.29,5.02,2.62,56.09, ,124,10.08,5.02,5.04,2.4,55.98
0.8,1,0.85,0.7,"BOP2-OC",96.65,1.27, ,1.27, ,0, ,77.21,1.25, ,1.24, ,0, ,45.89,0.78, ,0.78, ,0, ,42.97,0.82, ,0.78, ,0
0.8,1,0.85,0.7,"Dunnett",172,7.34,0,7.14,0,0, ,138,7.34,0,7.06,0,0, ,152,7.65,0,7.44,0,0, ,124,7.69,0,7.35,0,0
0.8,1,0.85,0.7,"BOP2-OC",171.99,94.27,94.27,85.39,85.39,100, ,137.98,95.39,95.39,84.5,84.51,99.98, ,151.99,93.45,93.45,85.08,85.08,99.99, ,123.97,94.47,94.48,84.21,84.21,99.98
0.8,1,0.85,0.7,"Dunnett",172,92.94,92.94,82.16,82.16,100, ,138,92.56,92.56,79.05,79.05,100, ,152,92.34,92.34,81.44,81.44,100, ,124,90.34,90.34,76.77,76.77,100
0.8,1,0.85,0.7,"BOP2-OC",171.93,92.22,92.22,81.56,81.56,99.94, ,137.91,93.72,93.72,80.56,80.56,99.89, ,151.49,92.16,92.16,82.07,82.07,99.59, ,123.59,92.78,92.78,80.68,80.68,99.6
0.8,1,0.85,0.7,"Dunnett",172,92.94,92.94,82.16,82.16,100, ,138,92.56,92.56,79.05,79.05,100, ,152,92.34,92.34,81.44,81.44,100, ,124,90.34,90.34,76.77,76.77,100
0.8,1,0.85,0.7,"BOP2-OC",169.73,81.44,81.34,66.35,66.35,89.44, ,136.24,83.19,83.1,57.77,57.77,89.86, ,146,81.77,81.66,67.81,67.81,90.33, ,118.72,80.23,80.07,57.6,57.6,87.14
0.8,1,0.85,0.7,"Dunnett",172,87.5,87.5,64.7,64.7,99.98, ,138,87.35,87.35,57.38,57.38,99.98, ,152,82.88,82.88,63.1,63.1,99.96, ,124,84.72,84.72,51.49,51.49,99.98
0.8,1,0.85,0.7,"BOP2-OC",171.56,85.03,76.97,73.52,70.62,79.7, ,137.68,85.36,77.32,65.79,64.17,79.35, ,150.36,85.69,78.32,74.98,72.34,81.28, ,122.65,83.56,75.07,65.31,63.62,77.43
0.8,1,0.85,0.7,"Dunnett",172,92.08,90.46,78.89,77.9,97.61, ,138,91.92,90.31,66.74,66.16,97.52, ,152,90.56,88.42,75.49,74.36,96.75, ,124,89.42,87.32,64.2,63.4,96.9
0.8,1,0.85,0.7,"BOP2-OC",171.65,90.42,78.32,78.92,68.04,85.63, ,137.74,91.78,79.29,77.92,67.1,85.54, ,150.72,89.54,78.77,78.68,69,86.5, ,122.89,90.26,77.61,77.4,66.36,84.28
0.8,1,0.85,0.7,"Dunnett",172,92.94,50.93,82.16,44.67,54.9, ,138,92.56,50.2,79.05,42.55,54.66, ,152,92.34,50.22,81.44,43.9,54.73, ,124,90.34,49.59,76.77,41.75,55.32
0.8,1,0.85,0.7,"BOP2-OC",171.62,90.05,77.89,71.56,61.5,85.54, ,137.74,91.83,79.31,64.95,55.69,85.55, ,150.72,89.31,78.5,72.04,62.9,86.51, ,122.88,90.36,77.74,65.94,56.38,84.28
0.8,1,0.85,0.7,"Dunnett",172,92.94,50.93,75.72,40.92,54.9, ,138,92.56,50.2,66.25,35.47,54.66, ,152,92.34,50.22,73.67,39.56,54.73, ,124,90.34,49.59,64.54,34.84,55.32
0.8,1,0.85,0.7,"BOP2-OC",171.85,92.38,75.87,82.04,66.14,82.8, ,137.9,93.25,76.42,81.28,65.3,82.49, ,151.65,91.61,76.11,81.86,66.9,83.6, ,123.64,92.62,75.22,81,64.54,81.55
0.8,1,0.85,0.7,"Dunnett",172,95.9,36.45,88.9,33.05,38.48, ,138,95.53,35.94,86.1,31.57,38.24, ,152,95.32,37.19,87.9,33.44,39.58, ,124,94.06,36.04,84.58,31.53,39.09
0.8,1,0.85,0.7,"BOP2-OC",168.54,81.28,72.17,71.32,62.64,79.25, ,135.45,83.06,73.16,71.23,62.02,79.17, ,141.7,77.7,69.76,68.53,61.17,77.36, ,115.94,77.45,69.32,66.86,59.32,75.85
0.8,1,0.85,0.7,"Dunnett",172,95.9,36.45,88.9,33.05,38.48, ,138,95.53,35.94,86.1,31.57,38.24, ,152,95.32,37.19,87.9,33.44,39.58, ,124,94.06,36.04,84.58,31.53,39.09
0.85,2,0.8,0.7,"BOP2-OC",118.61,9.52,9.52,5.18,5.18,45.01, ,110.82,10.01,10.01,4.96,4.96,65.35, ,118.29,9.88,9.89,4.84,4.84,73.47, ,81.38,9.35,9.36,5.08,5.08,57.96
0.85,2,0.8,0.7,"Dunnett",178,10.02,10.02,5.02,5.02,100, ,142,10.08,10.08,5.08,5.08,100, ,148,10.1,10.1,5.07,5.07,100, ,123,10.03,10.03,5.04,5.04,100
0.85,2,0.8,0.7,"BOP2-OC",110.55,7.6,7.6,4.12,4.12,37.55, ,108.89,8.74,8.74,4.18,4.18,63.21, ,117.01,9.16,9.17,4.51,4.51,72.33, ,76.97,8.2,8.2,4.32,4.32,53.51
0.85,2,0.8,0.7,"Dunnett",178,10.02,10.02,5.02,5.02,100, ,142,10.08,10.08,5.08,5.08,100, ,148,10.1,10.1,5.07,5.07,100, ,123,10.03,10.03,5.04,5.04,100
0.85,2,0.8,0.7,"BOP2-OC",110.89,7.81,5.18,4.04,2.74,24.66, ,108.6,8.7,5.22,4.23,2.59,39, ,116.56,9.12,5.65,4.6,2.9,44.97, ,76.54,8.24,5.22,4.35,2.66,33.54
0.85,2,0.8,0.7,"Dunnett",178,10.02,5.36,5.02,2.58,56.04, ,142,10.08,5.27,5.08,2.57,55.97, ,148,10.1,5.24,5.07,2.67,56.36, ,123,10.03,4.93,5.04,2.39,47.38
0.85,2,0.8,0.7,"BOP2-OC",72.96,0.34, ,0.34, ,0, ,65.51,1.04, ,1.01, ,0, ,64.62,1.47, ,1.43, ,0, ,31.98,0.74, ,0.73, ,0
0.85,2,0.8,0.7,"Dunnett",178,6.94,0,6.84,0,0, ,142,7.12,0,6.86,0,0, ,148,7.45,0,7.28,0,0, ,123,7.9,0,7.57,0,0
0.85,2,0.8,0.7,"BOP2-OC",177.83,96.63,96.63,87.77,87.77,99.84, ,141.97,96.17,96.17,85.68,85.68,99.97, ,147.99,92.5,92.5,84.94,84.94,100, ,122.86,94.86,94.86,85.41,85.41,99.86
0.85,2,0.8,0.7,"Dunnett",178,93.48,93.48,84.9,84.9,100, ,142,93.38,93.38,80.5,80.5,100, ,148,91.33,91.33,78.81,78.81,100, ,123,91.48,91.48,79.03,79.03,100
0.85,2,0.8,0.7,"BOP2-OC",174.59,93.02,93.02,82.28,82.28,96.84, ,141.7,94.36,94.37,81.47,81.47,99.67, ,148,90.96,90.96,81.52,81.52,100, ,121.74,92.53,92.53,81.38,81.38,98.72
0.85,2,0.8,0.7,"Dunnett",178,93.48,93.48,84.9,84.9,100, ,142,93.38,93.38,80.5,80.5,100, ,148,91.33,91.33,78.81,78.81,100, ,123,91.48,91.48,79.03,79.03,100
0.85,2,0.8,0.7,"BOP2-OC",160.09,77.28,77.16,62.71,62.71,81.29, ,138.04,85.47,85.37,59.64,59.64,91.42, ,147.09,84.93,84.84,70.82,70.82,95.75, ,113.36,80.18,80.04,58.65,58.65,86.4
0.85,2,0.8,0.7,"Dunnett",178,88.2,88.2,71.29,71.29,99.98, ,142,87.84,87.84,57.63,57.63,99.98, ,148,81.88,81.88,63.3,63.3,99.98, ,123,82.92,82.92,51.96,51.96,100
0.85,2,0.8,0.7,"BOP2-OC",170.03,83.47,75.28,71.92,69.03,76.59, ,141.03,87.39,79.25,67.94,66.38,81.14, ,147.88,87.42,81.92,78.12,75.79,85.95, ,119.4,83.93,75.38,66.38,64.41,77.55
0.85,2,0.8,0.7,"Dunnett",178,92.53,91.04,80.97,80.05,97.89, ,142,92.17,90.64,67.6,66.98,97.69, ,148,89.22,87.05,74.54,73.43,96.58, ,123,90.76,89.07,68.23,67.55,97.68
0.85,2,0.8,0.7,"BOP2-OC",171.87,89.61,79.02,78.2,68.72,83, ,141.25,92.85,80.53,79.6,68.68,85.68, ,147.92,89.2,80.27,79.22,71.03,89.78, ,120.34,90.2,77.78,78.25,67.16,83.6
0.85,2,0.8,0.7,"Dunnett",178,93.48,51.4,84.9,46.39,55.23, ,142,93.38,50.7,80.5,43.33,54.74, ,148,91.33,49.61,78.81,42.39,54.92, ,123,91.48,45.92,79.03,39.07,50.65
0.85,2,0.8,0.7,"BOP2-OC",171.87,89.83,79.26,70.97,62.38,83, ,141.18,92.69,80.34,66.03,56.85,85.53, ,147.92,89.52,80.35,73.29,65.42,89.78, ,120.35,90.02,77.62,67.03,57.62,83.62
0.85,2,0.8,0.7,"Dunnett",178,93.48,51.4,78.61,42.74,55.23, ,142,93.38,50.7,67.57,36.13,54.74, ,148,91.33,49.61,71.54,38.36,54.92, ,123,91.48,45.92,67.09,32.9,50.65
0.85,2,0.8,0.7,"BOP2-OC",175.46,93.57,78.33,83.17,68.52,82.16, ,141.67,94.4,78.1,82.24,66.71,83.01, ,147.97,90.56,77.66,81.26,68.77,86.6, ,121.85,92.88,75.76,82.28,66.03,81.28
0.85,2,0.8,0.7,"Dunnett",178,96.31,36.34,91.01,33.71,38.15, ,142,96.1,35.92,87.3,31.82,37.9, ,148,94.48,36.86,85.95,32.63,39.75, ,123,94.97,32.8,86.39,28.95,35.25
0.85,2,0.8,0.7,"BOP2-OC",151.25,69.51,62.73,60.76,54.41,66.13, ,136.95,83.42,73.24,72.29,62.74,78.46, ,146.85,84.04,75.39,75.03,66.81,84.65, ,109.92,76.69,67.17,67.2,58.26,72.66
0.85,2,0.8,0.7,"Dunnett",178,96.31,36.34,91.01,33.71,38.15, ,142,96.1,35.92,87.3,31.82,37.9, ,148,94.48,36.86,85.95,32.63,39.75, ,123,94.97,32.8,86.39,28.95,35.25
0.9,1,0.85,0.7,"BOP2-OC",151.12,10,10,5.12,5.12,86.82, ,120.03,10.17,10.17,4.92,4.92,86.3, ,136.58,9.84,9.84,4.78,4.78,89.18, ,104.03,10.22,10.22,5.05,5.05,86.3
0.9,1,0.85,0.7,"Dunnett",168,10.06,10.06,5.04,5.04,100, ,134,10.04,10.04,5.03,5.03,100, ,150,10,10,5.02,5.02,100, ,118,10.06,10.06,5.04,5.04,100
0.9,1,0.85,0.7,"BOP2-OC",150.25,9.38,9.38,4.68,4.67,86.13, ,119.37,9.38,9.38,4.31,4.31,85.66, ,135.37,9.12,9.12,4.3,4.3,88.2, ,103.37,9.4,9.4,4.44,4.44,85.66
0.9,1,0.85,0.7,"Dunnett",168,10.06,10.06,5.04,5.04,100, ,134,10.04,10.04,5.03,5.03,100, ,150,10,10,5.02,5.02,100, ,118,10.06,10.06,5.04,5.04,100
0.9,1,0.85,0.7,"BOP2-OC",149.7,9.18,6.03,4.48,2.92,55.73, ,119.25,9.55,6.08,4.39,2.68,55.63, ,135.5,9.1,6.13,4.25,2.84,59.92, ,103.25,9.81,6.43,4.68,2.99,55.63
0.9,1,0.85,0.7,"Dunnett",168,10.06,5.22,5.04,2.5,55.61, ,134,10.04,5.16,5.03,2.52,55.92, ,150,10,5.28,5.02,2.66,56.41, ,118,10.06,5.19,5.04,2.51,55.78
0.9,1,0.85,0.7,"BOP2-OC",106.6,2.25, ,2.23, ,0, ,85.07,2.22, ,2.17, ,0, ,81.86,2.11, ,2.07, ,0, ,69.07,2.2, ,2.16, ,0
0.9,1,0.85,0.7,"Dunnett",168,7.76,0,7.68,0,0, ,134,7.84,0,7.56,0,0, ,150,7.09,0,6.78,0,0, ,118,7.6,0,7.36,0,0
0.9,1,0.85,0.7,"BOP2-OC",167.96,93.48,93.48,83.89,83.89,99.97, ,133.97,94.83,94.83,83.27,83.27,99.98, ,149.99,93.06,93.06,83.56,83.56,100, ,117.97,93.47,93.47,82.5,82.5,99.98
0.9,1,0.85,0.7,"Dunnett",168,93.62,93.62,83.58,83.58,100, ,134,93.55,93.55,78.84,78.84,100, ,150,89.42,89.42,74.02,74.02,100, ,118,91.2,91.2,79.22,79.22,100
0.9,1,0.85,0.7,"BOP2-OC",167.87,92.38,92.38,81.47,81.47,99.9, ,133.9,93.51,93.51,80.18,80.18,99.9, ,149.98,91.76,91.76,80.57,80.57,99.98, ,117.9,92.28,92.29,79.64,79.64,99.9
0.9,1,0.85,0.7,"Dunnett",168,93.62,93.62,83.58,83.58,100, ,134,93.55,93.55,78.84,78.84,100, ,150,89.42,89.42,74.02,74.02,100, ,118,91.2,91.2,79.22,79.22,100
0.9,1,0.85,0.7,"BOP2-OC",165.68,78.2,78.02,63.47,63.47,85.54, ,131.98,79.21,79.06,55.03,55.03,85.46, ,149.01,81.79,81.66,66.27,66.28,90.48, ,115.98,77.82,77.64,55.93,55.93,85.46
0.9,1,0.85,0.7,"Dunnett",168,86.37,86.36,66.88,66.88,99.98, ,134,86.29,86.29,56.66,56.66,99.98, ,150,83.24,83.23,60.97,60.97,99.97, ,118,81.85,81.85,51.31,51.31,99.95
0.9,1,0.85,0.7,"BOP2-OC",167.46,82.02,72.52,69.32,66.4,74.95, ,133.67,82.8,72.84,62.16,60.58,74.76, ,149.87,85.42,78.05,73.74,71.17,81.31, ,117.67,81.81,72.11,62.48,60.51,74.76
0.9,1,0.85,0.7,"Dunnett",168,93.52,91.62,79.32,78.24,97.3, ,134,93.28,91.36,67.7,67.1,97.33, ,150,88.52,86.58,70.25,69.36,96.84, ,118,89.33,87.05,66.28,65.28,96.59
0.9,1,0.85,0.7,"BOP2-OC",167.63,90.45,73.9,78.96,64.28,80.84, ,133.75,92.12,75.42,78.24,63.8,81.05, ,149.94,90.44,78.59,78.2,67.59,86.79, ,117.75,90.75,74.26,77.8,63.37,81.05
0.9,1,0.85,0.7,"Dunnett",168,93.62,51.36,83.58,45.42,55.1, ,134,93.55,50.75,78.84,42.36,54.62, ,150,89.42,48.56,74.02,39.57,54.87, ,118,91.2,50.21,79.22,43.46,55.62
0.9,1,0.85,0.7,"BOP2-OC",167.64,90.6,74.11,72.32,58.67,80.79, ,133.75,91.88,75.22,64.93,52.72,81.01, ,149.94,90.68,78.74,71.88,61.94,86.78, ,117.75,90.7,74.17,65.9,53.53,81.01
0.9,1,0.85,0.7,"Dunnett",168,93.62,51.36,76.78,41.44,55.1, ,134,93.55,50.75,65.84,35.36,54.62, ,150,89.42,48.56,65.96,35.12,54.87, ,118,91.2,50.21,67.66,36.93,55.62
0.9,1,0.85,0.7,"BOP2-OC",167.93,92.62,72.02,82.49,62.9,78.54, ,133.85,93.67,72.61,81.71,61.86,78.24, ,149.96,91.97,76.15,80.82,65.69,83.61, ,117.85,92.44,71.57,80.89,61.18,78.24
0.9,1,0.85,0.7,"Dunnett",168,96.19,36.88,89.7,33.77,38.71, ,134,96,36.22,85.84,31.49,38.21, ,150,92.92,35.86,82.08,30.62,39.57, ,118,94.53,37.54,86.04,33.53,40.31
0.9,1,0.85,0.7,"BOP2-OC",166.51,82.06,68.46,72.64,59.78,75.09, ,132.85,83.78,69.84,72.11,59.13,75.09, ,148.72,85.16,73.26,74.68,63.46,81.03, ,116.85,82.43,68.7,71.47,58.73,75.09
0.9,1,0.85,0.7,"Dunnett",168,96.19,36.88,89.7,33.77,38.71, ,134,96,36.22,85.84,31.49,38.21, ,150,92.92,35.86,82.08,30.62,39.57, ,118,94.53,37.54,86.04,33.53,40.31
0.95,1,0.8,0.7,"BOP2-OC",151.12,10,10,5.12,5.12,86.82, ,120.03,10.17,10.17,4.92,4.92,86.3, ,137.34,9.3,9.3,4.89,4.89,96.12, ,117.08,9.75,9.75,5.06,5.06,96.04
0.95,1,0.8,0.7,"Dunnett",168,10.06,10.06,5.04,5.04,100, ,134,10.04,10.04,5.03,5.03,100, ,142,10,10,5.04,5.04,100, ,121,10.04,10.04,5.04,5.04,100
0.95,1,0.8,0.7,"BOP2-OC",150.25,9.38,9.38,4.68,4.67,86.13, ,119.37,9.38,9.38,4.31,4.31,85.66, ,137.29,8.25,8.25,4.2,4.2,96.08, ,117.07,8.62,8.62,4.2,4.2,96.03
0.95,1,0.8,0.7,"Dunnett",168,10.06,10.06,5.04,5.04,100, ,134,10.04,10.04,5.03,5.03,100, ,142,10,10,5.04,5.04,100, ,121,10.04,10.04,5.04,5.04,100
0.95,1,0.8,0.7,"BOP2-OC",149.7,9.18,6.03,4.48,2.92,55.73, ,119.25,9.56,6.08,4.39,2.68,55.63, ,137.16,8.33,5.85,4.46,3.08,69.05, ,117.06,8.94,6.3,4.4,3.06,69.2
0.95,1,0.8,0.7,"Dunnett",168,10.06,5.22,5.04,2.5,55.61, ,134,10.04,5.16,5.03,2.52,55.92, ,142,10,5.21,5.04,2.75,56.05, ,121,10.04,5.12,5.04,2.46,56.02
0.95,1,0.8,0.7,"BOP2-OC",106.6,3.19, ,3.17, ,0, ,85.07,2.77, ,2.7, ,0, ,110.93,3.31, ,3.23, ,0, ,95.14,3.11, ,3.04, ,0
0.95,1,0.8,0.7,"Dunnett",168,7.76,0,7.68,0,0, ,134,7.84,0,7.56,0,0, ,142,7.3,0,7.07,0,0, ,121,7.85,0,7.51,0,0
0.95,1,0.8,0.7,"BOP2-OC",167.96,93.48,93.48,83.89,83.89,99.97, ,133.97,94.83,94.83,83.27,83.27,99.98, ,142,91.24,91.24,83.09,83.09,100, ,121,93.12,93.12,83.23,83.23,100
0.95,1,0.8,0.7,"Dunnett",168,93.62,93.62,83.58,83.58,100, ,134,93.55,93.55,78.84,78.84,100, ,142,90.03,90.03,78.4,78.4,100, ,121,92.54,92.54,77.24,77.24,100
0.95,1,0.8,0.7,"BOP2-OC",167.87,92.39,92.39,81.48,81.48,99.9, ,133.9,93.51,93.51,80.18,80.18,99.9, ,142,89.52,89.52,80.12,80.12,100, ,121,91.72,91.72,79.92,79.92,100
0.95,1,0.8,0.7,"Dunnett",168,93.62,93.62,83.58,83.58,100, ,134,93.55,93.55,78.84,78.84,100, ,142,90.03,90.03,78.4,78.4,100, ,121,92.54,92.54,77.24,77.24,100
0.95,1,0.8,0.7,"BOP2-OC",165.68,78.21,78.02,63.47,63.47,85.54, ,131.98,79.22,79.08,55.05,55.05,85.46, ,141.83,76.39,76.21,64.37,64.37,86.58, ,120.84,78,77.86,56.65,56.64,86.34
0.95,1,0.8,0.7,"Dunnett",168,86.37,86.36,66.88,66.88,99.98, ,134,86.29,86.29,56.66,56.66,99.98, ,142,81.34,81.34,61.83,61.83,99.91, ,121,83.04,83.04,53.31,53.31,99.96
0.95,1,0.8,0.7,"BOP2-OC",167.46,82.03,72.52,69.33,66.41,74.95, ,133.67,82.81,72.85,62.17,60.59,74.76, ,141.96,82.1,74.44,71.89,68.94,78.72, ,120.99,82.99,75.46,65.67,63.93,78.41
0.95,1,0.8,0.7,"Dunnett",168,93.52,91.62,79.32,78.24,97.3, ,134,93.28,91.36,67.7,67.1,97.33, ,142,87.87,85.67,74.28,73.08,96.33, ,121,90.8,88.5,63.59,62.78,96.75
0.95,1,0.8,0.7,"BOP2-OC",167.63,91.22,73.9,79.64,64.28,80.84, ,133.75,92.57,75.42,78.61,63.8,81.05, ,141.98,88.41,74.83,78.4,66.08,84.76, ,120.98,90.64,76.92,78.28,66.14,84.92
0.95,1,0.8,0.7,"Dunnett",168,93.62,51.36,83.58,45.42,55.1, ,134,93.55,50.75,78.84,42.36,54.62, ,142,90.03,49.37,78.4,42.49,55.32, ,121,92.54,50.68,77.24,42.02,55.05
0.95,1,0.8,0.7,"BOP2-OC",167.64,91.4,74.11,72.98,58.67,80.79, ,133.75,92.31,75.22,65.24,52.72,81.01, ,141.99,88.17,74.39,72.12,60.38,84.78, ,120.98,90.63,76.92,66.6,56.03,84.92
0.95,1,0.8,0.7,"Dunnett",168,93.62,51.36,76.78,41.44,55.1, ,134,93.55,50.75,65.84,35.36,54.62, ,142,90.03,49.37,72.12,38.83,55.32, ,121,92.54,50.68,64.18,34.67,55.05
0.95,1,0.8,0.7,"BOP2-OC",167.93,92.9,72.02,82.75,62.9,78.54, ,133.85,93.77,72.61,81.8,61.86,78.24, ,142,89.97,72.58,81.06,64.39,81.91, ,121,91.77,74.23,80.47,63.82,81.89
0.95,1,0.8,0.7,"Dunnett",168,96.19,36.88,89.7,33.77,38.71, ,134,96,36.22,85.84,31.49,38.21, ,142,93.34,37.04,85.31,32.93,40.29, ,121,95.5,37.23,84.58,32.09,39.47
0.95,1,0.8,0.7,"BOP2-OC",166.51,87.24,68.63,77.54,59.95,75.09, ,132.85,86.74,69.96,74.87,59.24,75.09, ,141.8,85.56,69.9,76.58,61.69,78.85, ,120.83,86.5,71.56,75.49,61.45,79
0.95,1,0.8,0.7,"Dunnett",168,96.19,36.88,89.7,33.77,38.71, ,134,96,36.22,85.84,31.49,38.21, ,142,93.34,37.04,85.31,32.93,40.29, ,121,95.5,37.23,84.58,32.09,39.47
0.8,2,0.8,0.7,"BOP2-OC",118.61,9.49,9.49,5.18,5.18,45.01, ,104.6,10.13,10.13,5.12,5.12,53.1, ,100.39,9.06,9.07,4.81,4.81,55.71, ,81.38,9.31,9.31,5.08,5.08,57.96
0.8,2,0.8,0.7,"Dunnett",178,10.02,10.02,5.02,5.02,100, ,144,10.1,10.1,5.05,5.05,100, ,150,10,10,5.02,5.02,100, ,123,10.03,10.03,5.04,5.04,100
0.8,2,0.8,0.7,"BOP2-OC",110.55,7.58,7.58,4.12,4.12,37.55, ,100.9,8.91,8.92,4.46,4.46,48.69, ,97.72,8.54,8.54,4.54,4.54,53.32, ,76.97,8.13,8.13,4.32,4.32,53.51
0.8,2,0.8,0.7,"Dunnett",178,10.02,10.02,5.02,5.02,100, ,144,10.1,10.1,5.05,5.05,100, ,150,10,10,5.02,5.02,100, ,123,10.03,10.03,5.04,5.04,100
0.8,2,0.8,0.7,"BOP2-OC",110.89,7.8,5.16,4.04,2.74,24.66, ,100.9,9.06,5.58,4.48,2.79,29.89, ,96.67,8.43,4.91,4.32,2.54,31.84, ,76.54,8.19,5.2,4.34,2.66,33.54
0.8,2,0.8,0.7,"Dunnett",178,10.02,5.36,5.02,2.58,56.04, ,144,10.1,5.2,5.05,2.54,55.95, ,150,10,5.28,5.02,2.66,56.41, ,123,10.03,4.93,5.04,2.39,47.38
0.8,2,0.8,0.7,"BOP2-OC",72.96,0.34, ,0.34, ,0, ,64.9,0.5, ,0.5, ,0, ,46.99,0.72, ,0.7, ,0, ,31.98,0.58, ,0.58, ,0
0.8,2,0.8,0.7,"Dunnett",178,6.94,0,6.84,0,0, ,144,7.52,0,7.31,0,0, ,150,7.09,0,6.78,0,0, ,123,7.9,0,7.57,0,0
0.8,2,0.8,0.7,"BOP2-OC",177.83,96.63,96.63,87.77,87.77,99.84, ,143.96,96.88,96.88,86.36,86.36,99.96, ,149.99,93.46,93.46,86.22,86.22,99.99, ,122.86,94.86,94.86,85.41,85.41,99.86
0.8,2,0.8,0.7,"Dunnett",178,93.48,93.48,84.9,84.9,100, ,144,95.03,95.03,84.5,84.5,100, ,150,89.42,89.42,74.02,74.02,100, ,123,91.48,91.48,79.03,79.03,100
0.8,2,0.8,0.7,"BOP2-OC",174.59,93.02,93.02,82.28,82.28,96.84, ,143.34,95.12,95.12,82.3,82.31,99.22, ,149.88,91.86,91.86,82.74,82.74,99.89, ,121.74,92.53,92.53,81.38,81.38,98.72
0.8,2,0.8,0.7,"Dunnett",178,93.48,93.48,84.9,84.9,100, ,144,95.03,95.03,84.5,84.5,100, ,150,89.42,89.42,74.02,74.02,100, ,123,91.48,91.48,79.03,79.03,100
0.8,2,0.8,0.7,"BOP2-OC",160.09,77.28,77.16,62.71,62.71,81.29, ,137.07,85.15,85.05,58.75,58.75,89.46, ,146.43,86.04,85.94,72.66,72.66,95.03, ,113.36,80.16,80.04,58.65,58.65,86.4
0.8,2,0.8,0.7,"Dunnett",178,88.2,88.2,71.29,71.29,99.98, ,144,87.78,87.78,57.19,57.19,99.99, ,150,83.24,83.23,60.97,60.97,99.97, ,123,82.92,82.92,51.96,51.96,100
0.8,2,0.8,0.7,"BOP2-OC",170.03,83.47,75.28,71.92,69.03,76.59, ,141.62,88.2,79.9,67.88,66.37,81.36, ,149.02,88.14,82.26,78.76,76.51,85.91, ,119.4,83.91,75.37,66.36,64.39,77.55
0.8,2,0.8,0.7,"Dunnett",178,92.53,91.04,80.97,80.05,97.89, ,144,93.88,92.29,72.36,71.7,97.78, ,150,88.52,86.58,70.25,69.36,96.84, ,123,90.76,89.07,68.23,67.55,97.68
0.8,2,0.8,0.7,"BOP2-OC",171.87,89.61,79.02,78.2,68.72,83, ,142.3,92.74,82.49,79.01,70.06,86.6, ,149.51,90.18,81.48,80.34,72.3,89.85, ,120.34,89.75,77.78,77.83,67.16,83.6
0.8,2,0.8,0.7,"Dunnett",178,93.48,51.4,84.9,46.39,55.23, ,144,95.03,51.57,84.5,45.47,54.58, ,150,89.42,48.56,74.02,39.57,54.87, ,123,91.48,45.92,79.03,39.07,50.65
0.8,2,0.8,0.7,"BOP2-OC",171.87,89.83,79.26,70.97,62.38,83, ,142.3,92.96,82.66,65.76,57.98,86.61, ,149.51,90.01,81.24,74.34,66.87,89.85, ,120.35,89.63,77.62,66.75,57.62,83.62
0.8,2,0.8,0.7,"Dunnett",178,93.48,51.4,78.61,42.74,55.23, ,144,95.03,51.57,72.73,38.91,54.58, ,150,89.42,48.56,65.96,35.12,54.87, ,123,91.48,45.92,67.09,32.9,50.65
0.8,2,0.8,0.7,"BOP2-OC",175.46,93.57,78.33,83.17,68.52,82.16, ,143.34,95.08,80.25,82.45,68.41,83.97, ,149.78,91.74,79.29,82.6,70.49,86.98, ,121.85,92.71,75.76,82.12,66.03,81.28
0.8,2,0.8,0.7,"Dunnett",178,96.31,36.34,91.01,33.71,38.15, ,144,97.3,36.2,90.44,32.9,37.62, ,150,92.92,35.86,82.08,30.62,39.57, ,123,94.97,32.8,86.39,28.95,35.25
0.8,2,0.8,0.7,"BOP2-OC",151.25,69.51,62.73,60.76,54.41,66.13, ,133.57,79,72.03,67.11,60.58,76.03, ,143.16,81.58,74.82,72.95,66.51,82.81, ,109.92,74.98,67.08,65.6,58.17,72.66
0.8,2,0.8,0.7,"Dunnett",178,96.31,36.34,91.01,33.71,38.15, ,144,97.3,36.2,90.44,32.9,37.62, ,150,92.92,35.86,82.08,30.62,39.57, ,123,94.97,32.8,86.39,28.95,35.25
0.95,1,0.85,0.7,"BOP2-OC",151.12,10,10,5.12,5.12,86.82, ,120.03,10.17,10.17,4.92,4.92,86.3, ,136.58,9.84,9.84,4.78,4.78,89.18, ,117.08,9.75,9.75,5.06,5.06,96.04
0.95,1,0.85,0.7,"Dunnett",168,10.06,10.06,5.04,5.04,100, ,134,10.04,10.04,5.03,5.03,100, ,150,10,10,5.02,5.02,100, ,121,10.04,10.04,5.04,5.04,100
0.95,1,0.85,0.7,"BOP2-OC",150.25,9.38,9.38,4.68,4.67,86.13, ,119.37,9.38,9.38,4.31,4.31,85.66, ,135.37,9.12,9.12,4.3,4.3,88.2, ,117.07,8.62,8.62,4.2,4.2,96.03
0.95,1,0.85,0.7,"Dunnett",168,10.06,10.06,5.04,5.04,100, ,134,10.04,10.04,5.03,5.03,100, ,150,10,10,5.02,5.02,100, ,121,10.04,10.04,5.04,5.04,100
0.95,1,0.85,0.7,"BOP2-OC",149.7,9.18,6.03,4.48,2.92,55.73, ,119.25,9.56,6.08,4.39,2.68,55.63, ,135.5,9.1,6.13,4.26,2.84,59.92, ,117.06,8.94,6.3,4.4,3.06,69.2
0.95,1,0.85,0.7,"Dunnett",168,10.06,5.22,5.04,2.5,55.61, ,134,10.04,5.16,5.03,2.52,55.92, ,150,10,5.28,5.02,2.66,56.41, ,121,10.04,5.12,5.04,2.46,56.02
0.95,1,0.85,0.7,"BOP2-OC",106.6,3.19, ,3.17, ,0, ,85.07,2.77, ,2.7, ,0, ,81.86,2.54, ,2.49, ,0, ,95.14,3.11, ,3.04, ,0
0.95,1,0.85,0.7,"Dunnett",168,7.76,0,7.68,0,0, ,134,7.84,0,7.56,0,0, ,150,7.09,0,6.78,0,0, ,121,7.85,0,7.51,0,0
0.95,1,0.85,0.7,"BOP2-OC",167.96,93.48,93.48,83.89,83.89,99.97, ,133.97,94.83,94.83,83.27,83.27,99.98, ,149.99,93.06,93.06,83.56,83.56,100, ,121,93.12,93.12,83.23,83.23,100
0.95,1,0.85,0.7,"Dunnett",168,93.62,93.62,83.58,83.58,100, ,134,93.55,93.55,78.84,78.84,100, ,150,89.42,89.42,74.02,74.02,100, ,121,92.54,92.54,77.24,77.24,100
0.95,1,0.85,0.7,"BOP2-OC",167.87,92.39,92.39,81.48,81.48,99.9, ,133.9,93.51,93.51,80.18,80.18,99.9, ,149.98,91.76,91.76,80.57,80.57,99.98, ,121,91.72,91.72,79.92,79.92,100
0.95,1,0.85,0.7,"Dunnett",168,93.62,93.62,83.58,83.58,100, ,134,93.55,93.55,78.84,78.84,100, ,150,89.42,89.42,74.02,74.02,100, ,121,92.54,92.54,77.24,77.24,100
0.95,1,0.85,0.7,"BOP2-OC",165.68,78.21,78.02,63.47,63.47,85.54, ,131.98,79.22,79.08,55.05,55.05,85.46, ,149.01,81.79,81.66,66.27,66.28,90.48, ,120.84,78,77.86,56.65,56.64,86.34
0.95,1,0.85,0.7,"Dunnett",168,86.37,86.36,66.88,66.88,99.98, ,134,86.29,86.29,56.66,56.66,99.98, ,150,83.24,83.23,60.97,60.97,99.97, ,121,83.04,83.04,53.31,53.31,99.96
0.95,1,0.85,0.7,"BOP2-OC",167.46,82.03,72.52,69.33,66.41,74.95, ,133.67,82.81,72.85,62.17,60.59,74.76, ,149.87,85.42,78.05,73.74,71.17,81.31, ,120.99,82.99,75.46,65.67,63.93,78.41
0.95,1,0.85,0.7,"Dunnett",168,93.52,91.62,79.32,78.24,97.3, ,134,93.28,91.36,67.7,67.1,97.33, ,150,88.52,86.58,70.25,69.36,96.84, ,121,90.8,88.5,63.59,62.78,96.75
0.95,1,0.85,0.7,"BOP2-OC",167.63,91.22,73.9,79.64,64.28,80.84, ,133.75,92.57,75.42,78.61,63.8,81.05, ,149.94,90.66,78.59,78.4,67.59,86.79, ,120.98,90.64,76.92,78.28,66.14,84.92
0.95,1,0.85,0.7,"Dunnett",168,93.62,51.36,83.58,45.42,55.1, ,134,93.55,50.75,78.84,42.36,54.62, ,150,89.42,48.56,74.02,39.57,54.87, ,121,92.54,50.68,77.24,42.02,55.05
0.95,1,0.85,0.7,"BOP2-OC",167.64,91.4,74.11,72.98,58.67,80.79, ,133.75,92.31,75.22,65.24,52.72,81.01, ,149.94,90.9,78.74,72.08,61.94,86.78, ,120.98,90.63,76.92,66.6,56.03,84.92
0.95,1,0.85,0.7,"Dunnett",168,93.62,51.36,76.78,41.44,55.1, ,134,93.55,50.75,65.84,35.36,54.62, ,150,89.42,48.56,65.96,35.12,54.87, ,121,92.54,50.68,64.18,34.67,55.05
0.95,1,0.85,0.7,"BOP2-OC",167.93,92.9,72.02,82.75,62.9,78.54, ,133.85,93.77,72.61,81.8,61.86,78.24, ,149.96,92.01,76.15,80.85,65.69,83.61, ,121,91.77,74.23,80.47,63.82,81.89
0.95,1,0.85,0.7,"Dunnett",168,96.19,36.88,89.7,33.77,38.71, ,134,96,36.22,85.84,31.49,38.21, ,150,92.92,35.86,82.08,30.62,39.57, ,121,95.5,37.23,84.58,32.09,39.47
0.95,1,0.85,0.7,"BOP2-OC",166.51,87.24,68.63,77.54,59.95,75.09, ,132.85,86.74,69.96,74.87,59.24,75.09, ,148.72,86.91,73.3,76.31,63.49,81.03, ,120.83,86.5,71.56,75.49,61.45,79
0.95,1,0.85,0.7,"Dunnett",168,96.19,36.88,89.7,33.77,38.71, ,134,96,36.22,85.84,31.49,38.21, ,150,92.92,35.86,82.08,30.62,39.57, ,121,95.5,37.23,84.58,32.09,39.47
0.8,2,0.85,0.7,"BOP2-OC",118.61,9.49,9.49,5.18,5.18,45.01, ,104.6,10.13,10.13,5.12,5.12,53.1, ,92.31,9.26,9.26,4.84,4.84,48.55, ,84.86,9.59,9.58,4.92,4.92,57.96
0.8,2,0.85,0.7,"Dunnett",178,10.02,10.02,5.02,5.02,100, ,144,10.1,10.1,5.05,5.05,100, ,152,10.01,10.01,5.02,5.02,100, ,129,10.11,10.11,5.08,5.08,100
0.8,2,0.85,0.7,"BOP2-OC",110.55,7.58,7.58,4.12,4.12,37.55, ,100.9,8.91,8.92,4.46,4.46,48.69, ,88.06,8.26,8.26,4.09,4.09,44.88, ,80.19,8.49,8.49,4.37,4.37,53.51
0.8,2,0.85,0.7,"Dunnett",178,10.02,10.02,5.02,5.02,100, ,144,10.1,10.1,5.05,5.05,100, ,152,10.01,10.01,5.02,5.02,100, ,129,10.11,10.11,5.08,5.08,100
0.8,2,0.85,0.7,"BOP2-OC",110.89,7.8,5.16,4.04,2.74,24.66, ,100.9,9.06,5.58,4.48,2.79,29.89, ,87.07,8.2,5.02,4.1,2.46,27.1, ,79.73,8.48,5.33,4.36,2.67,33.54
0.8,2,0.85,0.7,"Dunnett",178,10.02,5.36,5.02,2.58,56.04, ,144,10.1,5.2,5.05,2.54,55.95, ,152,10.01,5.29,5.02,2.62,56.09, ,129,10.11,5.08,5.08,2.45,56.22
0.8,2,0.85,0.7,"BOP2-OC",72.96,0.34, ,0.34, ,0, ,64.9,0.5, ,0.5, ,0, ,41.21,0.5, ,0.5, ,0, ,32.46,0.61, ,0.6, ,0
0.8,2,0.85,0.7,"Dunnett",178,6.94,0,6.84,0,0, ,144,7.52,0,7.31,0,0, ,152,7.65,0,7.44,0,0, ,129,8.05,0,7.8,0,0
0.8,2,0.85,0.7,"BOP2-OC",177.83,96.63,96.63,87.77,87.77,99.84, ,143.96,96.88,96.88,86.36,86.36,99.96, ,151.97,94.92,94.92,86.33,86.33,99.97, ,128.85,95.51,95.51,85.9,85.91,99.86
0.8,2,0.85,0.7,"Dunnett",178,93.48,93.48,84.9,84.9,100, ,144,95.03,95.03,84.5,84.5,100, ,152,92.34,92.34,81.44,81.44,100, ,129,94.12,94.12,80.34,80.34,100
0.8,2,0.85,0.7,"BOP2-OC",174.59,93.02,93.02,82.28,82.28,96.84, ,143.34,95.12,95.12,82.3,82.31,99.22, ,151.45,93.02,93.01,82.47,82.47,99.53, ,127.66,93.46,93.46,81.94,81.94,98.72
0.8,2,0.85,0.7,"Dunnett",178,93.48,93.48,84.9,84.9,100, ,144,95.03,95.03,84.5,84.5,100, ,152,92.34,92.34,81.44,81.44,100, ,129,94.12,94.12,80.34,80.34,100
0.8,2,0.85,0.7,"BOP2-OC",160.09,77.28,77.16,62.71,62.71,81.29, ,137.07,85.15,85.05,58.75,58.75,89.46, ,144.39,84.67,84.59,69.35,69.35,91.84, ,118.78,80.87,80.73,58.7,58.7,86.4
0.8,2,0.85,0.7,"Dunnett",178,88.2,88.2,71.29,71.29,99.98, ,144,87.78,87.78,57.19,57.19,99.99, ,152,82.88,82.88,63.1,63.1,99.96, ,129,85.44,85.44,54.75,54.75,99.98
0.8,2,0.85,0.7,"BOP2-OC",170.03,83.47,75.28,71.92,69.03,76.59, ,141.62,88.2,79.9,67.88,66.37,81.36, ,149.29,88.08,81.32,76.9,74.54,84.03, ,125.18,84.27,75.75,66.4,64.56,77.55
0.8,2,0.85,0.7,"Dunnett",178,92.53,91.04,80.97,80.05,97.89, ,144,93.88,92.29,72.36,71.7,97.78, ,152,90.56,88.42,75.49,74.36,96.75, ,129,92.68,90.54,67.17,66.42,97.09
0.8,2,0.85,0.7,"BOP2-OC",171.87,89.61,79.02,78.2,68.72,83, ,142.3,92.74,82.49,79.01,70.06,86.6, ,150.43,91.14,82.35,79.47,71.59,88.9, ,126.18,90.9,78.74,78.84,67.98,83.6
0.8,2,0.85,0.7,"Dunnett",178,93.48,51.4,84.9,46.39,55.23, ,144,95.03,51.57,84.5,45.47,54.58, ,152,92.34,50.22,81.44,43.9,54.73, ,129,94.12,51.58,80.34,43.66,55.14
0.8,2,0.85,0.7,"BOP2-OC",171.87,89.83,79.26,70.97,62.38,83, ,142.3,92.96,82.66,65.76,57.98,86.61, ,150.43,91.2,82.31,73.08,65.66,88.9, ,126.19,90.94,78.68,67.2,57.98,83.62
0.8,2,0.85,0.7,"Dunnett",178,93.48,51.4,78.61,42.74,55.23, ,144,95.03,51.57,72.73,38.91,54.58, ,152,92.34,50.22,73.67,39.56,54.73, ,129,94.12,51.58,67.73,36.59,55.14
0.8,2,0.85,0.7,"BOP2-OC",175.46,93.57,78.33,83.17,68.52,82.16, ,143.34,95.08,80.25,82.45,68.41,83.97, ,151.46,93.07,80.05,82.53,69.96,86.19, ,127.78,93.68,76.6,82.84,66.62,81.28
0.8,2,0.85,0.7,"Dunnett",178,96.31,36.34,91.01,33.71,38.15, ,144,97.3,36.2,90.44,32.9,37.62, ,152,95.32,37.19,87.9,33.44,39.58, ,129,96.56,37,86.94,32.49,38.81
0.8,2,0.85,0.7,"BOP2-OC",151.25,69.51,62.73,60.76,54.41,66.13, ,133.57,79,72.03,67.11,60.58,76.03, ,137.56,78.02,72.06,67.83,62.25,78.23, ,115.12,76.14,67.96,66.42,58.74,72.66
0.8,2,0.85,0.7,"Dunnett",178,96.31,36.34,91.01,33.71,38.15, ,144,97.3,36.2,90.44,32.9,37.62, ,152,95.32,37.19,87.9,33.44,39.58, ,129,96.56,37,86.94,32.49,38.81
0.85,2,0.85,0.7,"BOP2-OC",118.61,9.52,9.52,5.18,5.18,45.01, ,110.82,10.01,10.01,4.96,4.96,65.35, ,114.53,9.67,9.67,4.86,4.85,67.11, ,90.7,9.82,9.82,5.02,5.02,65.35
0.85,2,0.85,0.7,"Dunnett",178,10.02,10.02,5.02,5.02,100, ,142,10.08,10.08,5.08,5.08,100, ,154,10.04,10.04,5.03,5.03,100, ,125,10.01,10.01,5.03,5.03,100
0.85,2,0.85,0.7,"BOP2-OC",110.55,7.6,7.6,4.12,4.12,37.55, ,108.89,8.74,8.74,4.18,4.18,63.21, ,113.72,9.36,9.36,4.65,4.65,66.44, ,88.58,8.64,8.64,4.23,4.22,63.21
0.85,2,0.85,0.7,"Dunnett",178,10.02,10.02,5.02,5.02,100, ,142,10.08,10.08,5.08,5.08,100, ,154,10.04,10.04,5.03,5.03,100, ,125,10.01,10.01,5.03,5.03,100
0.85,2,0.85,0.7,"BOP2-OC",110.89,7.81,5.18,4.04,2.74,24.66, ,108.6,8.7,5.22,4.23,2.59,39, ,112.63,9.29,5.75,4.52,2.8,40.23, ,88.26,8.73,5.27,4.2,2.54,39
0.85,2,0.85,0.7,"Dunnett",178,10.02,5.36,5.02,2.58,56.04, ,142,10.08,5.27,5.08,2.57,55.97, ,154,10.04,5.14,5.03,2.75,46.99, ,125,10.01,5.02,5.03,2.42,56.05
0.85,2,0.85,0.7,"BOP2-OC",72.96,0.34, ,0.34, ,0, ,65.51,1.04, ,1.01, ,0, ,54.88,1.09, ,1.07, ,0, ,40.86,0.88, ,0.86, ,0
0.85,2,0.85,0.7,"Dunnett",178,6.94,0,6.84,0,0, ,142,7.12,0,6.86,0,0, ,154,7.27,0,7.07,0,0, ,125,7.94,0,7.66,0,0
0.85,2,0.85,0.7,"BOP2-OC",177.83,96.63,96.63,87.77,87.77,99.84, ,141.97,96.17,96.17,85.68,85.68,99.97, ,153.99,93.91,93.91,85.04,85.04,100, ,124.97,94.82,94.82,84.33,84.33,99.97
0.85,2,0.85,0.7,"Dunnett",178,93.48,93.48,84.9,84.9,100, ,142,93.38,93.38,80.5,80.5,100, ,154,91.66,91.66,81.32,81.32,100, ,125,93.21,93.21,78.77,78.77,100
0.85,2,0.85,0.7,"BOP2-OC",174.59,93.02,93.02,82.28,82.28,96.84, ,141.7,94.36,94.37,81.47,81.47,99.67, ,153.96,92.61,92.61,81.78,81.78,99.97, ,124.67,93.48,93.48,81.31,81.31,99.67
0.85,2,0.85,0.7,"Dunnett",178,93.48,93.48,84.9,84.9,100, ,142,93.38,93.38,80.5,80.5,100, ,154,91.66,91.66,81.32,81.32,100, ,125,93.21,93.21,78.77,78.77,100
0.85,2,0.85,0.7,"BOP2-OC",160.09,77.28,77.16,62.71,62.71,81.29, ,138.04,85.47,85.37,59.64,59.64,91.42, ,151.82,86.79,86.67,71.03,71.03,95.02, ,120.65,84.49,84.39,60.5,60.5,91.42
0.85,2,0.85,0.7,"Dunnett",178,88.2,88.2,71.29,71.29,99.98, ,142,87.84,87.84,57.63,57.63,99.98, ,154,82.73,82.73,61.26,61.26,99.98, ,125,84.18,84.18,53.3,53.3,99.98
0.85,2,0.85,0.7,"BOP2-OC",170.03,83.47,75.28,71.92,69.03,76.59, ,141.03,87.39,79.25,67.94,66.38,81.14, ,153.62,88.43,82,77.55,75.22,85.04, ,123.93,86.67,78.81,68.2,66.47,81.14
0.85,2,0.85,0.7,"Dunnett",178,92.53,91.04,80.97,80.05,97.89, ,142,92.17,90.64,67.6,66.98,97.69, ,154,90.61,89.08,74.86,73.95,97.7, ,125,91.94,89.74,65.44,64.63,96.99
0.85,2,0.85,0.7,"BOP2-OC",171.87,89.61,79.02,78.2,68.72,83, ,141.25,92.85,80.53,79.6,68.68,85.68, ,153.73,90.98,81.16,79.09,70.25,88.77, ,124.17,91.44,79.43,78.7,68.14,85.68
0.85,2,0.85,0.7,"Dunnett",178,93.48,51.4,84.9,46.39,55.23, ,142,93.38,50.7,80.5,43.33,54.74, ,154,91.66,45.52,81.32,41.2,50.2, ,125,93.21,50.88,78.77,42.69,54.88
0.85,2,0.85,0.7,"BOP2-OC",171.87,89.83,79.26,70.97,62.38,83, ,141.18,92.69,80.34,66.03,56.85,85.53, ,153.73,90.86,81.07,72,63.88,88.77, ,124.09,91.4,79.3,66.47,57.37,85.53
0.85,2,0.85,0.7,"Dunnett",178,93.48,51.4,78.61,42.74,55.23, ,142,93.38,50.7,67.57,36.13,54.74, ,154,91.66,45.52,74.79,38.29,50.2, ,125,93.21,50.88,65.88,35.56,54.88
0.85,2,0.85,0.7,"BOP2-OC",175.46,93.57,78.33,83.17,68.52,82.16, ,141.67,94.4,78.1,82.24,66.71,83.01, ,153.87,92.37,78.76,81.38,68.3,85.82, ,124.64,93.53,77.37,82.05,66.73,83.01
0.85,2,0.85,0.7,"Dunnett",178,96.31,36.34,91.01,33.71,38.15, ,142,96.1,35.92,87.3,31.82,37.9, ,154,94.75,32.55,87.51,30.25,34.94, ,125,96.07,36.93,85.94,32.12,39.09
0.85,2,0.85,0.7,"BOP2-OC",151.25,69.51,62.73,60.76,54.41,66.13, ,136.95,83.42,73.24,72.29,62.74,78.46, ,150.82,83.73,75.74,73.22,65.63,83.18, ,119.45,81.75,72.36,70.75,62,78.46
0.85,2,0.85,0.7,"Dunnett",178,96.31,36.34,91.01,33.71,38.15, ,142,96.1,35.92,87.3,31.82,37.9, ,154,94.75,32.55,87.51,30.25,34.94, ,125,96.07,36.93,85.94,32.12,39.09
0.95,1,0.9,0.7,"BOP2-OC",177.93,9.65,9.65,5.01,5.01,94.06, ,135.91,9.88,9.89,5.22,5.22,94.03, ,165.99,9.78,9.77,4.93,4.93,94.44, ,131.49,10.68,10.68,5.22,5.22,96.04
0.95,1,0.9,0.7,"Dunnett",186,10.01,10.01,5.01,5.01,100, ,142,10.08,10.08,5.08,5.08,100, ,174,10.05,10.05,5.03,5.03,100, ,136,10.06,10.06,5.05,5.05,100
0.95,1,0.9,0.7,"BOP2-OC",177.62,8.91,8.91,4.44,4.44,93.84, ,135.6,8.77,8.77,4.32,4.32,93.73, ,165.77,8.99,8.99,4.4,4.39,94.28, ,131.48,9.59,9.59,4.42,4.42,96.03
0.95,1,0.9,0.7,"Dunnett",186,10.01,10.01,5.01,5.01,100, ,142,10.08,10.08,5.08,5.08,100, ,174,10.05,10.05,5.03,5.03,100, ,136,10.06,10.06,5.05,5.05,100
0.95,1,0.9,0.7,"BOP2-OC",177.43,8.82,6.04,4.38,3.03,65.58, ,136.1,8.8,6.02,4.47,3.03,65.9, ,165.16,8.62,6.1,4.13,2.89,67.97, ,131.47,10.01,7.03,4.69,3.21,69.2
0.95,1,0.9,0.7,"Dunnett",186,10.01,5.2,5.01,2.59,55.76, ,142,10.08,5.27,5.08,2.57,55.97, ,174,10.05,5.11,5.03,2.57,47.56, ,136,10.06,5.18,5.05,2.54,55.96
0.95,1,0.9,0.7,"BOP2-OC",136.72,2.94, ,2.93, ,0, ,104.2,2.92, ,2.89, ,0, ,108.72,2.68, ,2.65, ,0, ,106.22,3.32, ,3.26, ,0
0.95,1,0.9,0.7,"Dunnett",186,6.94,0,6.76,0,0, ,142,7.12,0,6.86,0,0, ,174,7.32,0,7.21,0,0, ,136,7,0,6.74,0,0
0.95,1,0.9,0.7,"BOP2-OC",185.99,96.06,96.06,88.12,88.12,100, ,141.99,95.98,95.98,85.79,85.79,100, ,174,95.34,95.34,88.78,88.78,100, ,136,95.4,95.4,86.28,86.28,100
0.95,1,0.9,0.7,"Dunnett",186,95.03,95.03,84.49,84.49,100, ,142,93.38,93.38,80.5,80.5,100, ,174,93.75,93.75,85.65,85.65,100, ,136,93.56,93.56,82,82,100
0.95,1,0.9,0.7,"BOP2-OC",185.99,95.01,95.01,85.67,85.67,100, ,142,94.86,94.86,82.64,82.64,100, ,174,94.18,94.18,86.26,86.26,100, ,136,94.25,94.25,83.36,83.36,100
0.95,1,0.9,0.7,"Dunnett",186,95.03,95.03,84.49,84.49,100, ,142,93.38,93.38,80.5,80.5,100, ,174,93.75,93.75,85.65,85.65,100, ,136,93.56,93.56,82,82,100
0.95,1,0.9,0.7,"BOP2-OC",185.18,81.38,81.29,67.61,67.61,86.22, ,141.32,81.12,81,57.35,57.35,86.17, ,173.46,84.3,84.19,72.11,72.11,90.59, ,135.81,80.67,80.54,59.81,59.81,86.34
0.95,1,0.9,0.7,"Dunnett",186,89.54,89.54,69.19,69.19,100, ,142,87.84,87.84,57.63,57.63,99.98, ,174,87.58,87.58,66.3,66.3,100, ,136,86.56,86.56,55.56,55.56,99.98
0.95,1,0.9,0.7,"BOP2-OC",185.85,85.11,76.17,73.64,70.72,77.61, ,141.93,84.75,75.63,65.67,63.89,77.14, ,173.97,87.82,80.92,78.84,76.09,82.86, ,135.99,84.94,76.67,68.13,66.45,78.41
0.95,1,0.9,0.7,"Dunnett",186,93.95,92.68,79.61,78.89,98.25, ,142,92.17,90.64,67.6,66.98,97.69, ,174,92.24,91,79.25,78.42,98.32, ,136,92.08,90.42,69.38,68.74,97.51
0.95,1,0.9,0.7,"BOP2-OC",185.9,93.92,78.49,83.73,69.69,83.24, ,141.93,94.02,78.54,80.92,67.25,83.44, ,173.96,93.28,81.87,84.52,74,87.94, ,135.98,93.44,79.43,81.99,69.41,84.92
0.95,1,0.9,0.7,"Dunnett",186,95.03,51.86,84.49,45.73,54.88, ,142,93.38,50.7,80.5,43.33,54.74, ,174,93.75,48.44,85.65,44.84,51.07, ,136,93.56,50.62,82,43.97,54.56
0.95,1,0.9,0.7,"BOP2-OC",185.9,93.7,78.17,76.31,63.21,83.22, ,141.93,93.95,78.57,67.56,55.87,83.47, ,173.96,93.16,81.83,77.9,68.12,87.94, ,135.98,93.44,79.42,69.77,58.91,84.92
0.95,1,0.9,0.7,"Dunnett",186,95.03,51.86,77.03,41.47,54.88, ,142,93.38,50.7,67.57,36.13,54.74, ,174,93.75,48.44,79.47,41.87,51.07, ,136,93.56,50.62,69.99,37.57,54.56
0.95,1,0.9,0.7,"BOP2-OC",185.97,94.71,75.74,85.62,67.19,80.69, ,141.95,94.97,76.22,82.97,65.26,80.89, ,173.98,94.27,79.6,86.36,72.11,85.04, ,135.99,94.44,76.68,84,67,81.89
0.95,1,0.9,0.7,"Dunnett",186,97.33,36.26,90.83,33.08,37.65, ,142,96.1,35.92,87.3,31.82,37.9, ,174,96.36,33.27,91.11,31.49,34.51, ,136,96.25,35.91,88.26,32.26,37.73
0.95,1,0.9,0.7,"BOP2-OC",185.18,88.68,72.97,79.6,64.53,77.81, ,141.41,88.96,73.12,77.32,62.34,77.87, ,172.94,88.96,76.06,81.1,68.7,81.85, ,135.8,88.37,73.97,78.2,64.57,79
0.95,1,0.9,0.7,"Dunnett",186,97.33,36.26,90.83,33.08,37.65, ,142,96.1,35.92,87.3,31.82,37.9, ,174,96.36,33.27,91.11,31.49,34.51, ,136,96.25,35.91,88.26,32.26,37.73
0.9,2,0.85,0.7,"BOP2-OC",157.14,9.7,9.7,4.99,4.99,78.98, ,110.82,10.02,10.01,4.96,4.96,65.35, ,118.75,9.37,9.37,4.94,4.94,73.18, ,90.7,9.82,9.82,5.02,5.02,65.35
0.9,2,0.85,0.7,"Dunnett",179,10.01,10.01,5,5,100, ,142,10.08,10.08,5.08,5.08,100, ,152,10.01,10.01,5.02,5.02,100, ,125,10.01,10.01,5.03,5.03,100
0.9,2,0.85,0.7,"BOP2-OC",155.76,9.11,9.1,4.52,4.52,77.65, ,108.89,8.75,8.75,4.18,4.18,63.21, ,114.8,8.6,8.6,4.32,4.32,70, ,88.58,8.65,8.65,4.23,4.23,63.21
0.9,2,0.85,0.7,"Dunnett",179,10.01,10.01,5,5,100, ,142,10.08,10.08,5.08,5.08,100, ,152,10.01,10.01,5.02,5.02,100, ,125,10.01,10.01,5.03,5.03,100
0.9,2,0.85,0.7,"BOP2-OC",154.92,8.66,5.62,4.21,2.71,50.07, ,108.6,8.71,5.22,4.23,2.59,39, ,113.72,8.53,5.4,4.49,2.87,44.56, ,88.26,8.73,5.27,4.2,2.54,39
0.9,2,0.85,0.7,"Dunnett",179,10.01,5.1,5,2.4,47.73, ,142,10.08,5.27,5.08,2.57,55.97, ,152,10.01,5.29,5.02,2.62,56.09, ,125,10.01,5.02,5.03,2.42,56.05
0.9,2,0.85,0.7,"BOP2-OC",99.25,1.63, ,1.62, ,0, ,65.51,1.32, ,1.29, ,0, ,45.89,0.99, ,0.99, ,0, ,40.86,1.17, ,1.14, ,0
0.9,2,0.85,0.7,"Dunnett",179,7.21,0,7.11,0,0, ,142,7.12,0,6.86,0,0, ,152,7.65,0,7.44,0,0, ,125,7.94,0,7.66,0,0
0.9,2,0.85,0.7,"BOP2-OC",178.99,95.38,95.38,87.26,87.26,100, ,141.97,96.17,96.17,85.68,85.68,99.97, ,151.99,93.36,93.36,85.52,85.52,99.99, ,124.97,94.82,94.82,84.33,84.33,99.97
0.9,2,0.85,0.7,"Dunnett",179,94.36,94.36,86.65,86.65,100, ,142,93.38,93.38,80.5,80.5,100, ,152,92.34,92.34,81.44,81.44,100, ,125,93.21,93.21,78.77,78.77,100
0.9,2,0.85,0.7,"BOP2-OC",178.94,93.44,93.44,83.56,83.56,99.94, ,141.7,94.36,94.37,81.47,81.47,99.67, ,151.49,92.02,92.02,82.67,82.67,99.59, ,124.67,93.48,93.48,81.31,81.31,99.67
0.9,2,0.85,0.7,"Dunnett",179,94.36,94.36,86.65,86.65,100, ,142,93.38,93.38,80.5,80.5,100, ,152,92.34,92.34,81.44,81.44,100, ,125,93.21,93.21,78.77,78.77,100
0.9,2,0.85,0.7,"BOP2-OC",176.76,85.21,85.11,69.61,69.61,92.52, ,138.04,85.5,85.39,59.65,59.65,91.42, ,146,81.64,81.52,68.44,68.44,90.33, ,120.65,84.5,84.4,60.51,60.51,91.42
0.9,2,0.85,0.7,"Dunnett",179,88.39,88.39,72.06,72.06,100, ,142,87.84,87.84,57.63,57.63,99.98, ,152,82.88,82.88,63.1,63.1,99.96, ,125,84.18,84.18,53.3,53.3,99.98
0.9,2,0.85,0.7,"BOP2-OC",178.69,87.43,80.5,76.36,73.88,82.83, ,141.03,87.39,79.26,67.95,66.4,81.14, ,150.36,85.3,78.29,75.08,72.39,81.28, ,123.93,86.67,78.82,68.22,66.48,81.14
0.9,2,0.85,0.7,"Dunnett",179,92.74,91.61,81.58,80.86,98.5, ,142,92.17,90.64,67.6,66.98,97.69, ,152,90.56,88.42,75.49,74.36,96.75, ,125,91.94,89.74,65.44,64.63,96.99
0.9,2,0.85,0.7,"BOP2-OC",178.71,92.02,80.77,80.87,70.64,87.64, ,141.25,93.2,80.53,79.9,68.68,85.68, ,150.72,89.82,78.69,79.72,69.63,86.5, ,124.17,91.77,79.43,79,68.14,85.68
0.9,2,0.85,0.7,"Dunnett",179,94.36,48.13,86.65,44.82,50.63, ,142,93.38,50.7,80.5,43.33,54.74, ,152,92.34,50.22,81.44,43.9,54.73, ,125,93.21,50.88,78.77,42.69,54.88
0.9,2,0.85,0.7,"BOP2-OC",178.71,91.93,80.68,73.72,64.24,87.64, ,141.18,92.96,80.34,66.24,56.85,85.53, ,150.72,89.57,78.35,73.11,63.53,86.51, ,124.09,91.72,79.3,66.72,57.37,85.53
0.9,2,0.85,0.7,"Dunnett",179,94.36,48.13,80.92,41.95,50.63, ,142,93.38,50.7,67.57,36.13,54.74, ,152,92.34,50.22,73.67,39.56,54.73, ,125,93.21,50.88,65.88,35.56,54.88
0.9,2,0.85,0.7,"BOP2-OC",178.92,93.03,78.32,83.1,68.88,84.9, ,141.67,94.46,78.1,82.29,66.71,83.01, ,151.65,91.61,76,82.5,67.42,83.6, ,124.64,93.6,77.37,82.11,66.73,83.01
0.9,2,0.85,0.7,"Dunnett",179,96.78,33,92.07,31.34,34.02, ,142,96.1,35.92,87.3,31.82,37.9, ,152,95.32,37.19,87.9,33.44,39.58, ,125,96.07,36.93,85.94,32.12,39.09
0.9,2,0.85,0.7,"BOP2-OC",175.46,86.08,74.16,75.96,64.62,80.98, ,136.95,85.38,73.32,74.11,62.82,78.46, ,141.7,79.48,69.83,70.87,61.83,77.36, ,119.45,83.59,72.45,72.48,62.08,78.46
0.9,2,0.85,0.7,"Dunnett",179,96.78,33,92.07,31.34,34.02, ,142,96.1,35.92,87.3,31.82,37.9, ,152,95.32,37.19,87.9,33.44,39.58, ,125,96.07,36.93,85.94,32.12,39.09
0.95,2,0.85,0.7,"BOP2-OC",157.14,9.7,9.7,4.99,4.99,78.98, ,111.26,10.08,10.08,5.18,5.18,71.97, ,118.75,9.37,9.37,4.94,4.94,73.18, ,102.69,9.83,9.83,4.92,4.92,79.11
0.95,2,0.85,0.7,"Dunnett",179,10.01,10.01,5,5,100, ,139,10.01,10.01,5.01,5.01,100, ,152,10.01,10.01,5.02,5.02,100, ,124,10.08,10.08,5.04,5.04,100
0.95,2,0.85,0.7,"BOP2-OC",155.76,9.11,9.1,4.52,4.52,77.65, ,109.35,8.86,8.86,4.28,4.28,70.06, ,114.8,8.6,8.6,4.32,4.32,70, ,99.65,9.01,9,4.16,4.16,76.13
0.95,2,0.85,0.7,"Dunnett",179,10.01,10.01,5,5,100, ,139,10.01,10.01,5.01,5.01,100, ,152,10.01,10.01,5.02,5.02,100, ,124,10.08,10.08,5.04,5.04,100
0.95,2,0.85,0.7,"BOP2-OC",154.92,8.67,5.62,4.22,2.71,50.07, ,109.22,8.87,5.6,4.27,2.74,44.2, ,113.72,8.53,5.4,4.49,2.87,44.56, ,99.12,9.41,6.26,4.42,2.96,49.79
0.95,2,0.85,0.7,"Dunnett",179,10.01,5.1,5,2.4,47.73, ,139,10.01,4.81,5.01,2.25,47.28, ,152,10.01,5.29,5.02,2.62,56.09, ,124,10.08,5.02,5.04,2.4,55.98
0.95,2,0.85,0.7,"BOP2-OC",99.25,1.9, ,1.88, ,0, ,62.25,1.98, ,1.94, ,0, ,45.89,1.27, ,1.27, ,0, ,42.97,1.67, ,1.61, ,0
0.95,2,0.85,0.7,"Dunnett",179,7.21,0,7.11,0,0, ,139,7.36,0,7.11,0,0, ,152,7.65,0,7.44,0,0, ,124,7.69,0,7.35,0,0
0.95,2,0.85,0.7,"BOP2-OC",178.99,95.38,95.38,87.26,87.26,100, ,138.94,95.66,95.65,84.78,84.78,99.94, ,151.99,93.36,93.36,85.52,85.52,99.99, ,123.97,94.47,94.48,84.21,84.21,99.98
0.95,2,0.85,0.7,"Dunnett",179,94.36,94.36,86.65,86.65,100, ,139,93.34,93.34,81.45,81.45,100, ,152,92.34,92.34,81.44,81.44,100, ,124,90.34,90.34,76.77,76.77,100
0.95,2,0.85,0.7,"BOP2-OC",178.94,93.44,93.44,83.56,83.56,99.94, ,138.61,93.95,93.95,81.28,81.29,99.61, ,151.49,92.02,92.02,82.67,82.67,99.59, ,123.59,92.79,92.79,80.69,80.69,99.6
0.95,2,0.85,0.7,"Dunnett",179,94.36,94.36,86.65,86.65,100, ,139,93.34,93.34,81.45,81.45,100, ,152,92.34,92.34,81.44,81.44,100, ,124,90.34,90.34,76.77,76.77,100
0.95,2,0.85,0.7,"BOP2-OC",176.76,85.21,85.11,69.61,69.61,92.52, ,134.05,82.7,82.58,57.81,57.81,88.11, ,146,81.65,81.52,68.45,68.45,90.33, ,118.72,80.32,80.11,57.63,57.63,87.14
0.95,2,0.85,0.7,"Dunnett",179,88.39,88.39,72.06,72.06,100, ,139,87.12,87.12,58.13,58.13,100, ,152,82.88,82.88,63.1,63.1,99.96, ,124,84.72,84.72,51.49,51.49,99.98
0.95,2,0.85,0.7,"BOP2-OC",178.69,87.43,80.5,76.36,73.88,82.83, ,137.62,84.79,75.5,64.49,62.81,77.11, ,150.36,85.3,78.29,75.08,72.39,81.28, ,122.65,83.6,75.1,65.33,63.64,77.43
0.95,2,0.85,0.7,"Dunnett",179,92.74,91.61,81.58,80.86,98.5, ,139,91.77,90.5,69.66,69.12,98.24, ,152,90.56,88.42,75.49,74.36,96.75, ,124,89.42,87.32,64.2,63.4,96.9
0.95,2,0.85,0.7,"BOP2-OC",178.71,92.14,80.77,80.98,70.64,87.64, ,138.01,93.01,77.34,79.62,65.92,82.16, ,150.72,90.18,78.69,80.04,69.63,86.5, ,122.89,91.24,77.61,78.25,66.36,84.28
0.95,2,0.85,0.7,"Dunnett",179,94.36,48.13,86.65,44.82,50.63, ,139,93.34,47.33,81.45,41.8,50.17, ,152,92.34,50.22,81.44,43.9,54.73, ,124,90.34,49.59,76.77,41.75,55.32
0.95,2,0.85,0.7,"BOP2-OC",178.71,92.03,80.68,73.82,64.24,87.64, ,138.01,92.7,76.87,66.46,54.71,82.19, ,150.72,89.85,78.35,73.37,63.53,86.51, ,122.88,91.36,77.74,66.72,56.38,84.28
0.95,2,0.85,0.7,"Dunnett",179,94.36,48.13,80.92,41.95,50.63, ,139,93.34,47.33,69.58,35.91,50.17, ,152,92.34,50.22,73.67,39.56,54.73, ,124,90.34,49.59,64.54,34.84,55.32
0.95,2,0.85,0.7,"BOP2-OC",178.92,93.04,78.32,83.11,68.88,84.9, ,138.55,94.68,75.41,82.52,64.29,79.86, ,151.65,91.69,76,82.58,67.42,83.6, ,123.64,92.94,75.22,81.31,64.54,81.55
0.95,2,0.85,0.7,"Dunnett",179,96.78,33,92.07,31.34,34.02, ,139,95.93,32.86,87.68,30,34.17, ,152,95.32,37.19,87.9,33.44,39.58, ,124,94.06,36.04,84.58,31.53,39.09
0.95,2,0.85,0.7,"BOP2-OC",175.46,87.44,74.19,77.28,64.66,80.98, ,133.94,86.38,70.9,74.67,60.24,75.56, ,141.7,82.12,69.88,73.36,61.88,77.36, ,115.94,82.87,69.54,71.97,59.51,75.85
0.95,2,0.85,0.7,"Dunnett",179,96.78,33,92.07,31.34,34.02, ,139,95.93,32.86,87.68,30,34.17, ,152,95.32,37.19,87.9,33.44,39.58, ,124,94.06,36.04,84.58,31.53,39.09
0.8,1,0.9,0.7,"BOP2-OC",173.81,9.11,9.11,4.82,4.82,83.75, ,131.58,10.01,10.01,5.12,5.12,84.42, ,148.02,10.05,10.06,5.02,5.02,78.59, ,122.77,10.12,10.12,5.1,5.1,84.42
0.8,1,0.9,0.7,"Dunnett",192,10.07,10.07,5.04,5.04,100, ,147,10,10,5,5,100, ,178,10.02,10.02,5.02,5.02,100, ,141,10,10,5.03,5.03,100
0.8,1,0.9,0.7,"BOP2-OC",173.06,8.25,8.25,4.41,4.41,83.08, ,130.87,8.9,8.9,4.4,4.39,83.7, ,146.78,9.53,9.53,4.68,4.68,77.7, ,121.93,9.16,9.16,4.43,4.43,83.7
0.8,1,0.9,0.7,"Dunnett",192,10.07,10.07,5.04,5.04,100, ,147,10,10,5,5,100, ,178,10.02,10.02,5.02,5.02,100, ,141,10,10,5.03,5.03,100
0.8,1,0.9,0.7,"BOP2-OC",172.6,8.36,5.52,4.45,3.1,55.06, ,130.21,8.48,5.66,4.4,2.92,55.46, ,145.58,8.77,5.78,4.45,2.88,50.02, ,121.16,9.01,5.9,4.42,2.92,55.46
0.8,1,0.9,0.7,"Dunnett",192,10.07,5.24,5.04,2.66,55.52, ,147,10,4.82,5,2.37,47.59, ,178,10.02,5.36,5.02,2.58,56.04, ,141,10,5.14,5.03,2.58,55.67
0.8,1,0.9,0.7,"BOP2-OC",117.35,1.41, ,1.41, ,0, ,80.13,1.14, ,1.12, ,0, ,72.15,0.84, ,0.84, ,0, ,61.97,0.99, ,0.98, ,0
0.8,1,0.9,0.7,"Dunnett",192,6.88,0,6.7,0,0, ,147,7.07,0,6.86,0,0, ,178,6.94,0,6.84,0,0, ,141,7.03,0,6.8,0,0
0.8,1,0.9,0.7,"BOP2-OC",191.99,96.77,96.77,89.66,89.66,100, ,146.98,96.56,96.56,86.89,86.89,99.98, ,177.99,95.95,95.95,88.97,88.97,100, ,140.98,96.05,96.05,86.51,86.51,99.98
0.8,1,0.9,0.7,"Dunnett",192,95.84,95.84,87.2,87.2,100, ,147,94.85,94.85,83.88,83.88,100, ,178,93.48,93.48,84.9,84.9,100, ,141,93.38,93.38,82.45,82.45,100
0.8,1,0.9,0.7,"BOP2-OC",191.99,95.36,95.36,86.4,86.4,100, ,146.9,95.47,95.47,83.58,83.58,99.89, ,177.99,94.85,94.85,86.38,86.38,99.99, ,140.88,94.88,94.88,83.33,83.33,99.89
0.8,1,0.9,0.7,"Dunnett",192,95.84,95.84,87.2,87.2,100, ,147,94.85,94.85,83.88,83.88,100, ,178,93.48,93.48,84.9,84.9,100, ,141,93.38,93.38,82.45,82.45,100
0.8,1,0.9,0.7,"BOP2-OC",191.1,87.47,87.37,72.68,72.68,93.25, ,145.07,84.98,84.87,60.76,60.76,89.86, ,176.91,89.4,89.35,75.28,75.28,95.54, ,138.72,84.67,84.53,61.41,61.41,89.86
0.8,1,0.9,0.7,"Dunnett",192,90.33,90.33,69.22,69.22,100, ,147,88.67,88.67,59.55,59.55,100, ,178,88.2,88.2,71.29,71.29,99.98, ,141,87.92,87.92,55.71,55.71,99.99
0.8,1,0.9,0.7,"BOP2-OC",191.88,88.95,82.39,78.72,76.33,83.91, ,146.65,86.52,78.04,68.12,66.38,79.35, ,177.8,90.69,84.1,80.97,78.6,85.95, ,140.58,86.44,77.87,68.71,67.02,79.35
0.8,1,0.9,0.7,"Dunnett",192,94.76,93.46,83.37,82.6,98.31, ,147,92.96,91.84,69.23,68.76,98.57, ,178,92.53,91.04,80.97,80.05,97.89, ,141,92.25,90.7,70.23,69.54,97.68
0.8,1,0.9,0.7,"BOP2-OC",191.93,93.92,83.31,83.91,74.14,88.5, ,146.71,93.57,81.03,81.01,69.87,85.54, ,177.94,93.28,84.68,83.99,76.06,90.33, ,140.66,92.9,80.62,80.72,69.86,85.54
0.8,1,0.9,0.7,"Dunnett",192,95.84,52.22,87.2,47.03,54.61, ,147,94.85,48.42,83.88,43.44,50.72, ,178,93.48,51.4,84.9,46.39,55.23, ,141,93.38,50.54,82.45,44.3,54.5
0.8,1,0.9,0.7,"BOP2-OC",191.93,93.75,83.36,76.61,67.61,88.5, ,146.71,93.44,80.9,67.99,58.43,85.55, ,177.94,93.22,84.66,76.73,69.33,90.33, ,140.66,92.9,80.63,68.29,58.91,85.55
0.8,1,0.9,0.7,"Dunnett",192,95.84,52.22,80.97,43.35,54.61, ,147,94.85,48.42,71.59,37.56,50.72, ,178,93.48,51.4,78.61,42.74,55.23, ,141,93.38,50.54,70.88,37.81,54.5
0.8,1,0.9,0.7,"BOP2-OC",191.97,94.68,80.96,85.96,72.63,85.94, ,146.89,94.96,78.05,84.06,67.88,82.49, ,177.98,94.44,82.17,85.63,73.66,87.36, ,140.87,94.68,77.9,83.75,67.64,82.49
0.8,1,0.9,0.7,"Dunnett",192,97.82,36.02,92.38,33.37,36.96, ,147,97.05,32.73,89.5,30.24,33.64, ,178,96.31,36.34,91.01,33.71,38.15, ,141,96.12,35.88,88.77,32.44,37.8
0.8,1,0.9,0.7,"BOP2-OC",190.39,87.09,77.76,78.29,69.36,82.76, ,144.2,83.6,74.5,72.97,64.35,79.17, ,175.7,85.7,79.69,76.84,71.06,85.06, ,137.69,81.8,74.24,71.56,64.4,79.17
0.8,1,0.9,0.7,"Dunnett",192,97.82,36.02,92.38,33.37,36.96, ,147,97.05,32.73,89.5,30.24,33.64, ,178,96.31,36.34,91.01,33.71,38.15, ,141,96.12,35.88,88.77,32.44,37.8
0.85,1,0.9,0.7,"BOP2-OC",175.58,9.98,9.99,5.14,5.14,89.18, ,134.52,10.05,10.05,5.08,5.08,88.73, ,148.02,10.12,10.12,5.02,5.02,78.59, ,122.77,10.13,10.13,5.1,5.1,84.42
0.85,1,0.9,0.7,"Dunnett",189,10.01,10.01,5.01,5.01,100, ,145,10.04,10.04,5.06,5.06,100, ,178,10.02,10.02,5.02,5.02,100, ,141,10,10,5.03,5.03,100
0.85,1,0.9,0.7,"BOP2-OC",174.37,9.01,9.01,4.55,4.55,88.2, ,134.1,8.64,8.64,4.26,4.26,88.28, ,146.78,9.61,9.61,4.69,4.69,77.7, ,121.93,9.18,9.18,4.43,4.43,83.7
0.85,1,0.9,0.7,"Dunnett",189,10.01,10.01,5.01,5.01,100, ,145,10.04,10.04,5.06,5.06,100, ,178,10.02,10.02,5.02,5.02,100, ,141,10,10,5.03,5.03,100
0.85,1,0.9,0.7,"BOP2-OC",174.5,8.97,5.98,4.46,2.9,59.92, ,133.6,8.71,5.98,4.11,2.82,60.27, ,145.58,8.84,5.84,4.45,2.88,50.02, ,121.16,9.04,5.93,4.42,2.92,55.46
0.85,1,0.9,0.7,"Dunnett",189,10.01,4.96,5.01,2.46,47.29, ,145,10.04,5.2,5.06,2.7,55.9, ,178,10.02,5.36,5.02,2.58,56.04, ,141,10,5.14,5.03,2.58,55.67
0.85,1,0.9,0.7,"BOP2-OC",120.86,1.61, ,1.6, ,0, ,93.88,1.5, ,1.48, ,0, ,72.15,1.18, ,1.17, ,0, ,61.97,1.39, ,1.35, ,0
0.85,1,0.9,0.7,"Dunnett",189,6.9,0,6.82,0,0, ,145,7.11,0,6.9,0,0, ,178,6.94,0,6.84,0,0, ,141,7.03,0,6.8,0,0
0.85,1,0.9,0.7,"BOP2-OC",188.99,96.46,96.46,84.82,84.82,100, ,145,96.33,96.33,86.34,86.34,100, ,177.99,95.95,95.95,88.97,88.97,100, ,140.98,96.05,96.05,86.51,86.51,99.98
0.85,1,0.9,0.7,"Dunnett",189,95.54,95.54,88.85,88.85,100, ,145,94.21,94.21,83.91,83.91,100, ,178,93.48,93.48,84.9,84.9,100, ,141,93.38,93.38,82.45,82.45,100
0.85,1,0.9,0.7,"BOP2-OC",188.98,94.94,94.94,81.19,81.19,99.98, ,144.99,95.22,95.21,82.78,82.78,99.99, ,177.99,94.85,94.85,86.38,86.38,99.99, ,140.88,94.89,94.89,83.34,83.34,99.89
0.85,1,0.9,0.7,"Dunnett",189,95.54,95.54,88.85,88.85,100, ,145,94.21,94.21,83.91,83.91,100, ,178,93.48,93.48,84.9,84.9,100, ,141,93.38,93.38,82.45,82.45,100
0.85,1,0.9,0.7,"BOP2-OC",188.01,85.06,84.96,65.03,65.03,90.48, ,144.28,84.91,84.82,59.95,59.94,90.44, ,176.91,89.43,89.37,75.3,75.3,95.54, ,138.72,84.69,84.55,61.42,61.42,89.86
0.85,1,0.9,0.7,"Dunnett",189,89.92,89.92,73.78,73.78,100, ,145,88.5,88.5,57.09,57.09,99.99, ,178,88.2,88.2,71.29,71.29,99.98, ,141,87.92,87.92,55.71,55.71,99.99
0.85,1,0.9,0.7,"BOP2-OC",188.87,87.41,79.76,73.37,71.29,81.31, ,144.91,87.32,79.38,68.76,67.24,80.91, ,177.8,90.7,84.11,80.97,78.61,85.95, ,140.58,86.45,77.88,68.72,67.03,79.35
0.85,1,0.9,0.7,"Dunnett",189,94.16,93.17,83.3,82.67,98.78, ,145,92.96,91.44,71.83,71.19,97.84, ,178,92.53,91.04,80.97,80.05,97.89, ,141,92.25,90.7,70.23,69.54,97.68
0.85,1,0.9,0.7,"BOP2-OC",188.94,93.52,81.62,78.46,67.92,86.79, ,144.94,93.44,81.47,80.78,70.14,86.68, ,177.94,93.61,84.68,84.29,76.06,90.33, ,140.66,93.42,80.62,81.2,69.86,85.54
0.85,1,0.9,0.7,"Dunnett",189,95.54,48.72,88.85,45.71,50.79, ,145,94.21,51.18,83.91,45.27,54.76, ,178,93.48,51.4,84.9,46.39,55.23, ,141,93.38,50.54,82.45,44.3,54.5
0.85,1,0.9,0.7,"BOP2-OC",188.94,93.64,81.81,70,60.61,86.78, ,144.92,93.58,81.47,67.23,58.25,86.48, ,177.94,93.56,84.66,77,69.33,90.33, ,140.66,93.43,80.63,68.7,58.91,85.55
0.85,1,0.9,0.7,"Dunnett",189,95.54,48.72,83.11,42.93,50.79, ,145,94.21,51.18,72.28,38.67,54.76, ,178,93.48,51.4,78.61,42.74,55.23, ,141,93.38,50.54,70.88,37.81,54.5
0.85,1,0.9,0.7,"BOP2-OC",188.96,95.02,79.03,81.67,66.49,83.61, ,144.98,94.97,79.17,83.11,68.08,83.78, ,177.98,94.54,82.17,85.74,73.66,87.36, ,140.87,94.86,77.9,83.91,67.64,82.49
0.85,1,0.9,0.7,"Dunnett",189,97.48,32.62,93.34,31.32,33.52, ,145,96.73,36.05,89.96,32.9,37.74, ,178,96.31,36.34,91.01,33.71,38.15, ,141,96.12,35.88,88.77,32.44,37.8
0.85,1,0.9,0.7,"BOP2-OC",187.72,85.93,75.9,72.97,63.61,81.03, ,144.15,85.52,75.89,74.05,64.96,81.07, ,175.7,87.52,79.89,78.59,71.24,85.06, ,137.69,84.19,74.47,73.83,64.61,79.17
0.85,1,0.9,0.7,"Dunnett",189,97.48,32.62,93.34,31.32,33.52, ,145,96.73,36.05,89.96,32.9,37.74, ,178,96.31,36.34,91.01,33.71,38.15, ,141,96.12,35.88,88.77,32.44,37.8
0.9,1,0.9,0.7,"BOP2-OC",175.58,9.99,9.99,5.14,5.14,89.18, ,133.98,9.49,9.49,5.2,5.2,90.72, ,165.99,9.78,9.77,4.93,4.93,94.44, ,131.96,9.83,9.82,4.97,4.97,94.4
0.9,1,0.9,0.7,"Dunnett",189,10.01,10.01,5.01,5.01,100, ,144,10.1,10.1,5.05,5.05,100, ,174,10.05,10.05,5.03,5.03,100, ,138,10.05,10.05,5.07,5.07,100
0.9,1,0.9,0.7,"BOP2-OC",174.37,9.01,9.01,4.55,4.55,88.2, ,133.63,9.17,9.17,4.62,4.62,90.4, ,165.77,8.99,8.99,4.4,4.39,94.28, ,131.54,8.67,8.67,4.1,4.1,94.02
0.9,1,0.9,0.7,"Dunnett",189,10.01,10.01,5.01,5.01,100, ,144,10.1,10.1,5.05,5.05,100, ,174,10.05,10.05,5.03,5.03,100, ,138,10.05,10.05,5.07,5.07,100
0.9,1,0.9,0.7,"BOP2-OC",174.5,9,5.99,4.46,2.9,59.92, ,132.71,9.29,5.94,4.7,3,60.7, ,165.16,8.6,6.1,4.12,2.89,67.97, ,131.74,8.4,6,3.83,2.73,68.75
0.9,1,0.9,0.7,"Dunnett",189,10.01,4.96,5.01,2.46,47.29, ,144,10.1,5.2,5.05,2.54,55.95, ,174,10.05,5.11,5.03,2.57,47.56, ,138,10.05,5,5.07,2.45,55.94
0.9,1,0.9,0.7,"BOP2-OC",120.86,2.08, ,2.07, ,0, ,89.19,1.77, ,1.74, ,0, ,108.72,2.17, ,2.14, ,0, ,88.69,2.14, ,2.09, ,0
0.9,1,0.9,0.7,"Dunnett",189,6.9,0,6.82,0,0, ,144,7.52,0,7.31,0,0, ,174,7.32,0,7.21,0,0, ,138,7.34,0,7.06,0,0
0.9,1,0.9,0.7,"BOP2-OC",188.99,96.46,96.46,84.82,84.82,100, ,143.98,96.19,96.19,86.08,86.08,99.98, ,174,95.34,95.34,88.78,88.78,100, ,138,95.34,95.34,86.52,86.52,100
0.9,1,0.9,0.7,"Dunnett",189,95.54,95.54,88.85,88.85,100, ,144,95.03,95.03,84.5,84.5,100, ,174,93.75,93.75,85.65,85.65,100, ,138,92.56,92.56,79.05,79.05,100
0.9,1,0.9,0.7,"BOP2-OC",188.98,94.94,94.94,81.19,81.19,99.98, ,143.92,95.33,95.32,83.19,83.19,99.93, ,174,94.18,94.18,86.26,86.26,100, ,138,94.18,94.18,83.76,83.76,100
0.9,1,0.9,0.7,"Dunnett",189,95.54,95.54,88.85,88.85,100, ,144,95.03,95.03,84.5,84.5,100, ,174,93.75,93.75,85.65,85.65,100, ,138,92.56,92.56,79.05,79.05,100
0.9,1,0.9,0.7,"BOP2-OC",188.01,85.07,84.97,65.04,65.04,90.48, ,142.24,81.28,81.16,58.06,58.06,85.74, ,173.46,84.29,84.19,72.11,72.11,90.59, ,137.7,84.4,84.3,61.92,61.92,90.76
0.9,1,0.9,0.7,"Dunnett",189,89.92,89.92,73.78,73.78,100, ,144,87.78,87.78,57.19,57.19,99.99, ,174,87.58,87.58,66.3,66.3,100, ,138,87.35,87.35,57.38,57.38,99.98
0.9,1,0.9,0.7,"BOP2-OC",188.87,87.42,79.77,73.38,71.29,81.31, ,143.62,84.72,75.48,66.2,64.65,76.8, ,173.97,87.82,80.92,78.84,76.09,82.86, ,137.98,87.6,80.77,71.14,69.68,82.77
0.9,1,0.9,0.7,"Dunnett",189,94.16,93.17,83.3,82.67,98.78, ,144,93.88,92.29,72.36,71.7,97.78, ,174,92.24,91,79.25,78.42,98.32, ,138,91.92,90.31,66.74,66.16,97.52
0.9,1,0.9,0.7,"BOP2-OC",188.94,93.84,81.62,78.74,67.92,86.79, ,143.71,93.84,77.68,81.72,67.39,81.96, ,173.96,93.12,81.87,84.39,74,87.94, ,137.97,93.2,82.55,81.62,71.92,88.41
0.9,1,0.9,0.7,"Dunnett",189,95.54,48.72,88.85,45.71,50.79, ,144,95.03,51.57,84.5,45.47,54.58, ,174,93.75,48.44,85.65,44.84,51.07, ,138,92.56,50.2,79.05,42.55,54.66
0.9,1,0.9,0.7,"BOP2-OC",188.94,94.08,81.81,70.4,60.61,86.78, ,143.7,93.77,77.72,68.16,56.08,81.94, ,173.96,93.03,81.83,77.78,68.12,87.94, ,137.97,93.22,82.56,69.71,61.27,88.41
0.9,1,0.9,0.7,"Dunnett",189,95.54,48.72,83.11,42.93,50.79, ,144,95.03,51.57,72.73,38.91,54.58, ,174,93.75,48.44,79.47,41.87,51.07, ,138,92.56,50.2,66.25,35.47,54.66
0.9,1,0.9,0.7,"BOP2-OC",188.96,95.12,79.03,81.77,66.49,83.61, ,143.91,95.17,74.83,83.93,64.6,79.09, ,173.98,94.26,79.6,86.35,72.11,85.04, ,137.99,94.06,79.36,83.52,69.48,85.03
0.9,1,0.9,0.7,"Dunnett",189,97.48,32.62,93.34,31.32,33.52, ,144,97.3,36.2,90.44,32.9,37.62, ,174,96.36,33.27,91.11,31.49,34.51, ,138,95.53,35.94,86.1,31.57,38.24
0.9,1,0.9,0.7,"BOP2-OC",187.72,88.22,76.08,75.14,63.76,81.03, ,141.54,83.99,72,73.47,62.22,76.2, ,172.94,87.26,76.05,79.48,68.68,81.85, ,137.31,87.96,76.9,77.54,66.95,82.4
0.9,1,0.9,0.7,"Dunnett",189,97.48,32.62,93.34,31.32,33.52, ,144,97.3,36.2,90.44,32.9,37.62, ,174,96.36,33.27,91.11,31.49,34.51, ,138,95.53,35.94,86.1,31.57,38.24
0.95,2,0.9,0.7,"BOP2-OC",173.81,9.11,9.11,4.82,4.82,83.75, ,134.01,9.28,9.28,5.17,5.17,83.34, ,155.96,10.08,10.08,4.83,4.83,83.75, ,124.51,10.07,10.07,4.92,4.92,83.34
0.95,2,0.9,0.7,"Dunnett",192,10.07,10.07,5.04,5.04,100, ,148,10.08,10.08,5.07,5.07,100, ,180,10,10,5.01,5.01,100, ,143,10.05,10.05,5.03,5.03,100
0.95,2,0.9,0.7,"BOP2-OC",173.06,8.27,8.27,4.42,4.42,83.08, ,134.03,9.01,9.01,4.7,4.7,83.37, ,154.97,9.05,9.05,4.42,4.41,83.08, ,124.54,9.91,9.91,4.88,4.88,83.37
0.95,2,0.9,0.7,"Dunnett",192,10.07,10.07,5.04,5.04,100, ,148,10.08,10.08,5.07,5.07,100, ,180,10,10,5.01,5.01,100, ,143,10.05,10.05,5.03,5.03,100
0.95,2,0.9,0.7,"BOP2-OC",172.6,8.37,5.52,4.45,3.1,55.06, ,133.51,8.89,5.73,4.54,2.9,55.16, ,154.37,9.22,6.13,4.36,2.9,55.06, ,123.86,9.61,6.28,4.67,2.96,55.16
0.95,2,0.9,0.7,"Dunnett",192,10.07,5.24,5.04,2.66,55.52, ,148,10.08,5.24,5.07,2.66,55.85, ,180,10,5.42,5.01,2.53,56.07, ,143,10.05,4.85,5.03,2.31,47.44
0.95,2,0.9,0.7,"BOP2-OC",117.35,2.2, ,2.19, ,0, ,91.14,1.97, ,1.96, ,0, ,81.36,2.36, ,2.33, ,0, ,67.87,2.11, ,2.08, ,0
0.95,2,0.9,0.7,"Dunnett",192,6.88,0,6.7,0,0, ,148,7.37,0,7.2,0,0, ,180,7.14,0,7.06,0,0, ,143,7.54,0,7.3,0,0
0.95,2,0.9,0.7,"BOP2-OC",191.99,96.77,96.77,89.66,89.66,100, ,148,96.58,96.58,87.22,87.22,100, ,179.99,95.76,95.76,89.03,89.03,100, ,142.99,95.78,95.78,86.53,86.54,100
0.95,2,0.9,0.7,"Dunnett",192,95.84,95.84,87.2,87.2,100, ,148,95.5,95.5,85.68,85.68,100, ,180,95.16,95.16,88.22,88.22,100, ,143,94.35,94.35,82.62,82.62,100
0.95,2,0.9,0.7,"BOP2-OC",191.99,95.38,95.38,86.42,86.42,100, ,147.98,95.33,95.33,83.4,83.4,99.98, ,179.99,94.6,94.6,86.5,86.5,100, ,142.98,94.68,94.68,83.58,83.58,99.98
0.95,2,0.9,0.7,"Dunnett",192,95.84,95.84,87.2,87.2,100, ,148,95.5,95.5,85.68,85.68,100, ,180,95.16,95.16,88.22,88.22,100, ,143,94.35,94.35,82.62,82.62,100
0.95,2,0.9,0.7,"BOP2-OC",191.1,87.48,87.38,72.69,72.69,93.25, ,147.4,88.12,88.09,62.41,62.41,93.77, ,178.81,87.6,87.5,74.39,74.39,93.25, ,142.21,87.63,87.54,63.66,63.66,93.77
0.95,2,0.9,0.7,"Dunnett",192,90.33,90.33,69.22,69.22,100, ,148,88.22,88.22,57.48,57.48,100, ,180,88.04,88.04,69.21,69.21,99.98, ,143,88.04,88.04,58.88,58.88,100
0.95,2,0.9,0.7,"BOP2-OC",191.88,88.96,82.4,78.73,76.34,83.91, ,147.89,88.81,82.16,70.87,69.47,83.9, ,179.84,89.03,82.23,79.41,77.01,83.91, ,142.85,88.86,82.01,71.36,70.1,83.9
0.95,2,0.9,0.7,"Dunnett",192,94.76,93.46,83.37,82.6,98.31, ,148,94.51,93.1,73.7,73.13,98.1, ,180,94.16,92.71,83.69,82.79,98.03, ,143,92.39,91.18,68.46,67.94,98.36
0.95,2,0.9,0.7,"BOP2-OC",191.93,94.25,83.31,84.23,74.14,88.5, ,147.93,94.24,83.56,81.16,71.61,88.68, ,179.9,93.82,82.97,84.8,74.67,88.5, ,142.91,93.69,83.08,81.6,72.09,88.68
0.95,2,0.9,0.7,"Dunnett",192,95.84,52.22,87.2,47.03,54.61, ,148,95.5,52.16,85.68,46.51,54.92, ,180,95.16,52.15,88.22,48.2,55.11, ,143,94.35,47.64,82.62,42.28,50.23
0.95,2,0.9,0.7,"BOP2-OC",191.93,94.24,83.36,77.02,67.61,88.5, ,147.94,94.36,83.7,67.82,59.59,88.76, ,179.9,93.76,82.92,77.61,68.14,88.5, ,142.92,93.94,83.38,69.31,61.15,88.76
0.95,2,0.9,0.7,"Dunnett",192,95.84,52.22,80.97,43.35,54.61, ,148,95.5,52.16,74.04,39.95,54.92, ,180,95.16,52.15,82.83,45.02,55.11, ,143,94.35,47.64,70.32,36.44,50.23
0.95,2,0.9,0.7,"BOP2-OC",191.97,94.8,80.96,86.06,72.63,85.94, ,147.99,94.69,80.9,82.84,69.58,86.01, ,179.96,94.34,80.55,86.06,72.7,85.94, ,142.99,94.48,80.73,83.57,70.39,86.01
0.95,2,0.9,0.7,"Dunnett",192,97.82,36.02,92.38,33.37,36.96, ,148,97.67,36.19,91.2,33.12,37.33, ,180,97.42,36.47,93.37,34.51,37.76, ,143,96.57,32.59,88.55,29.84,33.7
0.95,2,0.9,0.7,"BOP2-OC",190.39,90.77,78.03,81.88,69.62,82.76, ,146.85,90.86,78.53,79.1,67.48,83.47, ,177.88,89.68,77.47,81.72,69.9,82.76, ,141.48,90.15,78.25,79.09,67.8,83.47
0.95,2,0.9,0.7,"Dunnett",192,97.82,36.02,92.38,33.37,36.96, ,148,97.67,36.19,91.2,33.12,37.33, ,180,97.42,36.47,93.37,34.51,37.76, ,143,96.57,32.59,88.55,29.84,33.7
0.9,2,0.9,0.7,"BOP2-OC",169.78,9.89,9.89,5.07,5.07,78.98, ,130.66,9.88,9.89,4.92,4.92,78.51, ,148.02,10.13,10.13,5.02,5.02,78.59, ,120.02,10.11,10.11,5.04,5.05,78.11
0.9,2,0.9,0.7,"Dunnett",195,10.08,10.08,5.04,5.04,100, ,150,10.06,10.06,5.04,5.04,100, ,178,10.02,10.02,5.02,5.02,100, ,143,10.05,10.05,5.03,5.03,100
0.9,2,0.9,0.7,"BOP2-OC",168.18,9.23,9.23,4.45,4.45,77.65, ,129.67,8.96,8.96,4.22,4.22,77.41, ,146.78,9.62,9.62,4.69,4.69,77.7, ,119.67,9.95,9.95,4.62,4.62,77.78
0.9,2,0.9,0.7,"Dunnett",195,10.08,10.08,5.04,5.04,100, ,150,10.06,10.06,5.04,5.04,100, ,178,10.02,10.02,5.02,5.02,100, ,143,10.05,10.05,5.03,5.03,100
0.9,2,0.9,0.7,"BOP2-OC",167.22,8.84,5.71,4.26,2.73,50.07, ,129.2,8.88,5.62,4.34,2.75,50.29, ,145.58,8.86,5.84,4.46,2.89,50.02, ,118.72,9.64,6.32,4.52,2.99,50.46
0.9,2,0.9,0.7,"Dunnett",195,10.08,5.34,5.04,2.82,55.37, ,150,10.06,5.26,5.04,2.59,55.73, ,178,10.02,5.36,5.02,2.58,56.04, ,143,10.05,4.85,5.03,2.31,47.44
0.9,2,0.9,0.7,"BOP2-OC",102.98,1.38, ,1.35, ,0, ,80.53,1.24, ,1.24, ,0, ,72.15,1.49, ,1.48, ,0, ,63.68,1.55, ,1.54, ,0
0.9,2,0.9,0.7,"Dunnett",195,7.3,0,7.18,0,0, ,150,7.11,0,6.92,0,0, ,178,6.94,0,6.84,0,0, ,143,7.54,0,7.3,0,0
0.9,2,0.9,0.7,"BOP2-OC",194.99,97.02,97.02,86.19,86.19,100, ,149.99,96.89,96.89,87.61,87.61,99.99, ,177.99,95.95,95.95,88.97,88.97,100, ,143,96.02,96.02,87.02,87.02,100
0.9,2,0.9,0.7,"Dunnett",195,96.98,96.98,91.22,91.22,100, ,150,94.84,94.84,83.25,83.25,100, ,178,93.48,93.48,84.9,84.9,100, ,143,94.35,94.35,82.62,82.62,100
0.9,2,0.9,0.7,"BOP2-OC",194.93,95.66,95.66,82.78,82.78,99.94, ,149.93,95.6,95.6,84.38,84.38,99.92, ,177.99,94.86,94.86,86.38,86.38,99.99, ,142.99,95.07,95.07,84.14,84.14,100
0.9,2,0.9,0.7,"Dunnett",195,96.98,96.98,91.22,91.22,100, ,150,94.84,94.84,83.25,83.25,100, ,178,93.48,93.48,84.9,84.9,100, ,143,94.35,94.35,82.62,82.62,100
0.9,2,0.9,0.7,"BOP2-OC",192.42,87.8,87.7,68,68,92.52, ,148.08,87.58,87.49,62.56,62.56,92.7, ,176.91,89.44,89.38,75.31,75.31,95.54, ,142.07,89.3,89.2,64.86,64.87,95.38
0.9,2,0.9,0.7,"Dunnett",195,90.66,90.65,72.61,72.61,100, ,150,88.91,88.91,59.68,59.68,99.99, ,178,88.2,88.2,71.29,71.29,99.98, ,143,88.04,88.04,58.88,58.88,100
0.9,2,0.9,0.7,"BOP2-OC",194.65,88.81,81.42,75.37,73.23,82.83, ,149.64,89.02,81.5,70.89,69.47,82.98, ,177.8,90.7,84.11,80.98,78.61,85.95, ,142.88,90.74,84.76,73.8,72.5,86.5
0.9,2,0.9,0.7,"Dunnett",195,96.16,94.92,86.56,85.77,98.45, ,150,93.66,92.21,70.33,69.77,98.08, ,178,92.53,91.04,80.97,80.05,97.89, ,143,92.39,91.18,68.46,67.94,98.36
0.9,2,0.9,0.7,"BOP2-OC",194.66,94.11,82.84,79.7,69.8,87.64, ,149.75,94.28,83.54,81.9,72.22,88.13, ,177.94,93.8,84.68,84.45,76.06,90.33, ,142.93,93.92,85.21,81.83,73.86,90.69
0.9,2,0.9,0.7,"Dunnett",195,96.98,53,91.22,49.62,54.81, ,150,94.84,51.62,83.25,44.84,54.71, ,178,93.48,51.4,84.9,46.39,55.23, ,143,94.35,47.64,82.62,42.28,50.23
0.9,2,0.9,0.7,"BOP2-OC",194.66,94.15,82.87,70.58,61.57,87.64, ,149.75,94.14,83.38,68.56,60.25,88.13, ,177.94,93.74,84.66,77.14,69.33,90.33, ,142.93,93.88,84.99,69.11,62.17,90.55
0.9,2,0.9,0.7,"Dunnett",195,96.98,53,85.69,46.34,54.81, ,150,94.84,51.62,70.47,37.67,54.71, ,178,93.48,51.4,78.61,42.74,55.23, ,143,94.35,47.64,70.32,36.44,50.23
0.9,2,0.9,0.7,"BOP2-OC",194.91,95.28,80.44,82.38,68.2,84.9, ,149.91,95.45,80.53,84.33,70.04,84.79, ,177.98,94.62,82.17,85.82,73.66,87.36, ,142.98,94.46,82.5,83.52,72.01,87.86
0.9,2,0.9,0.7,"Dunnett",195,98.43,35.91,95.1,34.34,36.67, ,150,97.12,35.86,89.38,32.42,37.29, ,178,96.31,36.34,91.01,33.71,38.15, ,143,96.57,32.59,88.55,29.84,33.7
0.9,2,0.9,0.7,"BOP2-OC",190.91,86.75,76.23,73.84,63.99,80.98, ,147.03,87.72,77.48,76.59,66.89,81.69, ,175.7,88.92,79.96,79.95,71.3,85.06, ,141.41,88.9,79.83,77.73,69.11,85.1
0.9,2,0.9,0.7,"Dunnett",195,98.43,35.91,95.1,34.34,36.67, ,150,97.12,35.86,89.38,32.42,37.29, ,178,96.31,36.34,91.01,33.71,38.15, ,143,96.57,32.59,88.55,29.84,33.7
0.8,2,0.9,0.7,"BOP2-OC",160.16,9.21,9.21,4.94,4.94,67.11, ,123.85,9.38,9.38,5.16,5.16,66.49, ,119.65,10.5,10.5,5.04,5.04,57.54, ,100.98,10.69,10.69,5.09,5.09,57.27
0.8,2,0.9,0.7,"Dunnett",197,10.09,10.09,5.05,5.05,100, ,152,10.03,10.03,5.02,5.02,100, ,174,10.05,10.05,5.03,5.03,100, ,142,10.08,10.08,5.08,5.08,100
0.8,2,0.9,0.7,"BOP2-OC",159.41,8.94,8.94,4.66,4.66,66.44, ,123.73,8.66,8.66,4.45,4.45,66.34, ,113.1,9.57,9.57,4.48,4.48,52.42, ,96.13,9.08,9.08,4.23,4.23,52.22
0.8,2,0.9,0.7,"Dunnett",197,10.09,10.09,5.05,5.05,100, ,152,10.03,10.03,5.02,5.02,100, ,174,10.05,10.05,5.03,5.03,100, ,142,10.08,10.08,5.08,5.08,100
0.8,2,0.9,0.7,"BOP2-OC",158.39,8.5,5.3,4.35,2.71,40.23, ,122.86,8.55,5.22,4.28,2.71,40.61, ,111.77,9.09,5.91,4.35,2.85,33.51, ,95.64,9.06,6,4.29,2.87,33.64
0.8,2,0.9,0.7,"Dunnett",197,10.09,5.4,5.05,2.84,54.85, ,152,10.03,5.26,5.02,2.61,55.67, ,174,10.05,5.11,5.03,2.57,47.56, ,142,10.08,5.27,5.08,2.57,55.97
0.8,2,0.9,0.7,"BOP2-OC",104.49,1, ,1, ,0, ,82.41,0.95, ,0.94, ,0, ,49.34,0.32, ,0.32, ,0, ,48.34,0.32, ,0.32, ,0
0.8,2,0.9,0.7,"Dunnett",197,6.8,0,6.74,0,0, ,152,7.62,0,7.41,0,0, ,174,7.32,0,7.21,0,0, ,142,7.12,0,6.86,0,0
0.8,2,0.9,0.7,"BOP2-OC",196.99,97.16,97.16,90.39,90.39,100, ,151.98,97.04,97.04,88.04,88.04,99.98, ,173.99,96.28,96.28,88.52,88.52,100, ,141.99,96.38,96.38,87.87,87.87,99.99
0.8,2,0.9,0.7,"Dunnett",197,96.34,96.34,90.13,90.13,100, ,152,96.16,96.16,86.8,86.8,100, ,174,93.75,93.75,85.65,85.65,100, ,142,93.38,93.38,80.5,80.5,100
0.8,2,0.9,0.7,"BOP2-OC",196.97,95.93,95.93,87.12,87.12,99.97, ,151.95,95.66,95.65,84.47,84.47,99.94, ,173.19,94.37,94.37,84.94,84.93,99.37, ,141.47,94.66,94.66,83.89,83.89,99.44
0.8,2,0.9,0.7,"Dunnett",197,96.34,96.34,90.13,90.13,100, ,152,96.16,96.16,86.8,86.8,100, ,174,93.75,93.75,85.65,85.65,100, ,142,93.38,93.38,80.5,80.5,100
0.8,2,0.9,0.7,"BOP2-OC",194.96,90,89.9,75.1,75.1,95.02, ,150.52,90.12,90.09,64.29,64.29,95.25, ,164.53,85.75,85.71,71.1,71.1,91.33, ,134.52,85.4,85.33,62.42,62.42,90.97
0.8,2,0.9,0.7,"Dunnett",197,91.06,91.05,74.41,74.41,100, ,152,89.11,89.1,58.94,58.94,99.99, ,174,87.58,87.58,66.3,66.3,100, ,142,87.84,87.84,57.63,57.63,99.98
0.8,2,0.9,0.7,"BOP2-OC",196.65,90.31,83.58,80.05,77.64,85.04, ,151.68,90.33,83.67,72.52,71.15,85.23, ,171.18,89.2,82.9,79.06,76.83,84.54, ,139.92,88.93,82.87,72.19,70.93,84.88
0.8,2,0.9,0.7,"Dunnett",197,95.55,94.3,85.12,84.32,98.37, ,152,95.03,93.62,75,74.35,98.22, ,174,92.24,91,79.25,78.42,98.32, ,142,92.17,90.64,67.6,66.98,97.69
0.8,2,0.9,0.7,"BOP2-OC",196.75,94.32,84.26,84.56,75.28,88.77, ,151.86,94.33,84.57,81.83,73.1,89.1, ,172.59,93.06,87.02,81.9,76.46,92.44, ,140.85,93.14,86.89,81.1,75.5,92.12
0.8,2,0.9,0.7,"Dunnett",197,96.34,52.56,90.13,48.88,54.67, ,152,96.16,52.07,86.8,46.7,54.44, ,174,93.75,48.44,85.65,44.84,51.07, ,142,93.38,50.7,80.5,43.33,54.74
0.8,2,0.9,0.7,"BOP2-OC",196.75,94.08,84.08,77,68.32,88.77, ,151.81,94.4,84.41,68.56,60.7,88.89, ,172.59,93.06,87.02,74.75,69.66,92.44, ,140.85,93.14,86.89,68.97,63.99,92.12
0.8,2,0.9,0.7,"Dunnett",197,96.34,52.56,83.61,45.12,54.67, ,152,96.16,52.07,75.14,40.3,54.44, ,174,93.75,48.44,79.47,41.87,51.07, ,142,93.38,50.7,67.57,36.13,54.74
0.8,2,0.9,0.7,"BOP2-OC",196.88,95.35,81.59,86.41,73.02,85.82, ,151.94,95.2,81.98,83.93,71.25,86.46, ,173.73,94.57,85,84.37,75.12,90.04, ,141.8,94.36,84.69,83.18,73.96,90
0.8,2,0.9,0.7,"Dunnett",197,98.18,35.99,94.53,34.38,36.95, ,152,97.91,36.13,91.99,33.36,37.12, ,174,96.36,33.27,91.11,31.49,34.51, ,142,96.1,35.92,87.3,31.82,37.9
0.8,2,0.9,0.7,"BOP2-OC",194.03,86.44,78.4,77.5,69.72,83.18, ,149.83,86.46,78.54,75.39,67.89,83.32, ,150.48,75.4,71.4,66.03,62.2,76.28, ,124.9,75.74,71.98,65.69,62.15,76.92
0.8,2,0.9,0.7,"Dunnett",197,98.18,35.99,94.53,34.38,36.95, ,152,97.91,36.13,91.99,33.36,37.12, ,174,96.36,33.27,91.11,31.49,34.51, ,142,96.1,35.92,87.3,31.82,37.9
0.85,2,0.9,0.7,"BOP2-OC",160.16,9.22,9.22,4.94,4.94,67.11, ,123.85,9.4,9.4,5.16,5.16,66.49, ,124.42,9.61,9.61,4.84,4.84,62.08, ,102.98,9.63,9.63,4.67,4.67,61.75
0.85,2,0.9,0.7,"Dunnett",197,10.09,10.09,5.05,5.05,100, ,152,10.03,10.03,5.02,5.02,100, ,176,10.06,10.06,5.05,5.05,100, ,142,10.08,10.08,5.08,5.08,100
0.85,2,0.9,0.7,"BOP2-OC",159.41,8.95,8.95,4.66,4.66,66.44, ,123.73,8.67,8.67,4.46,4.46,66.34, ,123.59,9.21,9.22,4.54,4.55,61.46, ,102.64,9.88,9.88,4.86,4.85,61.42
0.85,2,0.9,0.7,"Dunnett",197,10.09,10.09,5.05,5.05,100, ,152,10.03,10.03,5.02,5.02,100, ,176,10.06,10.06,5.05,5.05,100, ,142,10.08,10.08,5.08,5.08,100
0.85,2,0.9,0.7,"BOP2-OC",158.39,8.58,5.33,4.37,2.71,40.23, ,122.86,8.58,5.23,4.3,2.71,40.61, ,121.67,9.04,5.48,4.58,2.77,36.74, ,101.73,9.73,6.03,4.78,2.89,37.05
0.85,2,0.9,0.7,"Dunnett",197,10.09,5.4,5.05,2.84,54.85, ,152,10.03,5.26,5.02,2.61,55.67, ,176,10.06,5.27,5.05,2.56,55.69, ,142,10.08,5.27,5.08,2.57,55.97
0.85,2,0.9,0.7,"BOP2-OC",104.49,1.31, ,1.3, ,0, ,82.41,1.26, ,1.24, ,0, ,57.6,0.94, ,0.94, ,0, ,53.35,0.88, ,0.85, ,0
0.85,2,0.9,0.7,"Dunnett",197,6.8,0,6.74,0,0, ,152,7.62,0,7.41,0,0, ,176,7.19,0,7.03,0,0, ,142,7.12,0,6.86,0,0
0.85,2,0.9,0.7,"BOP2-OC",196.99,97.16,97.16,90.39,90.39,100, ,151.98,97.04,97.04,88.04,88.04,99.98, ,175.99,96.41,96.42,89.72,89.72,100, ,141.99,96.39,96.4,87.53,87.53,99.99
0.85,2,0.9,0.7,"Dunnett",197,96.34,96.34,90.13,90.13,100, ,152,96.16,96.16,86.8,86.8,100, ,176,93.58,93.58,81.58,81.58,100, ,142,93.38,93.38,80.5,80.5,100
0.85,2,0.9,0.7,"BOP2-OC",196.97,95.94,95.94,87.13,87.13,99.97, ,151.95,95.66,95.66,84.47,84.47,99.94, ,175.96,95.32,95.32,86.78,86.78,99.97, ,141.98,95.24,95.24,84.52,84.52,99.98
0.85,2,0.9,0.7,"Dunnett",197,96.34,96.34,90.13,90.13,100, ,152,96.16,96.16,86.8,86.8,100, ,176,93.58,93.58,81.58,81.58,100, ,142,93.38,93.38,80.5,80.5,100
0.85,2,0.9,0.7,"BOP2-OC",194.96,90,89.9,75.11,75.11,95.02, ,150.52,90.15,90.11,64.31,64.31,95.25, ,173.94,90.57,90.53,76.87,76.87,96.47, ,140.31,90.39,90.33,65.65,65.65,96.43
0.85,2,0.9,0.7,"Dunnett",197,91.06,91.05,74.41,74.41,100, ,152,89.11,89.1,58.94,58.94,99.99, ,176,88.39,88.39,67.58,67.58,99.98, ,142,87.84,87.84,57.63,57.63,99.98
0.85,2,0.9,0.7,"BOP2-OC",196.65,90.31,83.58,80.06,77.65,85.04, ,151.68,90.33,83.68,72.52,71.15,85.23, ,175.68,91.14,85.24,81.86,79.74,86.98, ,141.71,91.2,85.28,74.62,73.34,87.17
0.85,2,0.9,0.7,"Dunnett",197,95.55,94.3,85.12,84.32,98.37, ,152,95.03,93.62,75,74.35,98.22, ,176,92.52,91.05,77.21,76.38,97.87, ,142,92.17,90.64,67.6,66.98,97.69
0.85,2,0.9,0.7,"BOP2-OC",196.75,94.63,84.26,84.84,75.28,88.77, ,151.86,94.62,84.57,82.08,73.1,89.1, ,175.73,94.05,85.76,84.45,76.78,90.81, ,141.8,93.81,85.52,81.98,74.56,90.79
0.85,2,0.9,0.7,"Dunnett",197,96.34,52.56,90.13,48.88,54.67, ,152,96.16,52.07,86.8,46.7,54.44, ,176,93.58,51.14,81.58,44.1,54.91, ,142,93.38,50.7,80.5,43.33,54.74
0.85,2,0.9,0.7,"BOP2-OC",196.75,94.42,84.08,77.31,68.32,88.77, ,151.81,94.68,84.41,68.8,60.7,88.89, ,175.73,94.04,85.67,77.9,70.62,90.81, ,141.8,93.81,85.52,69.94,63.53,90.79
0.85,2,0.9,0.7,"Dunnett",197,96.34,52.56,83.61,45.12,54.67, ,152,96.16,52.07,75.14,40.3,54.44, ,176,93.58,51.14,73.89,39.87,54.91, ,142,93.38,50.7,67.57,36.13,54.74
0.85,2,0.9,0.7,"BOP2-OC",196.88,95.45,81.59,86.5,73.02,85.82, ,151.94,95.28,81.98,84,71.25,86.46, ,175.87,94.94,83.2,86.14,74.64,88, ,141.91,94.74,83.06,83.53,72.25,88.06
0.85,2,0.9,0.7,"Dunnett",197,98.18,35.99,94.53,34.38,36.95, ,152,97.91,36.13,91.99,33.36,37.12, ,176,96.31,36.29,88.64,32.52,38.22, ,142,96.1,35.92,87.3,31.82,37.9
0.85,2,0.9,0.7,"BOP2-OC",194.03,88.41,78.61,79.39,69.91,83.18, ,149.83,88.44,78.74,77.22,68.09,83.32, ,172.04,86.94,79.78,78.32,71.46,84.88, ,139.11,87.15,79.89,76.24,69.36,84.73
0.85,2,0.9,0.7,"Dunnett",197,98.18,35.99,94.53,34.38,36.95, ,152,97.91,36.13,91.99,33.36,37.12, ,176,96.31,36.29,88.64,32.52,38.22, ,142,96.1,35.92,87.3,31.82,37.9
